account_id,plan,industry,seats_purchased,days_since_onboarding,login_freq_30d,seat_utilization,feature_adoption_pct,api_calls_daily,support_tickets_30d,escalated_tickets_30d,nps_score,csat_score,days_to_renewal,monthly_revenue,churned_90d
ACC-00001,Growth,Healthcare,6,157,15,0.659,0.763,9,0,0,80,3.0,116,289.64,0
ACC-00002,Starter,E-commerce,4,286,4,0.316,0.342,7,0,0,11,4.0,109,76.08,1
ACC-00003,Enterprise,SaaS,38,524,21,0.887,0.774,303,1,0,28,3.6,61,4171.8,0
ACC-00004,Growth,Healthcare,23,66,12,0.616,0.708,217,1,0,66,4.4,219,1248.7,0
ACC-00005,Starter,SaaS,5,667,5,0.418,0.31,37,1,0,21,4.1,211,83.24,0
ACC-00006,Enterprise,Healthcare,83,149,22,0.895,0.759,295,2,0,28,5.0,202,7707.08,0
ACC-00007,Growth,E-commerce,14,580,5,0.531,0.701,98,2,0,79,3.2,340,765.07,0
ACC-00008,Growth,SaaS,16,461,13,0.321,0.43,91,0,0,50,3.4,245,560.56,1
ACC-00009,Starter,SaaS,4,623,8,0.489,0.31,66,0,0,61,4.1,340,70.92,0
ACC-00010,Growth,Healthcare,18,572,9,0.711,0.374,189,0,0,58,3.8,270,648.02,0
ACC-00011,Starter,SaaS,2,391,13,0.574,0.2,22,2,0,45,3.2,52,40.45,0
ACC-00012,Enterprise,Other,111,559,20,1.0,0.719,650,2,0,44,4.2,190,11126.57,0
ACC-00013,Growth,Healthcare,14,272,13,0.705,0.578,189,3,0,62,3.6,354,627.54,0
ACC-00014,Growth,E-commerce,29,438,12,0.697,0.775,151,1,0,23,4.2,262,1586.87,0
ACC-00015,Starter,SaaS,7,670,8,0.413,0.331,2,0,0,80,2.7,46,123.97,0
ACC-00016,Starter,Healthcare,6,89,13,0.531,0.519,14,0,0,30,3.7,76,124.03,0
ACC-00017,Growth,Other,23,279,23,0.621,0.462,152,1,0,65,4.0,32,1011.98,0
ACC-00018,Starter,SaaS,6,42,11,0.553,0.582,10,2,0,53,4.0,254,94.38,0
ACC-00019,Growth,FinTech,5,403,18,0.602,0.714,160,1,0,30,4.4,162,223.15,0
ACC-00020,Growth,SaaS,19,577,20,0.673,0.607,193,0,0,53,3.7,158,807.17,0
ACC-00021,Growth,FinTech,8,56,15,0.775,0.642,176,1,0,45,4.2,356,387.37,0
ACC-00022,Starter,Healthcare,6,414,13,0.586,0.54,16,0,0,3,3.9,343,149.21,0
ACC-00023,Enterprise,FinTech,130,320,25,0.831,0.745,616,1,0,40,4.4,39,8336.13,0
ACC-00024,Enterprise,E-commerce,108,577,23,0.696,0.78,716,1,1,15,2.8,312,11350.54,0
ACC-00025,Growth,FinTech,12,184,15,0.601,0.543,130,1,0,53,2.1,341,635.5,0
ACC-00026,Starter,SaaS,1,143,2,0.806,0.281,52,0,0,39,4.8,5,20.39,0
ACC-00027,Growth,SaaS,21,96,15,0.715,0.586,231,0,0,61,3.5,333,793.46,0
ACC-00028,Starter,Other,5,315,3,0.497,0.304,21,1,0,27,2.7,278,86.91,0
ACC-00029,Starter,E-commerce,4,371,2,0.437,0.389,62,1,0,13,3.8,106,59.11,0
ACC-00030,Growth,FinTech,22,673,15,0.72,0.275,402,1,0,18,3.5,221,712.63,0
ACC-00031,Growth,Healthcare,24,356,10,0.292,0.646,162,2,0,86,4.2,20,672.84,0
ACC-00032,Enterprise,SaaS,129,150,22,0.791,0.889,577,1,0,100,4.2,262,11209.03,0
ACC-00033,Starter,SaaS,7,519,8,0.658,0.311,47,2,1,86,3.6,129,130.79,0
ACC-00034,Starter,SaaS,2,73,9,0.299,0.32,66,0,0,8,4.6,97,36.64,0
ACC-00035,Growth,Other,16,271,11,0.856,0.431,75,2,1,12,3.1,290,536.02,0
ACC-00036,Starter,Healthcare,6,487,11,0.577,0.341,42,0,0,19,2.3,292,96.49,0
ACC-00037,Starter,E-commerce,4,207,8,0.423,0.536,56,3,0,59,4.0,132,72.73,0
ACC-00038,Growth,SaaS,14,446,16,0.566,0.519,63,0,0,88,3.7,55,454.86,0
ACC-00039,Starter,SaaS,5,347,4,0.456,0.458,48,2,0,62,2.6,271,94.24,0
ACC-00040,Growth,E-commerce,5,696,13,0.738,0.65,261,1,0,46,4.3,328,171.08,0
ACC-00041,Starter,FinTech,4,231,12,0.316,0.254,49,2,0,22,2.7,320,81.81,0
ACC-00042,Growth,Other,6,664,17,0.711,0.654,215,1,0,36,3.8,161,188.47,0
ACC-00043,Growth,Healthcare,18,468,11,0.512,0.552,268,0,0,44,4.4,191,960.88,0
ACC-00044,Starter,FinTech,7,554,6,0.516,0.455,0,3,0,61,4.1,43,150.59,0
ACC-00045,Growth,Healthcare,5,148,11,0.475,0.657,130,0,0,31,4.0,122,170.27,0
ACC-00046,Growth,Other,16,43,12,0.508,0.674,110,1,0,51,3.6,257,496.84,0
ACC-00047,Starter,FinTech,5,541,3,0.431,0.494,49,1,0,48,4.0,280,110.38,1
ACC-00048,Starter,E-commerce,7,366,8,0.218,0.513,10,1,0,44,4.3,144,150.7,0
ACC-00049,Growth,Other,12,246,16,0.767,0.311,227,4,0,33,3.4,336,621.81,0
ACC-00050,Starter,SaaS,6,657,5,0.558,0.085,55,1,0,45,3.1,96,146.48,0
ACC-00051,Starter,Other,1,258,8,0.49,0.242,73,1,0,40,4.5,257,14.5,0
ACC-00052,Starter,SaaS,7,333,7,0.745,0.442,45,4,1,25,5.0,245,110.68,0
ACC-00053,Growth,E-commerce,19,536,18,0.765,0.372,199,1,0,61,4.9,219,941.64,0
ACC-00054,Growth,Healthcare,24,703,12,0.527,0.545,188,2,0,77,2.1,125,1238.13,0
ACC-00055,Growth,E-commerce,22,659,12,0.78,0.515,189,0,0,46,4.8,260,802.53,0
ACC-00056,Growth,FinTech,24,486,11,0.77,0.787,242,3,1,41,3.5,83,1255.55,0
ACC-00057,Growth,E-commerce,22,107,10,0.558,0.662,98,1,1,59,5.0,303,759.57,0
ACC-00058,Growth,SaaS,14,106,16,0.624,0.483,234,2,1,46,3.2,222,475.32,0
ACC-00059,Starter,SaaS,2,515,8,0.517,0.336,0,1,0,67,3.1,152,48.34,0
ACC-00060,Starter,SaaS,2,386,8,0.162,0.47,24,1,1,44,3.9,131,39.75,0
ACC-00061,Growth,E-commerce,22,123,18,0.593,0.417,74,1,1,55,3.6,50,647.09,0
ACC-00062,Growth,FinTech,7,516,19,0.562,0.377,331,0,0,80,3.7,24,215.26,0
ACC-00063,Growth,SaaS,24,689,8,0.626,0.595,174,3,0,70,4.6,117,858.72,0
ACC-00064,Growth,Other,7,75,16,0.398,0.531,151,2,1,39,4.8,86,229.71,0
ACC-00065,Growth,FinTech,10,607,15,0.609,0.552,88,3,2,66,3.2,252,549.01,0
ACC-00066,Growth,FinTech,14,271,12,0.711,0.427,267,0,0,19,5.0,167,663.16,0
ACC-00067,Growth,FinTech,22,308,15,0.639,0.57,260,0,0,38,3.0,60,876.57,0
ACC-00068,Starter,SaaS,1,531,2,0.156,0.426,31,2,0,60,3.5,211,13.92,0
ACC-00069,Starter,Healthcare,7,202,13,0.523,0.646,43,1,0,76,5.0,233,133.8,0
ACC-00070,Starter,FinTech,7,139,10,0.451,0.261,25,1,0,25,4.2,180,124.54,0
ACC-00071,Starter,SaaS,3,704,5,0.315,0.312,96,0,0,41,3.4,240,63.06,0
ACC-00072,Starter,Other,7,273,6,0.533,0.265,69,1,0,42,4.1,335,165.19,0
ACC-00073,Enterprise,Healthcare,91,148,16,0.813,0.727,1189,1,1,40,4.4,220,8446.03,0
ACC-00074,Starter,Healthcare,7,512,7,0.38,0.486,20,2,0,15,4.1,127,163.11,0
ACC-00075,Starter,Other,2,181,6,0.233,0.296,0,0,0,53,4.8,230,47.3,0
ACC-00076,Starter,Other,2,572,3,0.178,0.598,32,2,1,14,3.3,317,41.63,1
ACC-00077,Starter,FinTech,6,79,11,0.38,0.265,102,2,1,67,3.4,235,137.17,0
ACC-00078,Growth,E-commerce,8,392,18,0.504,0.829,87,1,0,72,3.3,177,380.1,0
ACC-00079,Growth,E-commerce,10,312,14,0.726,0.362,226,1,0,28,3.3,46,547.49,0
ACC-00080,Growth,SaaS,11,699,13,0.56,0.462,61,1,0,14,3.9,250,570.87,0
ACC-00081,Growth,SaaS,16,394,16,0.486,0.568,186,3,0,41,3.2,287,454.68,0
ACC-00082,Starter,SaaS,4,677,8,0.549,0.05,38,1,0,31,4.1,199,71.93,0
ACC-00083,Growth,E-commerce,21,203,10,0.711,0.474,156,0,0,37,4.3,232,897.19,0
ACC-00084,Starter,Healthcare,1,361,6,0.602,0.218,67,3,0,44,3.0,44,13.19,0
ACC-00085,Starter,Healthcare,6,599,7,0.382,0.418,0,1,0,22,3.5,353,100.33,0
ACC-00086,Starter,FinTech,6,142,9,0.316,0.441,56,1,0,78,3.5,157,142.7,0
ACC-00087,Growth,SaaS,11,679,14,0.929,0.505,315,5,2,28,3.7,322,465.05,0
ACC-00088,Growth,FinTech,29,571,15,0.791,0.615,272,2,0,63,3.8,248,1555.14,0
ACC-00089,Starter,E-commerce,6,503,3,0.172,0.357,52,0,0,22,4.5,264,123.76,0
ACC-00090,Growth,Other,18,200,16,0.375,0.532,211,2,0,43,4.6,104,820.91,0
ACC-00091,Starter,Other,4,602,8,0.646,0.341,73,1,0,52,3.3,99,75.7,0
ACC-00092,Growth,Other,12,619,23,0.53,0.443,85,0,0,45,4.4,123,500.76,0
ACC-00093,Starter,Other,6,234,7,0.559,0.325,48,0,0,36,4.9,101,120.23,0
ACC-00094,Starter,Other,3,441,9,0.5,0.315,73,2,0,31,4.7,257,71.45,0
ACC-00095,Starter,FinTech,5,72,18,0.697,0.255,0,2,0,33,4.0,60,64.91,0
ACC-00096,Growth,SaaS,6,305,15,0.498,0.307,0,2,0,27,3.9,269,230.84,0
ACC-00097,Starter,SaaS,3,135,8,0.335,0.197,21,1,1,49,2.9,57,62.69,0
ACC-00098,Starter,FinTech,2,419,5,0.649,0.05,46,1,0,82,3.6,198,24.86,0
ACC-00099,Starter,SaaS,4,414,13,0.484,0.313,27,0,0,50,2.9,110,93.05,0
ACC-00100,Enterprise,SaaS,71,402,18,0.643,0.844,696,4,0,55,4.7,270,4396.87,0
ACC-00101,Enterprise,Other,81,504,23,0.889,0.639,367,1,0,66,3.7,108,7568.23,0
ACC-00102,Growth,SaaS,27,677,12,0.627,0.376,65,1,0,32,3.8,308,990.32,0
ACC-00103,Starter,Other,2,167,7,0.354,0.335,37,0,0,2,3.5,319,49.52,0
ACC-00104,Enterprise,Healthcare,95,180,17,0.802,0.726,798,0,0,42,2.9,188,6217.49,0
ACC-00105,Growth,E-commerce,21,180,19,0.708,0.432,160,0,0,61,4.4,13,802.42,0
ACC-00106,Growth,E-commerce,12,679,13,0.623,0.508,302,2,0,86,4.3,255,647.97,0
ACC-00107,Starter,FinTech,6,94,4,0.708,0.233,71,0,0,20,4.6,250,103.31,0
ACC-00108,Starter,E-commerce,2,51,12,0.436,0.359,46,0,0,66,2.7,9,35.91,0
ACC-00109,Starter,SaaS,2,142,6,0.434,0.392,0,1,1,48,4.8,207,39.27,0
ACC-00110,Enterprise,Other,128,568,23,0.964,0.693,449,1,0,33,3.8,15,9493.1,0
ACC-00111,Growth,FinTech,26,435,17,0.696,0.635,185,2,0,19,4.4,94,1387.34,0
ACC-00112,Starter,SaaS,1,673,10,0.502,0.398,59,2,0,29,2.1,221,18.31,0
ACC-00113,Starter,Healthcare,7,173,0,0.246,0.32,11,1,0,55,4.2,171,132.13,0
ACC-00114,Growth,E-commerce,12,305,16,0.613,0.402,15,1,0,69,3.8,233,425.8,0
ACC-00115,Starter,FinTech,5,418,8,0.322,0.472,79,3,0,-18,3.7,154,108.42,1
ACC-00116,Enterprise,E-commerce,149,81,21,0.916,0.601,391,0,0,53,3.8,110,13185.04,0
ACC-00117,Growth,SaaS,20,672,14,0.738,0.464,100,3,0,29,3.5,30,1010.41,0
ACC-00118,Growth,E-commerce,26,593,8,0.553,0.475,207,3,0,31,2.9,227,1350.18,0
ACC-00119,Starter,SaaS,1,130,9,0.244,0.232,37,1,1,51,3.0,200,12.76,0
ACC-00120,Growth,SaaS,27,620,9,0.723,0.525,216,1,0,84,3.9,41,991.74,0
ACC-00121,Growth,SaaS,27,344,13,0.403,0.52,322,4,0,26,4.8,46,1139.62,0
ACC-00122,Growth,FinTech,27,265,15,0.858,0.567,145,0,0,40,4.7,281,1428.19,0
ACC-00123,Starter,FinTech,7,692,12,0.092,0.446,50,2,0,7,4.1,302,127.28,0
ACC-00124,Starter,FinTech,3,393,5,0.22,0.439,62,0,0,52,3.6,132,51.28,0
ACC-00125,Starter,SaaS,2,189,13,0.44,0.353,70,2,0,27,5.0,357,43.08,0
ACC-00126,Growth,SaaS,8,596,17,0.702,0.645,270,2,1,77,4.4,210,388.4,0
ACC-00127,Starter,E-commerce,7,531,6,0.763,0.402,48,2,0,50,4.3,202,155.89,0
ACC-00128,Starter,SaaS,3,164,4,0.418,0.302,12,0,0,36,3.0,357,58.61,0
ACC-00129,Starter,E-commerce,6,504,3,0.454,0.292,37,2,0,36,4.1,226,72.47,0
ACC-00130,Growth,Other,12,470,15,0.484,0.59,140,0,0,50,3.0,190,424.39,0
ACC-00131,Starter,FinTech,7,222,5,0.575,0.304,16,0,0,57,5.0,49,101.31,0
ACC-00132,Enterprise,Other,98,331,26,0.767,0.575,634,2,1,16,3.3,194,6614.49,0
ACC-00133,Growth,SaaS,28,617,12,0.712,0.53,238,1,0,39,3.5,122,1296.71,0
ACC-00134,Starter,SaaS,4,152,5,0.476,0.331,43,1,0,42,3.4,42,67.76,0
ACC-00135,Growth,Healthcare,21,535,15,0.588,0.39,167,0,0,47,3.6,196,1052.28,0
ACC-00136,Starter,Healthcare,2,612,6,0.481,0.604,29,1,0,71,4.4,20,26.51,0
ACC-00137,Enterprise,Healthcare,112,685,22,0.809,0.668,772,1,0,11,3.9,339,12403.73,0
ACC-00138,Growth,SaaS,27,257,17,0.278,0.327,123,3,0,63,3.9,337,1375.95,0
ACC-00139,Growth,Healthcare,15,216,14,0.476,0.456,104,1,0,50,4.4,265,799.83,0
ACC-00140,Starter,FinTech,1,684,8,0.426,0.344,35,5,2,31,2.8,316,12.42,1
ACC-00141,Growth,FinTech,7,353,15,0.688,0.432,171,4,2,60,4.4,302,320.05,0
ACC-00142,Growth,SaaS,21,428,8,0.689,0.412,107,2,0,34,4.0,296,1039.89,0
ACC-00143,Enterprise,Other,29,389,23,0.945,0.701,863,1,0,2,3.4,50,2568.36,0
ACC-00144,Growth,SaaS,28,390,15,0.532,0.544,174,0,0,-34,4.0,362,1104.85,0
ACC-00145,Growth,Healthcare,20,467,17,0.502,0.69,0,1,0,15,4.0,89,1080.26,0
ACC-00146,Starter,E-commerce,1,326,10,0.28,0.452,42,2,0,30,2.1,39,20.22,0
ACC-00147,Starter,Healthcare,1,304,7,0.59,0.619,5,0,0,46,4.9,321,21.24,0
ACC-00148,Growth,Healthcare,13,310,18,0.747,0.511,160,0,0,55,4.7,280,405.13,0
ACC-00149,Starter,Other,1,489,7,0.558,0.405,74,2,0,36,3.0,220,24.43,0
ACC-00150,Starter,SaaS,6,602,9,0.329,0.68,55,0,0,11,3.4,45,85.42,0
ACC-00151,Growth,SaaS,28,418,13,0.555,0.449,51,3,0,34,4.8,119,995.18,0
ACC-00152,Enterprise,E-commerce,36,504,24,0.809,0.687,396,0,0,37,4.4,233,3583.98,0
ACC-00153,Starter,FinTech,5,319,7,0.494,0.202,48,0,0,80,4.2,258,77.7,0
ACC-00154,Growth,SaaS,27,571,20,0.628,0.524,255,1,0,54,4.2,263,1468.71,0
ACC-00155,Starter,SaaS,5,305,15,0.674,0.264,12,1,0,6,4.2,94,75.06,0
ACC-00156,Growth,FinTech,5,324,17,0.49,0.648,270,4,1,35,3.2,254,227.78,0
ACC-00157,Starter,SaaS,7,68,13,0.196,0.379,40,2,0,57,3.5,44,171.18,0
ACC-00158,Growth,SaaS,5,213,9,0.778,0.504,160,0,0,42,4.6,100,200.02,0
ACC-00159,Growth,Other,25,546,9,0.551,0.639,239,1,0,6,4.4,11,879.8,0
ACC-00160,Growth,FinTech,14,90,13,0.702,0.582,129,1,0,60,4.1,322,612.92,0
ACC-00161,Starter,Other,1,186,8,0.53,0.561,49,1,0,50,3.4,137,17.04,0
ACC-00162,Enterprise,Other,80,573,21,1.0,0.662,1254,1,0,39,4.6,208,7094.1,0
ACC-00163,Starter,SaaS,2,641,2,0.313,0.329,83,3,0,24,3.2,8,30.51,0
ACC-00164,Starter,Healthcare,1,320,12,0.416,0.296,82,0,0,64,4.9,333,16.38,0
ACC-00165,Growth,E-commerce,19,314,22,0.601,0.747,212,2,1,2,3.4,148,992.85,0
ACC-00166,Starter,E-commerce,5,386,12,0.185,0.672,39,1,0,8,3.3,165,86.52,0
ACC-00167,Growth,SaaS,27,569,18,0.776,0.447,194,2,1,26,3.9,133,1215.86,0
ACC-00168,Growth,SaaS,24,358,15,0.542,0.225,224,2,0,49,4.0,128,716.18,0
ACC-00169,Starter,SaaS,7,151,5,0.662,0.434,37,1,0,12,4.0,115,86.37,0
ACC-00170,Enterprise,E-commerce,23,331,22,0.861,0.684,705,1,0,30,3.0,328,2518.69,0
ACC-00171,Starter,Other,5,208,15,0.583,0.32,76,1,0,34,4.2,33,101.56,0
ACC-00172,Growth,E-commerce,14,508,13,0.791,0.406,166,1,0,50,4.6,298,720.45,0
ACC-00173,Starter,Healthcare,4,129,6,0.686,0.573,43,2,0,36,3.8,96,72.5,0
ACC-00174,Enterprise,Other,54,456,26,0.806,0.798,962,1,0,36,2.8,35,4709.04,0
ACC-00175,Starter,E-commerce,1,120,12,0.309,0.405,56,3,1,26,3.8,319,14.64,0
ACC-00176,Starter,SaaS,2,710,5,0.538,0.534,57,3,0,66,3.1,162,44.55,0
ACC-00177,Starter,Other,6,478,7,0.406,0.412,78,3,2,57,2.5,330,86.56,0
ACC-00178,Enterprise,FinTech,88,127,20,0.696,0.768,875,0,0,56,3.5,32,6089.14,0
ACC-00179,Enterprise,SaaS,116,701,22,0.653,0.686,575,1,0,25,5.0,31,12435.75,0
ACC-00180,Growth,E-commerce,15,431,18,0.493,0.443,333,1,0,31,3.8,318,781.26,0
ACC-00181,Enterprise,Other,140,454,19,0.593,0.892,551,2,1,52,3.7,96,14186.81,0
ACC-00182,Enterprise,SaaS,106,74,26,0.839,0.83,695,1,0,29,4.4,177,11951.33,0
ACC-00183,Growth,FinTech,20,161,14,0.56,0.52,305,0,0,22,4.3,64,883.1,0
ACC-00184,Starter,SaaS,1,595,16,0.355,0.303,25,1,0,48,2.9,99,21.32,0
ACC-00185,Growth,SaaS,28,357,15,0.589,0.354,183,0,0,13,5.0,212,1077.91,0
ACC-00186,Growth,SaaS,25,461,14,0.78,0.475,223,1,0,37,4.0,30,969.55,0
ACC-00187,Starter,Healthcare,1,721,10,0.54,0.402,54,5,0,62,4.5,282,13.73,0
ACC-00188,Starter,Other,5,329,7,0.213,0.398,17,5,0,45,3.5,110,64.63,0
ACC-00189,Growth,SaaS,10,296,8,0.521,0.253,172,1,0,19,2.5,332,457.96,0
ACC-00190,Starter,SaaS,7,591,7,0.255,0.377,41,3,1,52,3.8,136,103.87,0
ACC-00191,Enterprise,SaaS,126,76,21,0.818,0.8,522,1,0,29,3.1,264,8947.82,0
ACC-00192,Starter,SaaS,3,348,2,0.308,0.316,0,2,1,61,4.7,354,46.08,0
ACC-00193,Starter,E-commerce,4,628,8,0.59,0.15,55,3,2,53,2.9,240,87.63,0
ACC-00194,Growth,E-commerce,12,189,7,0.661,0.377,232,0,0,34,3.9,361,555.24,0
ACC-00195,Starter,E-commerce,1,242,7,0.444,0.232,35,0,0,26,4.3,262,24.18,0
ACC-00196,Starter,FinTech,4,360,9,0.473,0.362,34,0,0,23,4.2,171,97.46,0
ACC-00197,Growth,E-commerce,17,82,14,0.463,0.47,268,0,0,99,3.5,359,758.58,0
ACC-00198,Enterprise,SaaS,92,79,21,0.975,0.887,435,2,0,-8,2.7,333,9857.61,0
ACC-00199,Starter,SaaS,3,206,8,0.538,0.62,0,2,0,3,2.8,340,47.9,0
ACC-00200,Starter,Other,1,658,5,0.675,0.322,60,0,0,66,3.4,292,23.64,1
ACC-00201,Growth,Healthcare,5,185,14,0.409,0.505,122,0,0,62,2.9,40,246.45,0
ACC-00202,Enterprise,Other,60,541,22,0.969,0.748,403,2,1,50,3.8,282,5959.17,0
ACC-00203,Growth,Other,7,328,11,0.466,0.524,157,0,0,-2,3.4,87,305.51,0
ACC-00204,Starter,E-commerce,2,562,9,0.613,0.212,59,0,0,54,3.0,101,49.43,0
ACC-00205,Starter,Other,4,261,9,0.457,0.371,57,0,0,20,2.9,285,49.67,0
ACC-00206,Starter,FinTech,6,642,7,0.414,0.219,20,3,1,40,2.8,272,91.59,0
ACC-00207,Starter,SaaS,2,289,16,0.35,0.662,45,0,0,51,3.9,31,36.26,0
ACC-00208,Growth,SaaS,19,584,14,0.614,0.447,266,0,0,53,3.4,361,821.55,0
ACC-00209,Starter,SaaS,6,611,7,0.342,0.449,32,3,0,28,3.9,252,128.59,0
ACC-00210,Growth,SaaS,27,332,13,0.358,0.69,54,4,1,70,3.8,307,1118.27,0
ACC-00211,Growth,FinTech,5,496,11,0.52,0.181,85,0,0,60,3.8,330,189.82,0
ACC-00212,Growth,Healthcare,29,113,16,0.61,0.59,164,1,0,21,4.4,200,1140.47,0
ACC-00213,Starter,Healthcare,2,377,6,0.553,0.513,33,1,0,31,2.9,124,46.24,0
ACC-00214,Growth,E-commerce,24,291,12,0.574,0.453,164,1,0,25,4.4,5,1208.17,0
ACC-00215,Growth,SaaS,8,698,12,0.785,0.57,274,0,0,41,4.2,264,276.0,0
ACC-00216,Growth,Healthcare,6,683,11,0.921,0.615,326,1,0,56,3.8,140,275.0,0
ACC-00217,Starter,FinTech,1,578,2,0.364,0.58,0,0,0,1,3.3,156,21.79,0
ACC-00218,Starter,SaaS,3,694,6,0.348,0.3,60,0,0,-2,3.9,240,55.91,0
ACC-00219,Enterprise,SaaS,138,713,25,0.633,0.651,840,2,0,24,4.2,154,8708.5,0
ACC-00220,Starter,FinTech,5,567,9,0.25,0.218,0,1,0,72,2.9,54,93.57,0
ACC-00221,Starter,SaaS,5,445,13,0.783,0.227,36,1,0,47,4.3,318,93.52,0
ACC-00222,Growth,Healthcare,24,173,17,0.705,0.642,161,1,0,77,5.0,151,1288.29,0
ACC-00223,Growth,Healthcare,6,600,16,0.93,0.851,179,2,1,39,3.9,264,294.06,0
ACC-00224,Enterprise,E-commerce,67,166,29,0.734,0.879,486,2,0,23,4.8,260,4864.79,0
ACC-00225,Starter,SaaS,4,159,8,0.573,0.38,52,0,0,5,4.2,94,85.32,0
ACC-00226,Enterprise,Healthcare,84,645,22,0.663,0.55,468,2,2,24,4.1,325,8104.37,0
ACC-00227,Starter,E-commerce,2,110,8,0.318,0.262,25,1,0,28,3.4,360,30.32,0
ACC-00228,Growth,SaaS,15,129,19,0.731,0.359,69,0,0,-11,3.7,257,754.36,0
ACC-00229,Growth,E-commerce,11,387,14,0.708,0.324,121,2,0,23,3.2,311,451.07,0
ACC-00230,Starter,FinTech,3,438,6,0.226,0.54,20,3,1,23,4.6,224,36.18,0
ACC-00231,Starter,FinTech,1,61,10,0.381,0.452,45,4,1,42,3.4,115,23.42,1
ACC-00232,Starter,SaaS,6,294,5,0.761,0.308,55,2,1,41,5.0,86,74.08,0
ACC-00233,Enterprise,E-commerce,39,187,24,0.897,0.678,219,3,1,49,4.2,344,4242.4,0
ACC-00234,Growth,SaaS,12,241,15,0.522,0.527,307,2,0,6,4.2,246,388.69,0
ACC-00235,Enterprise,SaaS,38,156,21,0.761,0.615,199,0,0,17,3.0,179,2597.98,0
ACC-00236,Growth,SaaS,22,504,16,0.422,0.606,209,0,0,62,4.4,306,1086.21,0
ACC-00237,Growth,Other,9,361,9,0.69,0.315,248,1,0,36,3.7,207,437.07,0
ACC-00238,Growth,SaaS,23,701,15,0.268,0.41,341,1,0,61,3.5,162,1194.1,0
ACC-00239,Starter,FinTech,4,35,6,0.529,0.334,51,0,0,39,3.4,26,58.38,0
ACC-00240,Starter,FinTech,1,574,18,0.514,0.248,27,1,0,46,3.0,325,13.67,0
ACC-00241,Growth,Other,18,666,15,0.625,0.599,94,1,0,54,3.9,30,703.53,0
ACC-00242,Growth,E-commerce,12,370,12,0.567,0.469,207,3,1,30,3.8,126,431.23,0
ACC-00243,Starter,Other,4,519,3,0.502,0.374,28,3,0,27,3.0,221,90.37,0
ACC-00244,Growth,SaaS,23,338,19,0.34,0.412,191,1,0,27,4.3,232,951.24,0
ACC-00245,Growth,SaaS,16,446,13,0.717,0.816,185,2,1,40,5.0,238,693.04,0
ACC-00246,Enterprise,E-commerce,133,665,19,0.798,0.587,797,0,0,55,2.9,307,9041.57,0
ACC-00247,Growth,FinTech,21,401,15,0.407,0.652,30,0,0,33,3.8,189,723.61,0
ACC-00248,Starter,Healthcare,3,434,10,0.376,0.328,19,1,0,67,5.0,324,48.18,0
ACC-00249,Starter,Other,7,720,10,0.392,0.233,69,2,0,80,3.4,214,129.69,0
ACC-00250,Starter,FinTech,1,377,8,0.459,0.096,64,1,0,23,4.2,173,19.84,0
ACC-00251,Growth,Other,13,151,15,0.636,0.526,269,2,0,68,4.2,143,407.7,0
ACC-00252,Enterprise,E-commerce,144,507,23,0.869,0.596,488,1,0,42,4.4,170,15460.74,0
ACC-00253,Growth,SaaS,9,515,15,0.521,0.553,139,0,0,50,5.0,175,481.57,0
ACC-00254,Starter,FinTech,2,196,9,0.654,0.44,2,0,0,39,2.6,345,41.86,1
ACC-00255,Starter,SaaS,7,540,12,0.511,0.343,61,1,0,69,4.0,64,116.25,0
ACC-00256,Growth,Healthcare,27,74,14,0.765,0.428,17,1,0,50,3.5,172,1049.19,0
ACC-00257,Growth,SaaS,28,254,11,0.731,0.324,165,1,0,34,3.9,49,813.71,0
ACC-00258,Starter,FinTech,4,628,7,0.286,0.423,23,3,0,33,3.9,6,87.25,0
ACC-00259,Starter,E-commerce,1,462,11,0.531,0.45,2,1,1,16,3.7,168,14.05,0
ACC-00260,Growth,SaaS,25,455,8,0.685,0.607,234,1,0,29,3.1,179,700.65,0
ACC-00261,Starter,SaaS,1,464,2,0.629,0.495,1,3,0,69,3.2,110,14.49,0
ACC-00262,Growth,E-commerce,17,145,17,0.555,0.371,107,2,0,66,5.0,222,807.58,0
ACC-00263,Starter,SaaS,3,702,13,0.252,0.301,24,2,1,28,2.9,10,63.31,0
ACC-00264,Starter,FinTech,5,238,4,0.399,0.687,28,0,0,18,4.8,272,94.28,0
ACC-00265,Enterprise,FinTech,23,580,22,0.818,0.771,460,0,0,63,3.2,154,1652.93,0
ACC-00266,Starter,SaaS,6,722,7,0.513,0.257,41,1,0,51,4.0,33,143.86,0
ACC-00267,Starter,SaaS,3,198,7,0.364,0.374,65,1,0,-1,5.0,339,36.19,0
ACC-00268,Starter,Healthcare,2,474,9,0.262,0.416,49,3,0,100,4.5,212,42.99,0
ACC-00269,Starter,Other,2,59,3,0.377,0.328,0,1,0,42,2.9,174,42.79,0
ACC-00270,Starter,SaaS,3,475,4,0.367,0.291,53,0,0,79,3.7,224,70.95,0
ACC-00271,Starter,Other,6,338,7,0.62,0.614,45,2,0,46,3.9,203,139.17,0
ACC-00272,Starter,E-commerce,2,80,7,0.632,0.285,24,1,0,19,4.6,249,27.91,0
ACC-00273,Starter,E-commerce,2,500,4,0.323,0.228,91,0,0,46,3.9,266,48.6,0
ACC-00274,Growth,Healthcare,17,708,17,0.376,0.71,282,2,1,10,3.8,103,892.06,0
ACC-00275,Growth,Healthcare,24,88,13,0.947,0.572,270,1,0,39,5.0,237,917.3,0
ACC-00276,Starter,Healthcare,2,654,7,0.303,0.481,64,1,1,18,5.0,280,28.07,0
ACC-00277,Starter,FinTech,7,620,9,0.467,0.374,29,1,0,38,4.4,54,118.5,0
ACC-00278,Growth,E-commerce,19,413,14,0.616,0.575,277,1,0,47,3.5,289,817.15,0
ACC-00279,Enterprise,FinTech,142,660,25,0.583,0.56,1134,0,0,49,2.0,130,16055.08,0
ACC-00280,Enterprise,SaaS,38,246,19,0.544,0.688,225,0,0,10,3.0,54,3639.07,0
ACC-00281,Starter,E-commerce,5,534,3,0.5,0.379,9,0,0,28,2.8,260,88.34,0
ACC-00282,Starter,SaaS,2,518,7,0.575,0.428,40,0,0,-1,3.9,282,44.86,0
ACC-00283,Starter,SaaS,6,436,8,0.717,0.479,54,2,1,56,4.6,204,118.5,0
ACC-00284,Starter,SaaS,2,613,4,0.38,0.339,40,2,0,46,5.0,226,47.34,0
ACC-00285,Growth,SaaS,6,643,9,0.646,0.457,215,2,1,16,4.8,168,188.28,0
ACC-00286,Starter,E-commerce,1,580,9,0.449,0.242,40,0,0,73,3.4,162,14.44,0
ACC-00287,Starter,E-commerce,4,441,5,0.524,0.466,32,0,0,52,4.1,122,76.51,0
ACC-00288,Starter,FinTech,5,713,3,0.495,0.431,78,2,0,40,4.2,285,90.34,0
ACC-00289,Growth,SaaS,23,418,17,0.596,0.454,232,1,0,32,2.8,181,981.4,0
ACC-00290,Starter,FinTech,5,475,6,0.311,0.414,27,2,0,28,3.3,50,65.78,0
ACC-00291,Growth,FinTech,7,162,18,0.488,0.331,131,0,0,25,3.6,91,379.53,0
ACC-00292,Starter,Healthcare,5,254,8,0.369,0.359,35,0,0,68,5.0,133,71.31,0
ACC-00293,Enterprise,E-commerce,80,663,23,0.979,0.575,734,2,1,48,4.2,273,6674.97,0
ACC-00294,Starter,FinTech,6,378,7,0.736,0.371,24,2,1,19,3.0,326,97.39,0
ACC-00295,Growth,FinTech,13,387,5,0.469,0.805,217,2,2,71,3.6,64,462.69,0
ACC-00296,Enterprise,Other,78,601,18,0.713,0.726,619,1,0,40,4.2,56,8408.44,0
ACC-00297,Enterprise,Healthcare,27,258,22,0.759,0.923,431,1,0,22,3.7,192,2857.47,0
ACC-00298,Growth,FinTech,12,215,15,0.443,0.58,170,1,0,85,3.7,339,563.48,0
ACC-00299,Growth,FinTech,29,36,8,0.891,0.516,69,1,0,18,4.4,108,1395.42,0
ACC-00300,Growth,SaaS,22,191,14,0.395,0.387,92,0,0,24,4.9,231,636.6,0
ACC-00301,Growth,Other,22,388,10,0.608,0.684,301,1,0,42,4.8,265,1133.4,0
ACC-00302,Starter,FinTech,6,537,9,0.679,0.205,42,1,0,49,3.7,7,78.16,1
ACC-00303,Growth,SaaS,26,260,14,0.658,0.293,244,1,0,25,3.8,136,1277.28,0
ACC-00304,Growth,Other,10,341,17,0.53,0.579,93,1,0,-7,3.7,60,373.75,0
ACC-00305,Enterprise,Healthcare,109,185,26,0.874,0.895,483,0,0,43,4.6,360,7010.12,0
ACC-00306,Growth,SaaS,18,601,16,0.618,0.508,144,2,0,19,3.6,23,801.56,0
ACC-00307,Starter,SaaS,7,397,11,0.468,0.291,86,1,0,34,2.6,52,169.26,0
ACC-00308,Growth,SaaS,6,130,13,0.56,0.809,152,1,0,24,4.2,282,195.22,0
ACC-00309,Starter,E-commerce,6,456,18,0.356,0.064,46,2,0,18,4.3,62,78.6,0
ACC-00310,Starter,SaaS,3,264,4,0.701,0.336,22,2,0,36,3.6,96,40.93,0
ACC-00311,Growth,Other,10,635,12,0.585,0.506,199,1,0,28,5.0,204,373.08,0
ACC-00312,Starter,Other,1,217,11,0.764,0.05,14,1,0,24,3.5,210,22.71,0
ACC-00313,Starter,E-commerce,4,635,11,0.269,0.44,68,0,0,63,4.9,364,76.06,0
ACC-00314,Starter,E-commerce,4,518,10,0.317,0.454,2,0,0,20,3.0,311,91.2,0
ACC-00315,Starter,SaaS,4,124,10,0.594,0.248,18,1,0,36,4.1,306,85.02,1
ACC-00316,Starter,SaaS,1,561,1,0.429,0.212,0,1,0,41,3.3,329,22.59,0
ACC-00317,Starter,Healthcare,2,534,14,0.526,0.247,50,0,0,5,3.8,205,30.91,0
ACC-00318,Growth,SaaS,8,349,13,0.686,0.237,192,2,0,17,4.4,307,280.08,0
ACC-00319,Starter,SaaS,3,142,12,0.459,0.311,57,2,0,41,3.5,259,39.02,1
ACC-00320,Enterprise,FinTech,72,364,15,0.761,0.577,313,0,0,40,3.4,185,6205.1,0
ACC-00321,Enterprise,SaaS,26,456,23,0.849,0.93,658,0,0,25,3.7,342,2357.48,0
ACC-00322,Growth,FinTech,15,122,12,0.643,0.622,126,1,0,41,5.0,56,719.83,0
ACC-00323,Starter,Healthcare,1,268,10,0.722,0.362,45,1,1,48,4.0,143,21.05,0
ACC-00324,Growth,Healthcare,29,521,15,0.615,0.726,262,1,0,55,4.0,130,1149.61,0
ACC-00325,Growth,E-commerce,27,417,15,0.667,0.648,126,5,1,57,4.2,200,1338.02,0
ACC-00326,Growth,Healthcare,21,724,10,0.619,0.698,143,2,0,69,2.7,125,993.65,0
ACC-00327,Growth,FinTech,22,181,14,0.741,0.309,170,0,0,44,4.5,157,1014.61,0
ACC-00328,Growth,Healthcare,28,574,13,0.665,0.595,115,3,0,11,4.4,361,808.41,0
ACC-00329,Growth,E-commerce,16,327,16,0.692,0.781,213,0,0,35,2.7,275,761.29,0
ACC-00330,Starter,SaaS,7,186,11,0.189,0.443,51,0,0,14,5.0,295,140.15,0
ACC-00331,Growth,Other,20,695,15,0.736,0.673,0,2,0,61,3.9,131,600.48,0
ACC-00332,Starter,SaaS,5,466,4,0.515,0.551,28,2,0,72,3.1,121,120.28,0
ACC-00333,Growth,SaaS,24,404,14,0.526,0.564,190,4,1,42,4.1,190,971.87,0
ACC-00334,Enterprise,SaaS,99,236,30,0.934,0.624,440,2,0,68,3.3,153,6422.93,0
ACC-00335,Starter,FinTech,6,647,14,0.454,0.257,40,2,1,66,2.8,239,127.78,0
ACC-00336,Growth,FinTech,14,51,4,0.588,0.45,37,1,0,49,3.7,102,694.18,0
ACC-00337,Starter,E-commerce,7,110,8,0.596,0.317,39,4,0,54,3.7,55,131.42,0
ACC-00338,Growth,Other,20,155,17,0.462,0.553,174,1,0,63,2.8,150,907.36,0
ACC-00339,Starter,SaaS,1,487,7,0.652,0.55,50,0,0,11,3.4,300,20.02,0
ACC-00340,Enterprise,E-commerce,59,101,20,0.786,0.801,784,1,0,47,3.2,33,5390.97,0
ACC-00341,Starter,FinTech,5,588,7,0.467,0.311,39,3,0,54,3.6,35,94.82,0
ACC-00342,Enterprise,Healthcare,42,167,24,0.809,0.57,680,0,0,10,4.4,305,4254.3,0
ACC-00343,Growth,SaaS,11,503,10,0.67,0.275,186,1,1,84,4.0,142,522.38,0
ACC-00344,Growth,SaaS,9,586,18,0.771,0.661,161,2,0,66,3.9,196,311.21,0
ACC-00345,Growth,E-commerce,24,645,14,0.835,0.724,145,1,0,66,2.6,280,773.16,0
ACC-00346,Growth,E-commerce,28,234,11,0.625,0.607,141,1,0,51,3.9,222,1503.21,0
ACC-00347,Enterprise,Healthcare,54,82,26,0.73,0.707,380,1,0,21,3.1,354,6448.12,0
ACC-00348,Starter,E-commerce,3,559,3,0.658,0.3,64,1,0,14,2.7,75,38.91,0
ACC-00349,Growth,Healthcare,13,344,12,0.469,0.715,297,1,0,40,4.5,302,673.39,0
ACC-00350,Starter,FinTech,3,694,6,0.471,0.296,36,0,0,57,3.0,167,68.72,0
ACC-00351,Growth,SaaS,6,161,22,0.808,0.628,224,0,0,54,4.0,50,221.65,0
ACC-00352,Starter,SaaS,7,431,6,0.45,0.352,66,0,0,80,3.6,171,165.85,0
ACC-00353,Growth,SaaS,11,113,6,0.716,0.649,87,0,0,35,3.2,185,542.1,0
ACC-00354,Growth,FinTech,11,369,12,0.324,0.446,283,1,1,34,4.8,39,526.56,0
ACC-00355,Growth,FinTech,19,30,16,0.475,0.715,266,0,0,42,3.5,179,671.87,0
ACC-00356,Growth,FinTech,29,555,17,0.663,0.534,54,3,1,17,3.5,15,1289.08,0
ACC-00357,Growth,E-commerce,10,453,22,0.525,0.554,174,0,0,75,3.4,244,295.54,0
ACC-00358,Growth,FinTech,27,97,19,0.576,0.564,196,1,0,36,4.0,227,925.26,0
ACC-00359,Growth,E-commerce,17,379,15,0.706,0.676,14,0,0,48,3.8,49,848.17,0
ACC-00360,Growth,E-commerce,29,329,11,0.596,0.777,10,0,0,60,3.4,210,1554.04,0
ACC-00361,Enterprise,FinTech,79,501,28,0.705,0.601,875,0,0,25,3.3,100,5374.02,0
ACC-00362,Starter,FinTech,1,379,7,0.411,0.389,35,0,0,48,3.9,237,12.45,0
ACC-00363,Starter,E-commerce,7,351,6,0.557,0.367,92,0,0,42,3.4,90,131.03,0
ACC-00364,Starter,E-commerce,4,611,7,0.55,0.491,31,0,0,63,5.0,327,63.96,0
ACC-00365,Growth,FinTech,19,393,10,0.72,0.576,170,1,0,42,3.5,189,816.86,0
ACC-00366,Starter,FinTech,6,599,6,0.704,0.254,42,1,0,-21,4.1,364,126.69,0
ACC-00367,Growth,E-commerce,18,649,13,0.806,0.8,269,2,0,21,3.8,33,874.94,0
ACC-00368,Growth,E-commerce,26,623,17,0.641,0.474,194,1,0,9,3.7,307,1227.33,0
ACC-00369,Starter,SaaS,5,698,7,0.758,0.192,70,1,0,84,4.5,25,82.95,0
ACC-00370,Enterprise,FinTech,117,518,18,0.796,0.622,492,2,1,73,4.3,13,10589.91,0
ACC-00371,Growth,Other,22,423,8,0.684,0.715,129,2,1,-5,4.3,65,1095.69,0
ACC-00372,Starter,SaaS,6,401,9,0.444,0.401,34,1,0,20,4.3,115,106.67,0
ACC-00373,Starter,Other,1,173,8,0.481,0.169,27,2,1,12,2.8,328,17.03,0
ACC-00374,Starter,SaaS,6,609,6,0.585,0.369,42,1,0,47,4.2,284,134.12,0
ACC-00375,Starter,E-commerce,1,515,6,0.575,0.391,40,0,0,21,3.7,32,14.42,0
ACC-00376,Starter,FinTech,2,641,9,0.588,0.317,69,2,0,36,3.5,329,49.66,0
ACC-00377,Enterprise,SaaS,69,521,27,0.894,0.646,1038,0,0,12,5.0,90,4283.01,0
ACC-00378,Starter,Other,5,366,5,0.615,0.336,76,2,0,51,2.9,333,88.6,0
ACC-00379,Starter,FinTech,6,236,8,0.598,0.603,36,0,0,5,3.8,77,119.31,0
ACC-00380,Growth,Other,14,719,17,0.503,0.471,183,1,0,97,3.8,246,470.47,0
ACC-00381,Growth,SaaS,6,543,11,0.397,0.588,79,1,0,75,3.8,230,268.7,0
ACC-00382,Enterprise,Other,80,642,22,0.908,0.739,652,4,2,97,3.2,309,6430.67,0
ACC-00383,Growth,Other,7,439,14,0.595,0.768,162,4,0,55,4.1,228,241.84,0
ACC-00384,Growth,E-commerce,15,387,9,0.732,0.499,270,0,0,76,3.1,62,646.26,0
ACC-00385,Starter,SaaS,7,54,9,0.342,0.341,46,1,0,62,4.1,363,95.74,0
ACC-00386,Enterprise,E-commerce,87,78,22,0.624,0.742,418,0,0,20,4.0,146,5606.56,0
ACC-00387,Growth,E-commerce,28,524,16,0.653,0.602,120,3,0,34,3.7,344,1285.14,0
ACC-00388,Enterprise,Other,53,187,18,0.703,0.564,701,1,0,51,3.8,35,4135.44,0
ACC-00389,Starter,FinTech,6,87,8,0.726,0.371,13,0,0,67,5.0,331,137.7,0
ACC-00390,Enterprise,SaaS,83,573,27,0.801,0.61,922,0,0,42,4.3,109,5049.74,0
ACC-00391,Growth,SaaS,12,464,21,0.707,0.553,215,2,0,54,4.0,352,647.66,0
ACC-00392,Starter,E-commerce,3,107,12,0.728,0.473,66,1,0,35,4.2,284,65.69,0
ACC-00393,Growth,Other,12,379,10,0.698,0.606,102,1,0,33,3.9,355,615.02,0
ACC-00394,Growth,SaaS,12,358,16,0.518,0.433,198,0,0,10,4.3,72,631.66,0
ACC-00395,Starter,Healthcare,5,32,6,0.59,0.281,54,1,0,52,3.5,270,71.15,0
ACC-00396,Growth,Other,25,453,15,0.427,0.54,197,0,0,31,5.0,272,1027.08,0
ACC-00397,Growth,SaaS,10,307,11,0.482,0.504,174,4,0,14,4.0,329,301.66,0
ACC-00398,Starter,SaaS,4,644,2,0.801,0.437,57,2,0,29,5.0,281,63.1,0
ACC-00399,Growth,E-commerce,10,111,13,0.657,0.649,110,2,0,48,5.0,37,362.8,0
ACC-00400,Starter,E-commerce,7,622,11,0.608,0.279,15,5,2,57,3.5,321,110.01,0
ACC-00401,Starter,SaaS,1,34,9,0.559,0.222,24,2,1,38,4.1,102,22.89,0
ACC-00402,Enterprise,Healthcare,41,564,23,0.849,0.582,573,1,0,66,4.2,353,2606.21,0
ACC-00403,Growth,E-commerce,6,577,15,0.754,0.611,0,1,0,75,4.6,282,225.21,0
ACC-00404,Starter,Other,4,315,9,0.743,0.471,73,1,0,36,4.0,273,59.01,0
ACC-00405,Enterprise,Other,116,226,24,0.562,0.634,793,1,0,63,4.7,236,11993.75,0
ACC-00406,Enterprise,Healthcare,78,129,21,0.961,0.682,705,3,0,27,2.7,248,7958.05,0
ACC-00407,Starter,E-commerce,4,267,8,0.72,0.479,46,2,0,13,3.5,208,80.57,0
ACC-00408,Growth,SaaS,21,498,20,0.658,0.484,120,1,0,21,3.8,287,906.68,0
ACC-00409,Starter,E-commerce,3,537,8,0.323,0.315,15,0,0,23,3.4,336,60.19,0
ACC-00410,Enterprise,SaaS,23,156,22,0.799,0.644,891,1,1,32,2.7,73,2039.93,0
ACC-00411,Growth,E-commerce,24,37,14,0.821,0.511,238,1,1,86,4.5,304,1066.54,0
ACC-00412,Growth,SaaS,17,422,13,0.831,0.512,135,0,0,30,3.1,270,650.75,0
ACC-00413,Starter,E-commerce,3,436,6,0.366,0.145,24,1,1,34,3.4,215,38.92,0
ACC-00414,Enterprise,SaaS,101,716,23,1.0,0.741,553,1,0,45,4.4,332,8272.94,0
ACC-00415,Starter,SaaS,1,562,6,0.315,0.469,70,1,0,13,4.8,342,18.41,0
ACC-00416,Starter,SaaS,3,415,7,0.49,0.346,0,0,0,45,3.5,168,67.28,0
ACC-00417,Starter,E-commerce,7,444,5,0.383,0.445,78,1,0,56,3.2,29,163.95,0
ACC-00418,Growth,Healthcare,14,481,14,0.958,0.548,298,0,0,75,3.3,12,725.7,0
ACC-00419,Starter,SaaS,2,346,10,0.435,0.356,5,2,0,71,4.7,226,29.74,0
ACC-00420,Enterprise,Other,116,504,21,0.812,0.847,619,1,0,50,4.7,126,7076.34,0
ACC-00421,Growth,Other,5,166,7,0.673,0.649,62,1,0,37,4.1,85,187.64,0
ACC-00422,Starter,FinTech,1,611,10,0.597,0.378,22,2,0,38,4.1,39,12.19,1
ACC-00423,Starter,E-commerce,4,633,8,0.532,0.187,45,0,0,51,3.0,100,55.93,0
ACC-00424,Starter,FinTech,6,334,5,0.319,0.397,28,1,0,41,4.2,230,147.52,1
ACC-00425,Growth,SaaS,23,349,17,0.242,0.383,119,0,0,40,4.5,291,1237.74,0
ACC-00426,Growth,E-commerce,15,378,9,0.799,0.702,128,3,0,21,4.0,305,494.09,0
ACC-00427,Starter,SaaS,5,602,12,0.588,0.194,29,3,0,57,4.0,242,80.18,0
ACC-00428,Growth,Other,10,153,14,0.359,0.278,145,2,0,49,3.2,37,339.56,0
ACC-00429,Starter,Other,7,269,0,0.431,0.192,45,1,1,25,4.7,257,148.94,0
ACC-00430,Growth,Healthcare,11,460,15,0.679,0.573,168,1,0,75,2.9,158,367.65,0
ACC-00431,Enterprise,E-commerce,123,515,21,0.833,0.613,397,0,0,47,3.9,51,10768.33,0
ACC-00432,Growth,E-commerce,6,237,12,0.776,0.345,210,0,0,11,4.2,247,314.02,0
ACC-00433,Growth,Other,5,112,11,0.491,0.554,236,0,0,63,4.7,349,218.65,0
ACC-00434,Growth,SaaS,18,385,14,0.498,0.657,165,0,0,27,4.6,331,830.29,0
ACC-00435,Starter,SaaS,3,476,6,0.336,0.384,0,2,0,33,4.7,286,64.58,0
ACC-00436,Starter,E-commerce,5,566,2,0.241,0.092,37,1,1,38,3.7,84,77.12,0
ACC-00437,Starter,FinTech,3,32,12,0.39,0.435,34,4,1,61,5.0,183,36.93,0
ACC-00438,Growth,FinTech,24,42,13,0.638,0.689,222,2,0,41,4.7,195,891.77,0
ACC-00439,Growth,SaaS,16,300,11,0.75,0.661,38,0,0,56,3.7,153,767.64,0
ACC-00440,Growth,E-commerce,15,424,10,0.745,0.666,200,1,0,7,3.7,11,785.86,0
ACC-00441,Enterprise,SaaS,37,32,25,0.696,0.757,784,2,0,18,4.4,210,3669.44,0
ACC-00442,Starter,SaaS,4,151,3,0.359,0.32,28,2,0,43,3.6,145,79.76,0
ACC-00443,Growth,SaaS,19,323,14,0.235,0.585,216,1,1,26,3.0,129,663.65,0
ACC-00444,Starter,FinTech,2,225,6,0.253,0.526,70,2,0,38,4.0,129,40.54,0
ACC-00445,Starter,Other,2,527,6,0.528,0.437,0,0,0,58,2.3,272,26.04,0
ACC-00446,Growth,FinTech,6,54,10,0.807,0.351,337,2,0,24,4.2,68,276.61,0
ACC-00447,Enterprise,E-commerce,20,651,20,0.627,0.738,589,2,0,26,4.3,202,1852.31,0
ACC-00448,Growth,Healthcare,14,148,14,0.374,0.545,278,1,0,44,3.7,56,678.61,0
ACC-00449,Starter,FinTech,4,338,9,0.451,0.243,65,0,0,-5,4.7,341,88.8,0
ACC-00450,Growth,Healthcare,26,720,11,0.49,0.635,196,1,1,64,4.5,137,807.75,0
ACC-00451,Starter,E-commerce,5,493,8,0.443,0.451,81,0,0,45,3.2,333,101.39,0
ACC-00452,Enterprise,E-commerce,127,728,25,0.771,0.767,599,0,0,44,3.9,27,9255.97,0
ACC-00453,Growth,SaaS,27,43,8,0.728,0.457,282,0,0,30,3.5,266,938.4,0
ACC-00454,Starter,SaaS,4,533,8,0.275,0.215,0,2,0,57,3.7,331,52.01,0
ACC-00455,Starter,Other,2,82,5,0.378,0.42,44,0,0,38,4.7,60,41.24,0
ACC-00456,Starter,Healthcare,3,458,4,0.238,0.398,0,4,0,69,4.3,348,69.17,1
ACC-00457,Enterprise,Other,122,258,23,0.688,0.895,529,2,0,4,3.4,344,11587.78,0
ACC-00458,Growth,Other,20,573,12,0.721,0.527,271,3,0,43,4.1,315,1077.57,0
ACC-00459,Growth,SaaS,14,117,10,0.366,0.761,141,1,0,43,3.4,264,508.67,0
ACC-00460,Growth,Healthcare,8,657,19,0.819,0.573,223,0,0,49,3.6,6,403.82,0
ACC-00461,Growth,FinTech,24,366,17,0.272,0.413,190,0,0,73,5.0,46,824.71,0
ACC-00462,Starter,Healthcare,7,393,1,0.4,0.098,51,1,0,12,5.0,129,122.48,0
ACC-00463,Enterprise,SaaS,103,429,17,0.777,0.685,619,0,0,11,5.0,286,9287.3,0
ACC-00464,Starter,SaaS,4,54,10,0.339,0.264,22,0,0,34,4.1,162,86.91,0
ACC-00465,Growth,Healthcare,8,247,13,0.691,0.764,4,0,0,0,4.0,21,436.97,0
ACC-00466,Growth,Healthcare,13,526,19,0.615,0.396,200,0,0,93,4.6,123,488.2,0
ACC-00467,Growth,E-commerce,20,702,16,0.683,0.361,185,2,0,63,4.0,306,757.97,0
ACC-00468,Enterprise,FinTech,138,719,23,0.875,0.708,930,1,0,53,2.9,293,8486.56,0
ACC-00469,Starter,FinTech,4,404,4,0.583,0.352,24,0,0,59,5.0,301,82.18,0
ACC-00470,Growth,Other,25,210,16,0.926,0.772,55,2,1,70,3.1,248,714.01,0
ACC-00471,Starter,FinTech,1,364,4,0.087,0.241,53,1,0,28,4.7,70,16.38,0
ACC-00472,Growth,FinTech,14,354,19,0.174,0.383,109,2,0,34,4.4,75,483.79,0
ACC-00473,Starter,E-commerce,5,308,9,0.218,0.289,10,3,1,50,5.0,361,90.8,0
ACC-00474,Starter,FinTech,3,282,5,0.429,0.487,20,3,0,31,4.5,36,73.51,0
ACC-00475,Starter,E-commerce,6,637,11,0.464,0.449,58,2,1,22,3.5,286,85.94,0
ACC-00476,Starter,FinTech,5,303,16,0.427,0.456,54,0,0,30,4.7,220,120.8,0
ACC-00477,Starter,Healthcare,1,50,7,0.555,0.39,73,0,0,50,3.6,20,19.49,0
ACC-00478,Growth,Other,7,534,16,0.427,0.349,158,0,0,62,3.2,308,276.81,0
ACC-00479,Growth,Other,5,495,12,0.683,0.68,175,0,0,14,2.6,330,155.7,0
ACC-00480,Starter,E-commerce,4,294,8,0.359,0.427,32,1,1,38,3.8,233,96.43,0
ACC-00481,Starter,FinTech,7,470,3,0.475,0.095,79,0,0,41,2.7,361,115.8,0
ACC-00482,Starter,Healthcare,5,688,8,0.248,0.499,16,1,0,11,4.9,93,101.14,0
ACC-00483,Growth,Healthcare,24,677,14,0.753,0.424,251,1,1,52,2.8,348,1048.74,0
ACC-00484,Starter,E-commerce,2,582,14,0.682,0.34,51,3,1,40,3.6,205,39.16,0
ACC-00485,Starter,E-commerce,3,438,2,0.254,0.341,53,5,0,21,3.7,244,50.62,1
ACC-00486,Starter,Healthcare,1,49,7,0.429,0.345,64,2,1,31,4.0,196,22.71,0
ACC-00487,Growth,E-commerce,21,388,19,0.704,0.526,148,4,0,54,3.3,325,1025.64,0
ACC-00488,Starter,Healthcare,6,602,7,0.781,0.368,13,2,1,64,4.7,288,112.8,0
ACC-00489,Growth,SaaS,10,621,13,0.38,0.614,194,1,0,49,4.0,296,507.04,0
ACC-00490,Growth,FinTech,24,571,11,0.594,0.585,131,1,1,84,3.9,158,1069.76,0
ACC-00491,Growth,E-commerce,22,720,11,0.471,0.548,145,1,0,67,3.4,341,857.82,0
ACC-00492,Growth,SaaS,19,391,8,0.699,0.593,229,0,0,54,4.3,264,1005.3,0
ACC-00493,Growth,Other,5,106,12,0.722,0.578,314,1,0,27,4.9,130,259.82,0
ACC-00494,Starter,E-commerce,7,377,5,0.347,0.386,33,0,0,67,5.0,98,122.93,0
ACC-00495,Growth,SaaS,26,253,14,0.518,0.494,171,0,0,25,3.2,292,1248.4,0
ACC-00496,Growth,Healthcare,21,614,11,0.704,0.794,178,0,0,58,3.8,13,1114.8,0
ACC-00497,Starter,Healthcare,3,573,6,0.608,0.206,32,3,0,-12,2.6,326,62.0,0
ACC-00498,Growth,Healthcare,12,327,12,0.82,0.728,211,2,1,31,4.4,282,639.64,0
ACC-00499,Starter,FinTech,2,301,8,0.516,0.193,30,0,0,11,2.9,210,29.06,0
ACC-00500,Growth,Other,25,141,12,0.76,0.655,201,4,0,36,4.1,360,1333.23,0
ACC-00501,Growth,FinTech,16,60,10,0.653,0.782,65,1,0,8,4.8,101,742.5,0
ACC-00502,Enterprise,E-commerce,51,249,22,0.731,0.723,905,3,1,43,3.6,360,4008.83,0
ACC-00503,Enterprise,SaaS,21,198,26,0.773,0.679,801,0,0,52,3.2,53,2450.58,0
ACC-00504,Growth,E-commerce,11,215,14,0.553,0.494,211,0,0,28,4.8,275,525.01,0
ACC-00505,Growth,Healthcare,9,728,12,0.525,0.547,121,1,0,35,4.4,77,312.59,0
ACC-00506,Growth,E-commerce,27,506,14,0.522,0.592,227,1,0,47,3.1,245,780.81,0
ACC-00507,Starter,FinTech,3,415,1,0.603,0.346,48,1,0,41,4.0,131,40.61,0
ACC-00508,Growth,Healthcare,26,155,14,0.685,0.495,88,0,0,72,3.3,139,801.74,0
ACC-00509,Growth,E-commerce,28,618,13,0.422,0.804,156,3,0,27,4.6,98,912.82,0
ACC-00510,Starter,SaaS,7,481,5,0.508,0.427,64,0,0,54,4.0,337,107.18,0
ACC-00511,Starter,Other,5,390,5,0.534,0.506,22,0,0,48,5.0,207,79.8,0
ACC-00512,Growth,Healthcare,27,356,13,0.71,0.658,193,1,0,7,3.2,178,1082.81,0
ACC-00513,Starter,Other,7,416,11,0.341,0.05,52,0,0,44,4.1,102,104.56,0
ACC-00514,Starter,Other,5,617,12,0.275,0.298,84,2,1,40,3.9,266,109.52,0
ACC-00515,Starter,Other,6,534,5,0.485,0.538,33,3,0,31,4.1,93,128.94,0
ACC-00516,Starter,Healthcare,1,369,6,0.345,0.311,62,0,0,81,3.5,209,12.88,0
ACC-00517,Starter,E-commerce,7,497,6,0.406,0.12,47,4,1,70,2.3,136,166.45,0
ACC-00518,Growth,SaaS,13,680,17,0.691,0.303,199,0,0,25,4.4,327,457.04,0
ACC-00519,Starter,E-commerce,5,258,9,0.42,0.413,73,2,0,56,3.9,115,114.51,0
ACC-00520,Growth,Healthcare,19,660,14,0.501,0.577,132,1,1,58,3.3,253,912.37,0
ACC-00521,Enterprise,E-commerce,72,454,24,0.479,0.766,966,1,0,45,3.5,70,8521.97,0
ACC-00522,Starter,Other,7,159,6,0.552,0.248,40,2,0,18,3.1,115,138.82,0
ACC-00523,Starter,SaaS,4,706,13,0.503,0.413,2,1,0,21,2.6,191,62.04,0
ACC-00524,Growth,FinTech,28,510,14,0.597,0.651,28,1,0,54,4.6,334,1226.12,0
ACC-00525,Starter,E-commerce,5,300,5,0.174,0.21,60,0,0,53,4.3,151,112.9,0
ACC-00526,Starter,FinTech,1,180,7,0.411,0.349,40,1,1,36,3.0,68,20.71,0
ACC-00527,Enterprise,SaaS,48,671,26,0.812,0.736,657,0,0,71,5.0,326,3332.99,0
ACC-00528,Enterprise,SaaS,130,606,21,0.825,0.638,725,4,0,75,3.1,81,9321.47,0
ACC-00529,Growth,Healthcare,16,61,17,0.699,0.833,169,2,0,75,4.4,84,756.37,0
ACC-00530,Starter,FinTech,4,475,6,0.529,0.335,41,1,0,75,3.9,134,62.98,0
ACC-00531,Growth,SaaS,12,110,11,0.568,0.645,149,0,0,42,3.0,299,635.09,0
ACC-00532,Growth,SaaS,5,235,16,0.548,0.49,186,1,0,13,4.1,137,201.52,0
ACC-00533,Starter,FinTech,2,427,5,0.389,0.329,39,0,0,35,3.8,349,46.08,0
ACC-00534,Growth,SaaS,23,204,17,0.542,0.755,228,4,1,39,3.5,301,759.62,0
ACC-00535,Starter,Healthcare,2,388,9,0.505,0.527,48,1,0,28,4.8,304,32.27,0
ACC-00536,Starter,Healthcare,6,330,5,0.443,0.291,20,0,0,34,4.3,162,131.52,0
ACC-00537,Growth,SaaS,11,437,14,0.571,0.528,178,2,0,17,4.4,304,407.0,0
ACC-00538,Starter,E-commerce,1,590,6,0.567,0.513,119,2,0,58,3.7,319,13.17,0
ACC-00539,Starter,SaaS,2,138,9,0.451,0.38,88,1,0,78,4.1,148,41.09,0
ACC-00540,Growth,FinTech,22,587,21,0.827,0.378,175,1,1,94,3.9,124,810.33,0
ACC-00541,Enterprise,Other,52,185,21,0.832,0.646,433,1,1,47,4.2,43,5849.37,0
ACC-00542,Growth,E-commerce,6,53,16,0.775,0.719,296,1,0,38,3.2,144,326.43,0
ACC-00543,Growth,Other,11,342,14,0.514,0.459,245,1,0,41,2.2,176,589.58,0
ACC-00544,Enterprise,SaaS,118,241,22,0.689,0.671,677,1,0,72,4.8,279,8814.02,0
ACC-00545,Starter,FinTech,5,159,7,0.612,0.227,33,0,0,72,3.9,204,74.85,0
ACC-00546,Starter,FinTech,5,325,5,0.562,0.309,71,2,1,37,4.3,93,70.59,0
ACC-00547,Starter,FinTech,6,638,9,0.613,0.311,71,1,0,68,3.4,112,73.45,0
ACC-00548,Starter,Other,1,439,7,0.548,0.186,79,0,0,46,3.7,49,22.41,0
ACC-00549,Growth,SaaS,12,539,11,0.702,0.574,160,0,0,26,5.0,83,629.37,0
ACC-00550,Starter,Other,1,134,12,0.37,0.323,94,2,0,39,4.2,54,23.16,0
ACC-00551,Growth,Other,26,83,14,0.572,0.758,73,0,0,79,5.0,282,1001.11,0
ACC-00552,Starter,E-commerce,6,264,7,0.295,0.321,91,0,0,58,4.5,88,143.0,0
ACC-00553,Starter,FinTech,5,572,13,0.526,0.301,28,2,0,31,3.4,23,70.15,0
ACC-00554,Enterprise,E-commerce,131,649,16,0.65,0.779,691,0,0,63,4.2,221,8731.25,0
ACC-00555,Starter,SaaS,5,101,12,0.465,0.355,90,2,0,58,5.0,204,116.26,0
ACC-00556,Starter,Healthcare,5,363,5,0.394,0.355,56,2,0,35,4.1,19,87.16,1
ACC-00557,Starter,FinTech,2,307,9,0.5,0.439,52,0,0,26,4.4,253,49.55,0
ACC-00558,Growth,Other,10,550,12,0.471,0.687,118,1,1,18,4.9,243,329.73,0
ACC-00559,Growth,E-commerce,18,173,11,0.689,0.817,176,0,0,6,2.3,351,859.8,0
ACC-00560,Growth,E-commerce,22,369,19,0.733,0.583,31,5,0,28,4.4,280,988.41,0
ACC-00561,Starter,Healthcare,3,624,14,0.689,0.232,43,2,1,38,4.8,292,46.0,0
ACC-00562,Starter,E-commerce,6,355,7,0.283,0.221,36,2,1,70,3.4,274,74.22,0
ACC-00563,Growth,Other,10,576,15,0.669,0.491,117,1,0,60,4.6,238,363.91,0
ACC-00564,Growth,SaaS,12,465,14,0.423,0.504,78,1,0,46,3.9,232,535.19,0
ACC-00565,Growth,Other,15,448,20,0.73,0.504,117,0,0,1,2.7,229,428.6,0
ACC-00566,Growth,Healthcare,17,211,7,0.767,0.668,131,2,0,48,4.5,163,743.78,0
ACC-00567,Growth,Other,27,724,15,0.597,0.539,241,2,0,6,3.9,39,943.14,0
ACC-00568,Starter,FinTech,1,204,5,0.361,0.246,43,1,0,61,3.8,358,18.97,0
ACC-00569,Starter,Healthcare,7,681,0,0.402,0.461,64,0,0,62,4.4,356,156.47,0
ACC-00570,Growth,FinTech,14,722,13,0.734,0.502,182,1,1,43,3.2,37,603.47,0
ACC-00571,Starter,Healthcare,2,387,14,0.428,0.277,33,1,0,60,4.4,286,26.36,0
ACC-00572,Growth,SaaS,29,638,12,0.871,0.553,117,1,0,64,3.3,277,1018.66,0
ACC-00573,Growth,FinTech,16,530,17,0.593,0.534,214,2,1,44,5.0,94,473.37,0
ACC-00574,Growth,FinTech,22,546,18,0.467,0.554,307,0,0,39,4.7,142,842.73,0
ACC-00575,Enterprise,FinTech,29,77,22,0.774,0.603,594,2,0,13,5.0,281,3361.75,0
ACC-00576,Growth,FinTech,26,126,14,0.602,0.59,98,2,1,34,4.2,302,1169.28,0
ACC-00577,Enterprise,Healthcare,144,78,16,0.922,0.899,714,1,0,20,3.6,148,9731.39,0
ACC-00578,Growth,SaaS,18,51,11,0.662,0.519,246,2,0,20,3.4,231,541.73,0
ACC-00579,Enterprise,Healthcare,43,615,25,0.722,0.795,668,0,0,26,3.4,169,3760.44,0
ACC-00580,Starter,SaaS,7,152,8,0.441,0.285,62,2,0,-1,3.8,55,158.93,0
ACC-00581,Growth,Healthcare,14,34,15,0.769,0.665,139,1,0,64,3.4,63,402.71,0
ACC-00582,Growth,Healthcare,22,686,14,0.547,0.676,229,1,0,47,4.1,307,665.65,0
ACC-00583,Starter,FinTech,7,225,16,0.464,0.38,38,1,0,68,3.3,11,138.39,0
ACC-00584,Starter,Healthcare,7,601,6,0.245,0.432,56,1,0,60,3.5,32,122.68,0
ACC-00585,Enterprise,Other,124,702,28,0.678,0.742,276,1,1,53,3.6,111,8589.62,0
ACC-00586,Growth,Healthcare,9,396,14,0.467,0.695,177,4,0,59,3.4,296,365.84,0
ACC-00587,Starter,FinTech,7,678,14,0.331,0.358,65,0,0,45,3.7,258,170.28,0
ACC-00588,Starter,FinTech,7,708,4,0.578,0.511,18,0,0,71,4.3,209,137.5,0
ACC-00589,Starter,Healthcare,5,131,9,0.613,0.458,41,1,0,31,3.3,229,107.34,0
ACC-00590,Starter,SaaS,1,132,7,0.401,0.346,51,0,0,42,3.1,59,20.54,0
ACC-00591,Enterprise,Healthcare,89,288,22,0.566,0.803,600,0,0,36,3.8,62,9850.89,0
ACC-00592,Starter,FinTech,6,421,12,0.464,0.674,0,0,0,86,3.1,219,103.76,0
ACC-00593,Starter,Healthcare,3,580,9,0.652,0.292,62,1,0,28,4.8,133,43.74,0
ACC-00594,Growth,SaaS,11,158,18,0.723,0.409,231,0,0,70,3.4,204,545.93,0
ACC-00595,Starter,SaaS,7,165,6,0.316,0.433,51,4,0,12,3.9,236,162.55,0
ACC-00596,Starter,Other,5,244,5,0.595,0.24,56,2,1,44,4.2,118,78.04,0
ACC-00597,Growth,Other,6,219,14,0.73,0.646,0,2,0,38,3.0,311,187.61,0
ACC-00598,Growth,Other,14,688,14,0.648,0.362,114,1,0,20,3.3,297,594.82,1
ACC-00599,Enterprise,Other,86,307,21,0.747,0.781,25,1,0,27,3.5,43,6511.36,0
ACC-00600,Growth,FinTech,11,637,11,0.745,0.507,118,0,0,53,4.4,50,564.82,0
ACC-00601,Growth,SaaS,29,69,18,0.796,0.45,73,0,0,35,5.0,80,1320.05,0
ACC-00602,Growth,SaaS,9,101,13,0.785,0.42,218,1,0,21,5.0,55,412.76,0
ACC-00603,Enterprise,E-commerce,132,592,27,0.819,0.734,685,0,0,62,4.8,202,11243.05,0
ACC-00604,Growth,SaaS,25,204,14,0.91,0.452,122,2,1,42,3.0,92,977.62,0
ACC-00605,Enterprise,Other,33,87,24,0.969,0.688,491,0,0,49,3.3,238,3250.33,0
ACC-00606,Growth,SaaS,13,446,16,0.668,0.602,237,5,0,66,4.9,316,600.58,0
ACC-00607,Enterprise,SaaS,129,133,19,0.813,0.902,818,0,0,76,5.0,55,11583.54,0
ACC-00608,Starter,SaaS,2,72,9,0.563,0.26,34,0,0,-8,4.5,64,30.62,0
ACC-00609,Growth,SaaS,7,314,21,0.622,0.571,324,1,0,40,4.5,69,326.03,0
ACC-00610,Starter,SaaS,6,415,9,0.564,0.22,44,1,0,5,3.6,295,120.41,0
ACC-00611,Growth,E-commerce,23,399,17,0.626,0.611,131,3,1,100,5.0,356,1208.3,0
ACC-00612,Growth,FinTech,22,439,16,0.356,0.635,337,0,0,45,3.4,283,953.84,0
ACC-00613,Enterprise,E-commerce,90,46,23,0.593,0.787,778,0,0,63,2.8,251,7068.82,0
ACC-00614,Enterprise,Other,129,233,23,0.801,0.734,231,1,0,28,4.5,224,9302.77,0
ACC-00615,Starter,E-commerce,4,270,10,0.738,0.459,58,2,0,34,3.5,77,99.06,0
ACC-00616,Growth,E-commerce,13,235,17,0.643,0.382,191,0,0,66,3.0,174,713.01,0
ACC-00617,Growth,FinTech,12,421,9,0.68,0.614,266,0,0,53,4.5,332,553.06,0
ACC-00618,Starter,SaaS,3,190,9,0.644,0.329,40,1,0,79,2.6,133,61.48,0
ACC-00619,Starter,FinTech,1,472,7,0.497,0.566,51,2,0,24,4.2,15,13.49,0
ACC-00620,Starter,Other,5,684,7,0.218,0.16,0,1,0,37,3.6,82,60.36,0
ACC-00621,Growth,E-commerce,24,492,19,0.646,0.498,107,1,0,53,5.0,186,707.98,0
ACC-00622,Growth,SaaS,8,302,11,0.65,0.55,359,2,1,57,4.2,255,289.45,0
ACC-00623,Enterprise,FinTech,107,334,17,0.841,0.895,544,2,0,51,4.7,160,12590.52,0
ACC-00624,Growth,Healthcare,19,439,17,0.695,0.524,151,1,0,13,3.1,171,1023.55,0
ACC-00625,Enterprise,E-commerce,33,536,17,0.88,0.645,419,2,0,21,2.7,255,2011.04,0
ACC-00626,Starter,E-commerce,7,241,1,0.355,0.263,43,2,1,50,3.6,103,100.23,0
ACC-00627,Growth,Other,20,56,17,0.679,0.729,151,0,0,8,4.3,291,971.21,0
ACC-00628,Starter,E-commerce,2,521,9,0.567,0.201,71,0,0,23,3.9,121,40.42,0
ACC-00629,Growth,E-commerce,25,493,16,0.587,0.564,271,2,0,43,4.7,44,1370.77,0
ACC-00630,Growth,SaaS,18,101,12,0.303,0.741,67,1,0,25,4.3,55,786.29,0
ACC-00631,Enterprise,SaaS,48,468,17,0.906,0.639,696,1,1,47,3.2,135,3389.53,0
ACC-00632,Growth,Other,12,80,10,0.521,0.605,186,0,0,40,4.2,21,554.25,0
ACC-00633,Starter,E-commerce,1,480,7,0.366,0.409,0,0,0,25,4.0,73,12.94,0
ACC-00634,Starter,FinTech,4,550,4,0.353,0.377,40,3,0,25,4.8,162,69.03,0
ACC-00635,Starter,E-commerce,3,40,9,0.464,0.456,53,1,0,70,3.3,343,62.23,1
ACC-00636,Starter,SaaS,5,538,6,0.461,0.381,33,2,0,50,3.4,356,76.53,0
ACC-00637,Growth,Healthcare,14,114,15,0.703,0.335,125,0,0,47,4.2,280,420.13,0
ACC-00638,Growth,SaaS,29,215,15,0.717,0.601,85,3,1,43,4.9,344,1450.39,0
ACC-00639,Growth,Healthcare,22,523,15,0.59,0.541,280,2,0,22,3.8,226,975.31,0
ACC-00640,Enterprise,E-commerce,32,278,24,0.798,0.557,931,2,1,30,4.3,53,3655.11,0
ACC-00641,Growth,SaaS,22,713,13,0.571,0.649,151,1,0,-11,3.9,242,958.52,0
ACC-00642,Growth,SaaS,21,700,15,0.769,0.609,253,2,0,28,3.9,203,1147.85,0
ACC-00643,Starter,Healthcare,2,720,9,0.278,0.433,6,2,1,28,4.7,311,48.38,0
ACC-00644,Starter,SaaS,3,103,0,0.37,0.461,21,1,0,54,4.0,130,74.23,0
ACC-00645,Growth,SaaS,28,153,16,0.425,0.682,233,0,0,29,3.6,300,1291.6,0
ACC-00646,Enterprise,Healthcare,37,158,23,0.828,0.548,797,1,0,59,3.5,238,3254.63,0
ACC-00647,Starter,FinTech,2,439,10,0.759,0.184,50,2,0,36,3.7,270,30.28,0
ACC-00648,Growth,FinTech,11,331,9,0.443,0.582,131,0,0,45,3.4,14,599.08,0
ACC-00649,Growth,SaaS,19,552,13,0.4,0.389,204,1,0,41,3.7,352,780.64,0
ACC-00650,Starter,Other,5,227,4,0.587,0.445,24,1,1,57,3.9,200,87.14,0
ACC-00651,Starter,SaaS,3,169,11,0.643,0.281,43,0,0,69,4.1,238,38.08,0
ACC-00652,Enterprise,SaaS,88,484,17,0.523,0.821,448,0,0,20,3.2,171,6501.02,0
ACC-00653,Growth,FinTech,28,462,11,0.613,0.46,260,1,0,81,3.6,53,1161.48,0
ACC-00654,Starter,SaaS,6,513,10,0.413,0.326,0,0,0,23,3.6,207,128.52,0
ACC-00655,Enterprise,FinTech,144,248,20,0.818,0.771,792,2,0,38,3.4,253,9530.5,0
ACC-00656,Starter,SaaS,5,398,5,0.386,0.468,33,2,0,30,3.5,59,124.87,1
ACC-00657,Enterprise,SaaS,86,679,25,0.786,0.815,470,1,0,75,4.5,137,10263.22,0
ACC-00658,Starter,FinTech,3,457,11,0.543,0.335,16,1,1,19,4.9,227,66.6,0
ACC-00659,Growth,Other,19,682,17,0.674,0.318,224,2,0,58,3.7,108,567.04,0
ACC-00660,Starter,SaaS,2,333,11,0.25,0.283,57,1,0,-7,3.4,111,26.92,1
ACC-00661,Starter,SaaS,4,61,7,0.312,0.354,4,2,0,60,3.8,45,56.15,1
ACC-00662,Enterprise,Other,101,562,21,0.606,0.838,390,3,1,38,4.0,188,7248.18,0
ACC-00663,Starter,Other,1,352,6,0.331,0.476,19,3,1,34,4.4,48,13.75,0
ACC-00664,Starter,E-commerce,7,59,9,0.446,0.349,0,1,0,27,3.6,317,109.82,0
ACC-00665,Starter,SaaS,2,127,6,0.57,0.417,70,1,0,41,3.5,67,26.4,0
ACC-00666,Growth,FinTech,7,249,12,0.622,0.676,213,0,0,34,5.0,38,366.29,0
ACC-00667,Growth,SaaS,15,163,16,0.604,0.833,183,1,0,9,3.0,338,462.98,0
ACC-00668,Enterprise,SaaS,99,509,26,0.814,0.663,559,2,1,25,4.5,148,11311.77,0
ACC-00669,Starter,FinTech,6,457,9,0.394,0.314,33,2,0,60,4.9,76,86.98,0
ACC-00670,Starter,E-commerce,6,260,14,0.578,0.439,19,2,0,33,3.7,202,143.78,0
ACC-00671,Starter,FinTech,7,89,6,0.613,0.312,24,0,0,25,4.2,41,139.29,0
ACC-00672,Growth,E-commerce,13,84,8,0.592,0.666,74,0,0,43,2.7,153,501.54,0
ACC-00673,Enterprise,SaaS,74,691,25,0.806,0.597,640,0,0,53,3.9,242,7540.86,0
ACC-00674,Growth,FinTech,11,271,11,0.648,0.345,125,1,0,56,4.7,177,429.69,0
ACC-00675,Growth,Healthcare,11,105,13,0.598,0.693,145,1,0,49,4.0,338,340.51,0
ACC-00676,Starter,Other,3,528,2,0.703,0.291,48,3,0,69,3.9,264,65.31,0
ACC-00677,Enterprise,FinTech,20,638,19,0.759,0.577,459,1,0,43,5.0,238,1522.91,0
ACC-00678,Growth,E-commerce,23,115,9,0.605,0.483,220,1,0,37,4.5,246,1093.28,0
ACC-00679,Starter,SaaS,5,691,6,0.586,0.422,36,1,0,61,4.4,252,60.28,0
ACC-00680,Starter,SaaS,5,537,7,0.183,0.332,76,0,0,26,3.3,176,76.0,0
ACC-00681,Starter,Healthcare,4,206,8,0.335,0.32,77,0,0,33,2.2,42,75.58,0
ACC-00682,Starter,SaaS,7,572,12,0.297,0.263,49,2,0,7,4.2,97,160.1,0
ACC-00683,Starter,FinTech,7,323,10,0.213,0.351,70,1,0,82,3.9,117,151.69,0
ACC-00684,Growth,FinTech,11,474,8,0.614,0.595,341,1,1,88,4.4,97,601.5,0
ACC-00685,Growth,SaaS,22,118,16,0.6,0.572,66,0,0,38,4.0,106,926.45,0
ACC-00686,Starter,SaaS,7,200,8,0.441,0.181,42,1,0,59,3.9,280,167.95,0
ACC-00687,Starter,FinTech,3,571,8,0.608,0.353,67,0,0,57,3.9,345,40.47,0
ACC-00688,Enterprise,Other,46,593,22,0.823,0.637,359,0,0,46,3.1,167,3835.46,0
ACC-00689,Growth,E-commerce,21,37,15,0.588,0.567,332,0,0,69,2.6,179,723.8,0
ACC-00690,Growth,FinTech,7,180,12,0.537,0.359,321,1,0,14,3.3,123,269.99,0
ACC-00691,Starter,SaaS,7,455,7,0.443,0.657,29,2,0,38,3.1,232,86.87,0
ACC-00692,Enterprise,E-commerce,95,664,26,0.779,0.881,799,0,0,-4,3.9,251,8304.23,0
ACC-00693,Starter,SaaS,7,502,6,0.611,0.34,62,2,0,20,2.8,25,121.1,1
ACC-00694,Starter,E-commerce,7,524,4,0.549,0.176,43,2,0,6,3.6,185,167.97,1
ACC-00695,Enterprise,Healthcare,59,302,22,0.765,0.568,748,4,1,2,5.0,158,5832.6,0
ACC-00696,Growth,FinTech,12,68,10,0.663,0.266,243,1,0,31,3.8,163,595.22,0
ACC-00697,Growth,SaaS,16,566,8,0.811,0.63,183,2,1,50,3.9,187,478.26,0
ACC-00698,Growth,SaaS,10,589,13,0.689,0.527,67,0,0,27,3.9,54,433.31,0
ACC-00699,Growth,SaaS,6,340,19,0.656,0.602,200,3,1,30,4.0,292,279.31,0
ACC-00700,Starter,FinTech,5,384,8,0.573,0.397,28,1,0,26,3.5,329,84.27,0
ACC-00701,Starter,Other,7,194,9,0.593,0.45,52,1,0,45,3.8,44,118.48,0
ACC-00702,Starter,SaaS,6,346,1,0.309,0.314,43,1,0,29,3.5,304,121.54,1
ACC-00703,Starter,E-commerce,5,199,10,0.389,0.229,9,3,0,20,2.9,207,101.22,0
ACC-00704,Enterprise,E-commerce,85,324,22,0.627,0.603,364,1,0,63,4.7,306,7254.17,0
ACC-00705,Starter,SaaS,1,123,6,0.468,0.417,37,1,0,23,3.3,71,14.49,0
ACC-00706,Growth,SaaS,19,454,15,0.669,0.428,178,1,1,14,5.0,72,684.22,0
ACC-00707,Growth,FinTech,27,203,15,0.58,0.789,181,0,0,58,3.4,6,1243.2,0
ACC-00708,Growth,E-commerce,17,537,10,0.765,0.593,174,3,1,5,2.9,186,708.59,0
ACC-00709,Starter,FinTech,6,392,9,0.192,0.401,28,0,0,69,5.0,153,145.99,0
ACC-00710,Growth,Healthcare,11,657,18,0.372,0.605,210,2,0,19,2.9,346,453.67,0
ACC-00711,Enterprise,Other,42,184,21,0.695,0.738,566,2,2,44,2.3,205,3308.73,0
ACC-00712,Growth,Healthcare,24,221,11,0.404,0.527,160,1,1,20,2.9,338,705.58,0
ACC-00713,Growth,Other,12,200,13,0.667,0.512,214,4,0,42,3.8,99,537.44,0
ACC-00714,Enterprise,Healthcare,147,471,25,0.657,0.746,800,1,0,31,3.0,18,9842.51,0
ACC-00715,Growth,Other,12,104,10,0.758,0.775,200,1,1,20,3.5,304,450.77,0
ACC-00716,Starter,Healthcare,7,510,10,0.092,0.41,18,1,0,7,2.5,7,173.04,0
ACC-00717,Growth,Healthcare,23,603,12,0.491,0.71,285,2,1,30,4.7,310,1093.38,0
ACC-00718,Starter,Healthcare,4,502,9,0.437,0.234,0,2,0,52,4.2,189,54.02,0
ACC-00719,Growth,Other,6,124,12,0.695,0.581,233,0,0,57,3.0,213,313.84,0
ACC-00720,Enterprise,FinTech,29,375,20,0.658,0.678,546,2,0,26,2.3,81,2482.41,0
ACC-00721,Growth,E-commerce,23,403,19,0.338,0.205,324,0,0,26,3.3,101,1185.01,0
ACC-00722,Starter,E-commerce,3,303,3,0.373,0.461,37,0,0,38,4.4,80,55.45,0
ACC-00723,Starter,Other,1,356,10,0.361,0.434,15,2,0,42,4.7,271,20.84,0
ACC-00724,Enterprise,FinTech,78,563,28,0.62,0.617,410,0,0,42,3.7,172,8780.03,0
ACC-00725,Starter,Healthcare,7,614,10,0.426,0.421,53,2,0,32,3.5,41,120.51,0
ACC-00726,Starter,Healthcare,4,240,3,0.681,0.389,54,2,0,34,3.5,21,77.29,0
ACC-00727,Starter,Other,4,260,4,0.457,0.346,17,1,0,36,4.1,263,59.13,0
ACC-00728,Starter,SaaS,1,175,5,0.296,0.488,53,2,0,-11,4.5,246,22.3,0
ACC-00729,Growth,Healthcare,7,311,15,0.548,0.683,162,1,1,33,3.8,118,315.48,0
ACC-00730,Growth,Healthcare,23,412,15,0.629,0.602,241,2,0,59,3.6,131,1004.28,0
ACC-00731,Starter,Other,7,529,4,0.455,0.224,7,1,0,73,4.4,293,155.61,0
ACC-00732,Starter,Other,3,217,5,0.447,0.23,39,0,0,68,4.9,31,57.92,0
ACC-00733,Starter,E-commerce,5,181,5,0.639,0.187,49,2,1,44,3.7,351,104.7,0
ACC-00734,Starter,E-commerce,4,53,7,0.343,0.232,38,1,1,16,4.0,310,92.11,0
ACC-00735,Starter,SaaS,2,95,15,0.145,0.36,25,2,1,30,3.4,52,32.81,0
ACC-00736,Growth,Other,9,66,11,0.497,0.555,263,1,0,25,4.0,193,454.99,0
ACC-00737,Starter,SaaS,3,175,5,0.516,0.318,71,0,0,11,3.3,208,72.03,0
ACC-00738,Starter,Healthcare,4,516,4,0.443,0.314,20,1,0,21,4.9,334,49.62,0
ACC-00739,Starter,Healthcare,1,571,10,0.246,0.563,32,0,0,26,4.5,219,18.49,0
ACC-00740,Starter,FinTech,5,711,8,0.632,0.214,108,1,0,11,5.0,6,69.41,1
ACC-00741,Starter,SaaS,4,411,5,0.505,0.201,47,1,0,63,3.5,107,68.04,0
ACC-00742,Starter,SaaS,7,348,7,0.538,0.249,8,1,0,55,5.0,215,159.42,0
ACC-00743,Enterprise,Other,147,659,19,0.851,0.774,362,0,0,41,4.1,139,13302.17,0
ACC-00744,Starter,E-commerce,1,132,9,0.285,0.412,21,1,0,50,3.8,174,12.47,0
ACC-00745,Growth,SaaS,29,471,23,0.678,0.633,102,1,0,49,4.8,343,852.93,0
ACC-00746,Growth,Healthcare,11,602,16,0.426,0.595,17,0,0,26,3.2,342,500.2,0
ACC-00747,Starter,SaaS,3,381,8,0.651,0.337,24,3,1,82,3.9,101,40.2,0
ACC-00748,Starter,Other,5,213,6,0.588,0.302,86,2,1,25,3.8,68,98.1,0
ACC-00749,Growth,FinTech,16,464,9,0.715,0.584,211,0,0,5,4.2,348,748.58,0
ACC-00750,Growth,SaaS,18,726,17,0.568,0.579,43,0,0,46,3.6,201,849.12,0
ACC-00751,Starter,SaaS,5,195,10,0.478,0.358,9,1,0,54,3.5,218,120.77,0
ACC-00752,Starter,E-commerce,2,424,6,0.337,0.402,17,1,0,35,3.6,67,43.69,0
ACC-00753,Starter,FinTech,3,65,12,0.672,0.575,8,1,0,69,3.7,236,39.43,0
ACC-00754,Growth,Healthcare,21,192,14,0.817,0.62,335,1,0,46,4.0,314,873.31,0
ACC-00755,Growth,FinTech,6,566,17,0.713,0.603,243,0,0,24,4.8,53,200.66,0
ACC-00756,Starter,FinTech,7,377,9,0.473,0.187,59,0,0,29,2.4,125,172.06,0
ACC-00757,Starter,SaaS,2,169,7,0.517,0.134,25,3,1,45,4.4,152,49.62,0
ACC-00758,Enterprise,SaaS,63,264,19,0.579,0.93,899,0,0,44,3.6,167,4679.89,0
ACC-00759,Starter,Other,6,114,7,0.229,0.45,52,1,0,69,3.8,85,91.38,0
ACC-00760,Growth,SaaS,28,575,17,0.838,0.573,224,4,0,60,3.1,252,981.49,0
ACC-00761,Growth,Other,8,690,12,1.0,0.363,164,1,0,8,3.9,84,329.03,0
ACC-00762,Starter,FinTech,5,104,10,0.1,0.43,89,2,0,38,3.6,102,86.06,0
ACC-00763,Starter,SaaS,1,196,4,0.504,0.326,18,1,0,15,3.7,203,24.85,0
ACC-00764,Starter,SaaS,7,629,11,0.569,0.417,61,0,0,74,4.3,48,131.86,0
ACC-00765,Enterprise,SaaS,146,645,23,0.79,0.443,375,1,0,21,4.3,308,14430.84,0
ACC-00766,Starter,Healthcare,5,567,4,0.387,0.327,66,1,1,46,4.9,165,72.07,0
ACC-00767,Starter,E-commerce,4,530,7,0.504,0.479,42,0,0,27,3.5,352,87.01,0
ACC-00768,Starter,FinTech,6,632,11,0.578,0.204,69,1,0,-2,4.4,137,144.56,0
ACC-00769,Starter,E-commerce,5,291,4,0.304,0.429,7,1,0,14,4.3,10,120.09,0
ACC-00770,Growth,E-commerce,6,656,10,0.469,0.546,175,1,0,37,4.0,132,329.45,0
ACC-00771,Starter,Other,2,650,8,0.521,0.462,25,2,0,55,5.0,230,25.97,0
ACC-00772,Growth,Other,13,190,21,0.864,0.712,304,1,0,54,3.5,7,591.79,0
ACC-00773,Growth,E-commerce,24,81,12,0.61,0.829,253,1,0,13,4.0,178,767.32,0
ACC-00774,Growth,Healthcare,12,394,16,0.528,0.549,254,3,0,49,4.1,285,397.63,0
ACC-00775,Starter,Healthcare,2,560,9,0.597,0.403,15,0,0,63,3.1,325,29.14,0
ACC-00776,Enterprise,FinTech,126,624,20,1.0,0.786,791,2,1,53,4.8,271,14585.98,0
ACC-00777,Growth,Healthcare,11,129,15,0.831,0.482,67,0,0,34,3.8,94,312.45,0
ACC-00778,Starter,SaaS,7,294,6,0.387,0.195,32,2,0,43,4.2,258,149.36,0
ACC-00779,Growth,Healthcare,16,567,13,0.645,0.663,235,0,0,45,5.0,286,715.05,0
ACC-00780,Enterprise,Other,21,72,16,0.653,0.772,515,0,0,73,4.1,153,2301.16,0
ACC-00781,Starter,SaaS,3,536,8,0.345,0.425,44,0,0,79,3.9,240,47.01,0
ACC-00782,Enterprise,Healthcare,101,234,25,0.747,0.73,500,0,0,56,3.9,183,8369.57,0
ACC-00783,Growth,Other,16,45,14,1.0,0.804,128,1,0,43,3.2,152,638.93,0
ACC-00784,Growth,SaaS,27,199,18,0.585,0.442,292,1,0,41,3.6,243,1473.49,0
ACC-00785,Enterprise,E-commerce,52,549,24,0.755,0.773,1093,1,0,44,3.8,355,3222.59,0
ACC-00786,Starter,Other,3,639,8,0.365,0.381,53,0,0,47,4.0,348,38.64,0
ACC-00787,Growth,Other,22,86,12,0.746,0.455,113,3,0,31,4.9,11,692.43,0
ACC-00788,Starter,SaaS,1,354,6,0.39,0.366,42,2,1,85,4.6,106,22.31,0
ACC-00789,Growth,FinTech,27,170,9,0.685,0.46,250,1,0,25,3.5,304,1125.22,0
ACC-00790,Growth,E-commerce,14,508,13,0.955,0.604,231,0,0,71,3.9,274,530.58,0
ACC-00791,Starter,SaaS,1,576,9,0.502,0.374,6,0,0,-6,4.9,269,15.66,0
ACC-00792,Starter,FinTech,6,703,14,0.616,0.362,57,0,0,36,2.7,226,147.84,0
ACC-00793,Starter,SaaS,4,278,10,0.333,0.56,61,2,0,35,3.7,159,99.33,0
ACC-00794,Starter,SaaS,6,239,5,0.423,0.334,43,0,0,47,3.0,233,100.52,0
ACC-00795,Starter,E-commerce,4,246,3,0.727,0.258,0,1,0,34,5.0,303,88.97,0
ACC-00796,Starter,E-commerce,2,562,7,0.19,0.382,72,3,0,72,4.4,38,44.86,0
ACC-00797,Starter,E-commerce,1,341,11,0.412,0.359,45,2,0,37,3.6,9,23.88,0
ACC-00798,Starter,Healthcare,4,45,7,0.319,0.334,32,1,0,19,3.9,279,92.81,0
ACC-00799,Growth,FinTech,26,693,16,0.853,0.368,169,0,0,21,3.3,27,936.13,0
ACC-00800,Growth,SaaS,12,102,13,0.833,0.563,71,1,0,32,5.0,152,517.64,0
ACC-00801,Growth,SaaS,13,679,17,0.641,0.698,229,0,0,58,2.3,49,630.52,0
ACC-00802,Starter,SaaS,2,143,2,0.518,0.324,26,1,0,62,4.1,123,34.61,1
ACC-00803,Enterprise,FinTech,102,406,28,0.786,0.825,595,3,0,16,3.9,71,11983.93,0
ACC-00804,Growth,SaaS,20,248,10,0.582,0.618,103,1,0,24,3.2,160,561.85,0
ACC-00805,Starter,SaaS,1,510,11,0.48,0.323,18,1,0,19,3.7,9,15.82,0
ACC-00806,Starter,SaaS,1,312,7,0.591,0.415,68,1,0,36,2.8,318,14.12,0
ACC-00807,Growth,E-commerce,14,287,14,0.605,0.36,69,2,1,63,5.0,258,609.74,0
ACC-00808,Starter,E-commerce,4,363,7,0.585,0.663,52,1,0,46,3.9,240,67.28,0
ACC-00809,Growth,Other,17,709,15,0.701,0.392,174,0,0,54,4.5,284,603.68,0
ACC-00810,Enterprise,Healthcare,112,201,24,0.745,0.66,921,2,1,58,3.6,8,9830.67,0
ACC-00811,Starter,E-commerce,1,183,12,0.507,0.249,33,1,0,29,4.8,200,19.9,0
ACC-00812,Starter,SaaS,6,76,13,0.402,0.237,62,1,1,14,3.9,89,136.31,0
ACC-00813,Enterprise,E-commerce,118,547,23,0.941,0.89,282,1,0,29,4.7,315,9345.92,0
ACC-00814,Growth,SaaS,20,504,20,0.425,0.42,171,1,0,60,4.3,255,773.06,0
ACC-00815,Starter,FinTech,1,456,8,0.563,0.217,51,1,0,55,3.9,33,12.67,0
ACC-00816,Enterprise,FinTech,36,46,26,0.823,0.749,890,0,0,44,4.6,320,3542.55,0
ACC-00817,Enterprise,FinTech,70,583,24,0.88,0.702,493,0,0,63,5.0,220,4459.22,0
ACC-00818,Growth,SaaS,17,596,12,0.506,0.578,23,1,0,45,3.1,198,623.46,0
ACC-00819,Growth,E-commerce,8,691,15,0.736,0.549,107,1,0,35,3.8,51,423.57,0
ACC-00820,Starter,Healthcare,2,680,10,0.521,0.148,60,1,0,7,3.0,218,30.83,0
ACC-00821,Starter,Healthcare,3,214,8,0.599,0.306,56,0,0,70,4.2,140,41.94,0
ACC-00822,Growth,E-commerce,29,527,15,0.905,0.615,136,2,0,40,4.1,106,1315.62,0
ACC-00823,Starter,E-commerce,3,311,11,0.238,0.386,19,3,0,32,5.0,82,48.83,0
ACC-00824,Growth,SaaS,8,447,14,0.751,0.36,215,1,0,40,3.7,55,324.58,0
ACC-00825,Growth,Healthcare,22,262,4,0.689,0.544,235,2,1,75,4.6,305,738.63,0
ACC-00826,Starter,E-commerce,4,489,14,0.401,0.153,0,1,0,64,2.4,162,73.25,0
ACC-00827,Growth,SaaS,15,696,13,0.797,0.455,221,0,0,34,4.0,100,656.79,0
ACC-00828,Starter,FinTech,7,486,5,0.423,0.455,25,1,0,52,3.3,198,160.53,0
ACC-00829,Enterprise,Other,84,674,18,0.545,0.632,486,3,1,69,4.3,125,7219.13,0
ACC-00830,Starter,E-commerce,4,682,7,0.505,0.357,10,0,0,50,4.7,208,53.4,0
ACC-00831,Growth,FinTech,24,113,12,0.614,0.674,237,0,0,45,3.5,17,841.25,0
ACC-00832,Growth,E-commerce,29,705,11,0.56,0.558,165,2,0,-4,4.3,73,1271.14,0
ACC-00833,Starter,FinTech,1,602,6,0.558,0.325,45,0,0,69,3.7,240,19.38,0
ACC-00834,Growth,FinTech,27,328,16,0.656,0.596,57,1,0,19,3.9,32,1087.66,0
ACC-00835,Growth,SaaS,18,450,21,0.89,0.803,39,1,0,1,4.2,356,870.06,0
ACC-00836,Growth,FinTech,6,461,17,0.774,0.431,217,0,0,2,3.2,125,258.63,0
ACC-00837,Growth,E-commerce,25,580,18,0.811,0.637,284,1,0,23,3.2,211,936.93,0
ACC-00838,Enterprise,SaaS,88,591,21,0.62,0.75,534,2,0,53,4.5,294,5335.45,0
ACC-00839,Starter,Healthcare,5,101,8,0.579,0.157,20,0,0,68,3.4,179,80.07,0
ACC-00840,Growth,SaaS,15,30,15,0.519,0.327,215,1,0,50,4.8,103,605.83,0
ACC-00841,Starter,E-commerce,1,202,6,0.734,0.384,4,2,0,80,2.7,314,12.88,0
ACC-00842,Growth,E-commerce,21,398,13,0.485,0.383,152,5,1,33,4.6,251,924.58,0
ACC-00843,Growth,E-commerce,21,624,17,0.489,0.583,229,2,0,37,3.9,262,878.58,0
ACC-00844,Starter,E-commerce,4,487,12,0.367,0.401,107,1,0,1,3.8,98,71.97,1
ACC-00845,Starter,Other,5,125,8,0.46,0.543,17,0,0,29,4.0,35,111.51,0
ACC-00846,Enterprise,E-commerce,93,532,18,0.791,0.869,981,2,0,-3,2.9,89,5724.13,0
ACC-00847,Starter,Healthcare,3,357,7,0.466,0.444,11,2,0,12,4.7,269,60.45,0
ACC-00848,Growth,Healthcare,19,288,9,0.46,0.571,148,0,0,56,3.6,81,616.49,0
ACC-00849,Starter,SaaS,2,570,8,0.274,0.3,52,0,0,5,3.3,286,42.13,0
ACC-00850,Enterprise,SaaS,98,236,23,0.796,0.75,716,3,1,7,5.0,159,7890.65,0
ACC-00851,Starter,FinTech,7,463,7,0.655,0.187,42,1,0,3,3.7,115,85.18,0
ACC-00852,Starter,SaaS,1,157,9,0.54,0.375,61,0,0,59,3.3,101,19.88,0
ACC-00853,Enterprise,FinTech,91,297,23,0.673,0.682,615,3,1,78,4.5,29,7540.55,0
ACC-00854,Enterprise,FinTech,37,420,23,0.76,0.978,601,4,1,40,4.1,135,2428.52,0
ACC-00855,Starter,E-commerce,2,466,4,0.605,0.388,23,2,0,63,4.6,342,34.39,0
ACC-00856,Growth,SaaS,16,673,13,0.69,0.721,24,1,0,16,4.0,212,651.5,0
ACC-00857,Growth,Healthcare,10,233,15,0.523,0.479,255,2,0,69,4.6,285,431.92,0
ACC-00858,Enterprise,FinTech,109,657,28,0.798,0.76,396,2,0,26,5.0,304,9675.03,0
ACC-00859,Starter,Healthcare,7,601,7,0.649,0.339,41,1,0,57,3.4,257,173.49,0
ACC-00860,Growth,SaaS,22,281,16,0.537,0.548,234,2,0,41,3.6,280,915.38,0
ACC-00861,Growth,FinTech,24,128,17,0.745,0.523,98,0,0,0,2.8,160,984.35,0
ACC-00862,Growth,SaaS,12,210,13,0.277,0.647,155,0,0,23,4.2,162,517.72,0
ACC-00863,Growth,E-commerce,6,490,18,0.723,0.656,137,1,0,46,4.0,156,319.88,0
ACC-00864,Growth,FinTech,18,582,18,0.52,0.698,157,1,0,1,4.8,113,901.7,0
ACC-00865,Starter,Other,3,458,13,0.351,0.297,26,2,1,49,3.9,21,72.16,0
ACC-00866,Enterprise,FinTech,96,537,24,0.631,0.825,273,2,1,11,3.8,241,6433.88,0
ACC-00867,Enterprise,E-commerce,104,101,30,0.733,0.774,377,1,1,54,4.0,238,10976.41,0
ACC-00868,Growth,SaaS,9,383,12,0.754,0.43,239,0,0,12,3.7,160,473.6,0
ACC-00869,Starter,E-commerce,4,641,15,0.328,0.25,34,1,0,52,4.2,244,87.12,0
ACC-00870,Starter,FinTech,5,302,11,0.614,0.428,79,2,1,60,4.1,277,82.51,0
ACC-00871,Growth,FinTech,6,659,19,0.585,0.67,199,2,1,38,4.3,331,267.57,0
ACC-00872,Starter,SaaS,3,116,7,0.623,0.31,64,1,0,40,3.7,314,68.04,0
ACC-00873,Enterprise,SaaS,137,715,25,0.813,0.783,1109,1,0,75,4.3,128,8658.73,0
ACC-00874,Starter,SaaS,4,579,13,0.48,0.383,12,0,0,25,4.3,108,59.6,0
ACC-00875,Growth,Other,24,468,10,0.55,0.528,78,0,0,30,3.7,176,994.88,0
ACC-00876,Enterprise,FinTech,118,462,21,0.985,0.748,702,1,0,56,3.8,143,11346.28,0
ACC-00877,Starter,SaaS,7,685,1,0.676,0.256,12,0,0,51,3.8,247,163.37,0
ACC-00878,Starter,Other,6,293,7,0.653,0.331,44,2,1,37,3.0,15,84.85,0
ACC-00879,Growth,SaaS,7,145,11,0.785,0.522,121,1,0,15,3.6,101,361.58,0
ACC-00880,Growth,FinTech,20,673,13,0.698,0.412,144,0,0,63,4.4,159,714.26,0
ACC-00881,Starter,Healthcare,6,101,18,0.594,0.432,27,3,0,15,4.5,39,94.82,0
ACC-00882,Growth,Other,9,491,20,0.726,0.456,241,1,0,92,4.1,162,310.56,0
ACC-00883,Enterprise,Healthcare,43,216,17,0.881,0.597,502,1,0,16,3.2,60,3495.52,0
ACC-00884,Growth,FinTech,14,680,16,0.644,0.618,254,2,0,18,4.6,335,439.37,0
ACC-00885,Starter,Other,5,711,11,0.589,0.29,3,3,1,50,5.0,41,101.84,0
ACC-00886,Starter,SaaS,6,362,7,0.592,0.26,44,0,0,54,4.3,151,111.32,0
ACC-00887,Starter,Other,6,403,9,0.502,0.259,78,1,0,21,3.9,98,123.13,0
ACC-00888,Starter,Healthcare,6,348,9,0.509,0.398,63,2,1,79,3.3,158,98.31,0
ACC-00889,Starter,Other,6,327,3,0.495,0.301,27,0,0,49,3.9,267,92.23,0
ACC-00890,Growth,SaaS,19,686,10,0.706,0.702,210,1,0,37,3.6,123,843.39,0
ACC-00891,Starter,SaaS,1,230,9,0.377,0.464,16,2,0,50,3.8,266,18.88,0
ACC-00892,Enterprise,E-commerce,56,701,22,0.842,0.727,904,1,1,69,4.8,42,5381.33,0
ACC-00893,Starter,E-commerce,2,485,6,0.24,0.287,23,0,0,77,4.5,358,40.97,0
ACC-00894,Starter,E-commerce,5,702,5,0.501,0.365,3,2,0,46,3.7,222,78.0,0
ACC-00895,Growth,Other,5,458,14,0.585,0.628,74,0,0,14,4.0,334,185.74,0
ACC-00896,Enterprise,E-commerce,88,603,25,0.744,0.711,390,1,0,14,3.9,81,5874.37,0
ACC-00897,Starter,FinTech,1,372,8,0.669,0.58,29,0,0,11,3.6,254,14.63,0
ACC-00898,Starter,FinTech,5,353,14,0.679,0.436,45,0,0,28,3.0,192,88.0,0
ACC-00899,Starter,SaaS,3,210,6,0.693,0.294,80,0,0,43,4.5,106,39.35,0
ACC-00900,Growth,SaaS,27,177,15,0.625,0.577,107,2,0,47,4.7,281,1480.53,0
ACC-00901,Growth,SaaS,29,56,13,0.629,0.666,227,0,0,67,3.5,184,1145.57,0
ACC-00902,Starter,Healthcare,3,298,10,0.62,0.279,62,2,1,-4,3.4,269,57.79,0
ACC-00903,Starter,Healthcare,1,721,5,0.687,0.343,35,3,0,42,4.5,11,23.29,0
ACC-00904,Growth,E-commerce,20,686,21,0.825,0.571,191,0,0,52,3.4,44,570.7,0
ACC-00905,Enterprise,FinTech,98,513,16,0.929,0.586,545,3,0,-20,2.9,291,8261.03,0
ACC-00906,Growth,E-commerce,27,284,20,0.809,0.666,145,1,0,52,3.6,156,1001.23,0
ACC-00907,Growth,Healthcare,5,394,14,0.519,0.498,207,0,0,100,4.8,75,148.16,0
ACC-00908,Starter,Other,2,559,10,0.563,0.322,8,3,1,59,3.5,292,35.25,0
ACC-00909,Starter,E-commerce,2,31,13,0.668,0.356,32,0,0,49,3.4,60,30.17,0
ACC-00910,Starter,Healthcare,5,676,11,0.694,0.533,31,1,1,36,3.6,7,67.35,1
ACC-00911,Growth,E-commerce,25,639,11,0.666,0.67,214,2,1,47,3.1,204,1194.95,0
ACC-00912,Enterprise,FinTech,37,709,24,0.977,0.95,523,1,1,76,3.0,58,2458.11,0
ACC-00913,Enterprise,Other,96,96,29,0.806,0.661,526,1,0,34,3.7,259,9320.45,0
ACC-00914,Enterprise,FinTech,46,693,19,0.79,0.747,930,1,0,68,2.9,155,3762.65,0
ACC-00915,Enterprise,FinTech,24,459,29,0.708,0.655,796,1,0,52,3.6,332,2642.8,0
ACC-00916,Enterprise,FinTech,43,418,23,0.839,0.578,709,3,1,78,4.1,187,3583.84,0
ACC-00917,Starter,E-commerce,6,155,6,0.224,0.338,46,1,0,66,4.2,76,74.4,0
ACC-00918,Starter,E-commerce,4,374,5,0.565,0.463,76,1,0,46,3.8,193,51.95,0
ACC-00919,Starter,E-commerce,1,284,7,0.528,0.526,3,1,0,45,3.1,238,21.9,0
ACC-00920,Growth,FinTech,28,721,7,0.406,0.354,56,0,0,35,3.6,325,1340.7,0
ACC-00921,Starter,SaaS,7,267,7,0.341,0.308,34,2,2,63,4.1,50,113.25,0
ACC-00922,Growth,Other,8,182,13,0.689,0.599,55,0,0,29,4.3,274,291.14,0
ACC-00923,Growth,FinTech,12,692,10,0.644,0.616,255,1,0,45,3.7,221,401.65,0
ACC-00924,Growth,Other,11,161,17,0.456,0.424,172,1,0,38,3.4,347,590.04,0
ACC-00925,Starter,SaaS,3,663,7,0.647,0.474,52,1,0,12,4.0,215,62.14,0
ACC-00926,Starter,E-commerce,6,704,6,0.363,0.458,23,0,0,47,3.7,352,79.5,0
ACC-00927,Starter,E-commerce,5,245,7,0.548,0.399,60,1,0,8,3.2,207,70.69,0
ACC-00928,Enterprise,Healthcare,40,512,23,0.843,0.9,788,1,0,32,4.1,23,3089.83,0
ACC-00929,Growth,SaaS,17,587,14,0.612,0.636,201,1,0,57,3.9,47,764.54,0
ACC-00930,Growth,Other,9,405,12,0.534,0.424,131,0,0,46,3.1,41,473.59,0
ACC-00931,Starter,E-commerce,3,517,8,0.794,0.329,36,4,0,45,3.5,196,43.28,0
ACC-00932,Starter,E-commerce,6,122,8,0.459,0.472,59,3,0,23,3.8,295,94.42,0
ACC-00933,Starter,E-commerce,3,391,4,0.061,0.266,38,1,0,65,2.8,209,50.77,0
ACC-00934,Growth,SaaS,17,389,13,0.456,0.649,228,0,0,23,3.4,341,565.62,0
ACC-00935,Growth,FinTech,19,426,16,0.659,0.654,226,3,1,58,4.3,185,911.97,0
ACC-00936,Starter,SaaS,6,690,10,0.382,0.228,15,1,0,71,3.6,250,77.95,0
ACC-00937,Enterprise,FinTech,140,607,21,0.744,0.919,709,1,0,8,3.3,77,12649.5,0
ACC-00938,Starter,E-commerce,7,452,10,0.381,0.502,0,0,0,33,4.7,8,116.99,0
ACC-00939,Enterprise,FinTech,97,312,19,1.0,0.721,991,1,0,31,4.1,263,11346.89,0
ACC-00940,Starter,SaaS,7,313,5,0.306,0.309,38,1,0,48,4.4,39,129.42,0
ACC-00941,Starter,SaaS,6,44,7,0.603,0.05,0,2,0,21,3.4,350,128.06,0
ACC-00942,Growth,SaaS,20,415,19,0.97,0.397,368,0,0,16,3.7,352,897.87,0
ACC-00943,Starter,SaaS,1,206,9,0.442,0.43,12,1,0,41,3.9,82,17.52,0
ACC-00944,Starter,E-commerce,5,650,7,0.477,0.412,42,1,0,30,4.1,37,106.95,0
ACC-00945,Starter,SaaS,6,571,13,0.311,0.407,29,0,0,39,5.0,325,104.1,0
ACC-00946,Starter,Other,7,668,7,0.491,0.328,2,0,0,62,4.0,329,143.3,0
ACC-00947,Growth,SaaS,22,727,22,0.564,0.543,160,2,0,6,4.7,198,731.83,0
ACC-00948,Enterprise,SaaS,30,310,20,0.907,0.746,801,2,0,39,5.0,139,2946.22,0
ACC-00949,Enterprise,Other,139,329,18,0.781,0.709,982,0,0,29,5.0,167,11055.29,0
ACC-00950,Starter,SaaS,1,455,7,0.526,0.389,60,1,0,43,4.0,339,23.93,0
ACC-00951,Growth,FinTech,22,331,13,0.477,0.589,294,0,0,29,4.7,203,871.16,0
ACC-00952,Starter,Other,1,225,5,0.659,0.445,27,4,0,16,4.0,76,21.45,0
ACC-00953,Starter,Other,7,524,17,0.449,0.181,26,5,0,51,3.9,251,128.04,0
ACC-00954,Starter,Healthcare,6,345,9,0.731,0.151,43,1,0,100,4.5,355,130.09,0
ACC-00955,Enterprise,SaaS,135,689,24,0.742,0.698,893,1,0,40,4.5,25,14629.1,0
ACC-00956,Enterprise,E-commerce,118,183,20,0.578,0.833,595,0,0,26,4.3,192,13609.08,0
ACC-00957,Growth,Other,15,340,12,0.621,0.592,191,0,0,26,3.8,198,646.57,0
ACC-00958,Growth,Other,27,402,18,0.672,0.653,117,0,0,63,3.6,281,788.64,0
ACC-00959,Growth,SaaS,14,665,8,0.825,0.434,138,1,0,23,3.1,205,407.6,0
ACC-00960,Growth,FinTech,16,434,10,0.654,0.583,64,0,0,71,4.0,80,634.86,0
ACC-00961,Growth,FinTech,22,78,13,0.506,0.527,114,3,0,6,4.1,224,653.23,0
ACC-00962,Starter,SaaS,6,266,13,0.501,0.413,36,1,0,46,4.5,52,143.92,0
ACC-00963,Starter,E-commerce,1,650,7,0.392,0.223,50,3,1,57,2.9,196,21.76,0
ACC-00964,Starter,SaaS,4,220,9,0.605,0.601,67,1,0,59,4.0,88,52.53,0
ACC-00965,Enterprise,FinTech,143,268,22,0.798,0.596,639,1,0,57,3.8,364,12713.51,0
ACC-00966,Growth,SaaS,28,135,19,0.633,0.583,57,0,0,48,3.9,274,850.5,0
ACC-00967,Enterprise,FinTech,35,533,16,0.851,0.577,642,1,0,67,4.8,273,4006.31,0
ACC-00968,Starter,SaaS,6,127,11,0.63,0.406,18,1,0,20,4.8,5,116.86,0
ACC-00969,Growth,FinTech,20,287,13,0.733,0.554,257,0,0,28,4.6,159,766.38,0
ACC-00970,Starter,SaaS,7,528,11,0.66,0.246,6,1,0,33,4.0,253,104.18,0
ACC-00971,Starter,Other,6,656,5,0.627,0.324,70,1,0,75,3.8,180,106.36,0
ACC-00972,Starter,SaaS,7,185,8,0.467,0.364,53,2,0,52,4.7,41,106.83,0
ACC-00973,Starter,E-commerce,7,262,8,0.455,0.42,17,1,0,57,5.0,194,101.24,0
ACC-00974,Enterprise,SaaS,103,112,18,0.547,0.684,353,0,0,38,5.0,243,11815.06,0
ACC-00975,Starter,SaaS,1,336,4,0.436,0.37,22,1,0,60,4.2,265,24.59,1
ACC-00976,Growth,SaaS,28,729,12,0.605,0.843,175,0,0,8,3.9,113,903.25,0
ACC-00977,Growth,SaaS,26,242,14,0.602,0.598,139,1,0,33,4.4,214,1283.63,0
ACC-00978,Starter,SaaS,1,211,5,0.201,0.207,4,0,0,37,4.4,329,24.2,0
ACC-00979,Growth,FinTech,16,309,13,0.713,0.412,105,0,0,32,3.6,348,660.16,0
ACC-00980,Starter,E-commerce,7,657,1,0.541,0.276,58,0,0,35,3.8,118,108.16,0
ACC-00981,Enterprise,SaaS,98,412,21,0.826,0.706,938,0,0,54,5.0,250,9678.63,0
ACC-00982,Growth,FinTech,19,456,18,0.531,0.467,17,1,0,47,3.6,332,575.04,0
ACC-00983,Growth,E-commerce,25,576,16,0.702,0.49,256,1,0,68,4.5,32,706.87,0
ACC-00984,Growth,SaaS,28,530,14,0.639,0.605,70,3,1,-4,3.5,209,1219.93,0
ACC-00985,Starter,FinTech,3,449,9,0.364,0.241,20,0,0,75,3.8,277,42.26,0
ACC-00986,Enterprise,SaaS,135,422,19,0.741,0.912,772,1,0,28,3.3,83,15179.85,0
ACC-00987,Starter,SaaS,5,403,14,0.505,0.312,43,2,0,71,3.3,111,94.11,0
ACC-00988,Starter,FinTech,2,156,15,0.394,0.34,74,0,0,33,4.3,311,49.84,0
ACC-00989,Starter,Other,3,320,9,0.551,0.489,53,1,0,50,4.2,65,48.85,0
ACC-00990,Growth,Other,6,622,23,0.743,0.46,131,3,1,18,5.0,113,265.85,0
ACC-00991,Growth,Other,7,57,12,0.576,0.607,162,0,0,15,3.9,304,248.9,0
ACC-00992,Growth,FinTech,13,609,10,0.753,0.215,168,1,0,55,4.0,224,569.73,0
ACC-00993,Growth,SaaS,13,426,12,0.639,0.55,271,2,0,-17,3.9,236,510.8,0
ACC-00994,Starter,FinTech,4,274,7,0.687,0.313,19,0,0,15,3.2,200,93.67,0
ACC-00995,Enterprise,SaaS,99,109,30,0.725,0.779,198,1,0,59,4.3,142,10860.65,0
ACC-00996,Starter,SaaS,4,564,7,0.489,0.43,46,1,1,33,3.8,287,92.82,0
ACC-00997,Growth,SaaS,9,30,11,0.492,0.621,277,2,0,23,2.9,109,282.79,0
ACC-00998,Starter,FinTech,3,410,5,0.738,0.305,71,0,0,76,4.7,97,66.07,0
ACC-00999,Enterprise,FinTech,73,143,26,0.716,0.634,757,2,0,83,3.5,168,8230.76,0
ACC-01000,Starter,SaaS,5,666,11,0.593,0.349,9,0,0,42,4.1,50,65.12,0
ACC-01001,Starter,Healthcare,5,157,6,0.139,0.429,45,2,1,70,4.2,231,88.28,1
ACC-01002,Growth,FinTech,18,591,7,0.524,0.458,149,0,0,75,4.0,333,569.13,1
ACC-01003,Starter,Other,1,431,4,0.461,0.174,71,1,0,42,3.2,263,19.61,0
ACC-01004,Starter,SaaS,3,58,14,0.582,0.562,36,2,0,31,4.9,117,56.01,0
ACC-01005,Growth,E-commerce,28,534,16,0.571,0.48,111,0,0,44,3.4,40,1434.31,0
ACC-01006,Starter,SaaS,5,645,8,0.445,0.461,66,0,0,10,2.2,228,73.68,0
ACC-01007,Enterprise,FinTech,48,185,29,0.941,0.87,128,4,0,54,4.5,195,4134.74,0
ACC-01008,Starter,SaaS,7,707,15,0.364,0.157,0,2,0,35,4.5,318,157.59,0
ACC-01009,Growth,SaaS,25,588,14,0.546,0.686,260,1,1,43,3.1,179,1358.04,0
ACC-01010,Growth,E-commerce,24,549,14,0.378,0.564,193,0,0,43,3.9,34,930.06,0
ACC-01011,Growth,SaaS,5,265,12,0.416,0.504,308,1,0,23,4.7,329,228.85,0
ACC-01012,Growth,SaaS,22,113,13,0.763,0.546,143,1,0,41,4.9,110,640.91,0
ACC-01013,Growth,Other,15,330,9,0.799,0.446,351,2,0,12,4.3,282,770.82,0
ACC-01014,Enterprise,SaaS,94,595,17,0.716,0.779,164,2,0,31,4.5,35,9506.68,0
ACC-01015,Starter,E-commerce,2,440,2,0.704,0.35,12,1,0,18,4.4,352,49.45,0
ACC-01016,Starter,E-commerce,1,483,12,0.219,0.384,8,1,1,23,3.8,336,16.08,0
ACC-01017,Growth,SaaS,15,576,9,0.559,0.317,33,2,0,-8,3.1,29,658.07,0
ACC-01018,Growth,FinTech,26,267,21,0.411,0.626,135,0,0,33,3.7,343,1284.8,0
ACC-01019,Starter,SaaS,7,56,5,0.548,0.266,21,0,0,53,4.7,291,126.12,0
ACC-01020,Starter,Healthcare,5,648,14,0.605,0.408,54,0,0,46,4.7,330,67.85,0
ACC-01021,Enterprise,SaaS,40,459,21,0.745,0.625,336,2,0,66,4.0,88,3539.69,0
ACC-01022,Growth,SaaS,29,425,9,0.894,0.475,229,1,0,21,3.7,136,1250.75,0
ACC-01023,Enterprise,FinTech,50,431,26,0.86,0.53,540,1,0,31,5.0,186,5421.73,0
ACC-01024,Growth,Other,22,627,19,0.43,0.765,159,2,0,62,4.0,177,943.61,0
ACC-01025,Growth,Healthcare,7,568,11,0.603,0.43,251,1,0,40,4.3,265,297.0,0
ACC-01026,Starter,Other,2,499,7,0.543,0.336,45,1,0,46,3.1,333,37.97,0
ACC-01027,Enterprise,E-commerce,22,577,19,0.644,0.612,812,1,0,89,3.9,319,2355.54,0
ACC-01028,Starter,E-commerce,6,231,8,0.495,0.402,65,1,0,36,4.7,323,106.34,0
ACC-01029,Growth,FinTech,10,528,14,0.45,0.712,308,1,0,31,2.9,122,346.98,0
ACC-01030,Starter,Other,2,712,7,0.727,0.456,15,3,0,20,3.9,9,38.48,0
ACC-01031,Growth,E-commerce,19,194,8,0.711,0.644,218,0,0,36,4.2,68,751.28,0
ACC-01032,Growth,FinTech,11,429,12,0.819,0.455,158,1,0,64,4.9,69,392.93,0
ACC-01033,Growth,E-commerce,17,506,16,0.663,0.631,168,1,0,55,4.6,285,930.24,0
ACC-01034,Enterprise,E-commerce,134,391,21,0.73,0.734,946,1,0,74,5.0,151,8063.01,0
ACC-01035,Starter,SaaS,7,708,7,0.263,0.288,28,0,0,50,4.5,140,166.62,0
ACC-01036,Growth,FinTech,22,312,11,0.577,0.608,146,3,0,-7,4.5,275,1029.03,0
ACC-01037,Starter,FinTech,6,182,6,0.258,0.093,87,1,0,56,3.2,30,94.45,0
ACC-01038,Starter,Healthcare,2,125,13,0.573,0.364,63,2,0,44,3.2,142,24.96,0
ACC-01039,Starter,FinTech,3,624,4,0.658,0.207,73,1,0,42,5.0,149,56.07,0
ACC-01040,Starter,Healthcare,3,510,11,0.297,0.547,0,3,3,69,3.6,79,73.07,0
ACC-01041,Starter,FinTech,1,434,8,0.629,0.489,53,1,0,36,3.5,121,20.67,0
ACC-01042,Growth,Healthcare,9,331,15,0.58,0.758,168,0,0,55,2.3,303,270.8,0
ACC-01043,Growth,SaaS,19,316,11,0.583,0.527,232,2,0,18,4.6,252,851.98,0
ACC-01044,Growth,Other,11,684,13,0.636,0.641,172,1,0,9,3.1,127,501.21,0
ACC-01045,Starter,FinTech,3,506,8,0.319,0.556,34,3,0,29,3.3,319,65.0,0
ACC-01046,Starter,SaaS,1,705,6,0.391,0.238,6,1,0,35,4.7,45,16.11,0
ACC-01047,Starter,SaaS,7,591,9,0.711,0.223,20,1,0,54,2.4,322,110.64,0
ACC-01048,Growth,SaaS,15,567,16,0.773,0.539,87,0,0,18,4.9,233,745.97,0
ACC-01049,Enterprise,FinTech,144,417,30,0.54,0.773,0,1,0,75,3.3,80,16511.49,0
ACC-01050,Starter,Healthcare,3,199,9,0.502,0.288,22,0,0,21,3.8,316,47.91,0
ACC-01051,Growth,Other,24,487,7,0.476,0.712,228,1,0,40,3.4,55,926.67,1
ACC-01052,Starter,E-commerce,7,531,12,0.557,0.584,65,1,0,42,3.0,212,117.42,0
ACC-01053,Starter,E-commerce,2,395,7,0.333,0.181,0,3,1,49,3.4,217,42.47,1
ACC-01054,Starter,FinTech,3,44,15,0.355,0.297,45,2,0,52,3.3,363,52.16,0
ACC-01055,Starter,Healthcare,2,702,13,0.536,0.184,49,0,0,92,3.0,83,43.89,0
ACC-01056,Growth,Healthcare,23,608,12,0.621,0.592,256,1,0,29,5.0,319,880.06,0
ACC-01057,Enterprise,SaaS,89,276,25,0.883,0.617,710,3,1,49,3.2,56,6926.45,0
ACC-01058,Starter,Other,4,375,6,0.324,0.263,13,1,0,40,2.6,93,93.51,0
ACC-01059,Growth,FinTech,26,116,14,0.682,0.451,204,0,0,64,2.5,18,845.82,0
ACC-01060,Growth,Healthcare,19,685,16,0.496,0.617,156,1,0,52,4.2,123,941.41,0
ACC-01061,Enterprise,Other,70,191,26,0.964,0.712,717,0,0,47,2.7,266,5376.85,0
ACC-01062,Growth,Healthcare,19,294,17,0.543,0.599,206,0,0,9,3.8,75,914.94,0
ACC-01063,Starter,SaaS,3,329,8,0.493,0.324,21,0,0,32,5.0,31,51.94,0
ACC-01064,Growth,E-commerce,14,214,23,0.548,0.669,280,1,0,21,4.0,205,729.96,0
ACC-01065,Starter,SaaS,3,474,7,0.191,0.32,33,3,1,32,4.1,6,46.66,1
ACC-01066,Enterprise,Healthcare,145,726,16,0.785,0.821,1047,1,0,24,3.5,239,16898.4,0
ACC-01067,Starter,SaaS,6,628,3,0.395,0.119,51,1,0,31,3.9,275,113.34,0
ACC-01068,Growth,E-commerce,12,401,19,0.705,0.746,162,0,0,33,3.7,274,654.08,0
ACC-01069,Starter,Other,4,121,8,0.631,0.246,67,2,0,33,4.1,38,57.33,0
ACC-01070,Starter,SaaS,4,634,9,0.533,0.309,23,0,0,36,5.0,195,66.54,0
ACC-01071,Enterprise,FinTech,128,209,20,0.682,0.586,441,2,0,22,3.6,120,8917.05,0
ACC-01072,Growth,E-commerce,26,667,12,0.75,0.648,133,2,0,43,3.3,49,1409.06,0
ACC-01073,Starter,FinTech,4,306,5,0.374,0.383,45,1,0,22,3.8,63,65.47,0
ACC-01074,Enterprise,SaaS,131,392,24,0.695,0.693,594,2,0,29,4.6,95,14792.84,0
ACC-01075,Enterprise,SaaS,58,335,22,0.802,0.657,154,1,0,41,3.7,276,6629.28,0
ACC-01076,Starter,FinTech,5,348,10,0.635,0.399,39,1,1,-15,4.1,173,67.08,1
ACC-01077,Growth,E-commerce,28,145,15,0.448,0.416,147,1,0,97,4.3,36,1193.21,0
ACC-01078,Growth,E-commerce,7,417,13,0.709,0.503,69,0,0,54,5.0,101,247.28,0
ACC-01079,Growth,SaaS,10,312,9,0.606,0.496,162,1,0,49,4.5,68,413.44,0
ACC-01080,Starter,FinTech,6,623,3,0.552,0.102,22,0,0,31,3.3,23,106.09,0
ACC-01081,Starter,FinTech,2,364,19,0.665,0.242,33,1,0,44,2.4,320,37.52,0
ACC-01082,Enterprise,SaaS,148,705,27,0.703,0.737,586,0,0,15,4.0,325,15399.73,0
ACC-01083,Enterprise,Healthcare,133,237,27,0.936,0.833,520,0,0,53,3.4,25,8498.28,0
ACC-01084,Growth,FinTech,15,259,12,0.519,0.656,90,1,1,5,3.6,192,478.47,0
ACC-01085,Enterprise,E-commerce,56,55,22,0.841,0.673,725,3,0,14,3.2,314,5325.85,0
ACC-01086,Growth,Other,26,547,11,0.476,0.529,227,1,1,26,3.5,219,961.8,1
ACC-01087,Growth,E-commerce,27,81,9,0.489,0.79,329,1,0,75,3.5,127,796.77,0
ACC-01088,Growth,E-commerce,16,229,12,0.646,0.518,351,2,1,18,3.8,41,556.85,0
ACC-01089,Growth,SaaS,15,667,19,0.742,0.673,17,2,0,49,3.4,38,448.01,0
ACC-01090,Growth,SaaS,28,457,17,0.564,0.529,272,1,0,-3,3.4,332,926.03,0
ACC-01091,Starter,SaaS,1,421,5,0.61,0.238,73,3,0,43,4.3,235,12.14,0
ACC-01092,Growth,Healthcare,10,593,13,0.441,0.515,223,1,0,80,3.9,315,326.85,0
ACC-01093,Starter,Healthcare,7,570,11,0.521,0.465,72,3,0,53,3.9,356,169.76,0
ACC-01094,Starter,SaaS,1,650,6,0.441,0.319,38,1,0,-4,3.9,145,12.79,0
ACC-01095,Growth,SaaS,10,495,14,0.389,0.464,260,2,0,43,3.3,258,287.83,0
ACC-01096,Starter,FinTech,4,344,9,0.428,0.228,34,2,1,32,4.9,76,88.61,1
ACC-01097,Starter,E-commerce,1,121,9,0.394,0.163,70,3,0,69,5.0,247,21.73,0
ACC-01098,Growth,E-commerce,18,288,15,0.423,0.51,274,0,0,40,4.8,290,690.34,0
ACC-01099,Enterprise,E-commerce,86,523,20,0.686,0.704,766,1,0,10,2.7,197,6724.3,0
ACC-01100,Starter,Other,2,207,6,0.379,0.45,9,1,0,39,3.4,211,31.33,0
ACC-01101,Starter,SaaS,3,499,4,0.256,0.416,9,0,0,27,4.4,168,52.25,0
ACC-01102,Starter,E-commerce,7,123,3,0.76,0.42,21,3,0,-6,3.4,304,159.62,1
ACC-01103,Growth,E-commerce,14,72,14,0.491,0.729,164,1,0,38,3.4,187,521.24,0
ACC-01104,Growth,FinTech,23,285,17,0.659,0.472,56,4,0,42,2.9,178,823.05,0
ACC-01105,Starter,Other,1,190,3,0.54,0.405,29,1,0,50,3.6,141,20.93,0
ACC-01106,Growth,SaaS,27,640,15,0.554,0.503,252,2,0,64,3.3,325,1239.1,0
ACC-01107,Starter,Healthcare,7,294,11,0.505,0.468,80,1,0,36,2.2,37,168.64,0
ACC-01108,Starter,Healthcare,1,323,2,0.812,0.197,78,1,0,9,4.7,262,21.99,0
ACC-01109,Enterprise,Other,104,312,21,0.73,0.684,383,2,0,24,4.2,158,7735.42,0
ACC-01110,Starter,E-commerce,2,252,14,0.512,0.321,81,2,1,42,3.0,131,29.67,0
ACC-01111,Starter,FinTech,1,672,10,0.44,0.469,42,1,0,69,4.5,162,18.12,0
ACC-01112,Starter,Healthcare,3,547,1,0.448,0.194,41,0,0,42,4.0,276,53.16,0
ACC-01113,Growth,Healthcare,5,141,16,0.713,0.44,153,0,0,39,4.7,131,162.73,0
ACC-01114,Enterprise,E-commerce,67,180,19,0.878,0.86,997,0,0,37,4.4,120,4767.89,0
ACC-01115,Enterprise,Healthcare,56,86,24,0.71,0.708,860,2,0,42,3.4,362,6700.5,0
ACC-01116,Starter,SaaS,2,209,6,0.476,0.289,24,1,0,84,4.4,159,44.96,0
ACC-01117,Starter,E-commerce,5,489,8,0.283,0.415,30,1,0,40,4.4,293,86.86,0
ACC-01118,Growth,Other,22,685,12,0.508,0.792,194,0,0,36,4.6,148,631.98,0
ACC-01119,Starter,FinTech,5,367,8,0.587,0.519,64,1,0,43,4.6,356,61.02,0
ACC-01120,Enterprise,FinTech,107,87,20,0.782,0.606,786,2,0,27,5.0,155,11277.74,0
ACC-01121,Growth,Other,7,63,13,0.723,0.463,74,1,1,8,4.6,136,219.48,0
ACC-01122,Starter,Healthcare,4,320,4,0.68,0.351,47,0,0,4,3.4,266,70.01,0
ACC-01123,Growth,Other,8,215,16,0.63,0.518,0,1,1,26,4.0,298,237.22,0
ACC-01124,Starter,FinTech,3,433,9,0.605,0.272,42,2,2,68,3.2,93,70.58,0
ACC-01125,Starter,Other,1,112,2,0.485,0.393,67,0,0,68,4.7,342,12.69,0
ACC-01126,Growth,SaaS,18,191,17,0.519,0.578,16,0,0,17,3.3,121,678.41,0
ACC-01127,Growth,E-commerce,20,419,13,0.712,0.846,231,1,0,39,5.0,327,1023.09,0
ACC-01128,Growth,FinTech,23,226,15,0.57,0.404,169,0,0,45,3.7,189,772.47,0
ACC-01129,Growth,Healthcare,16,285,17,0.606,0.608,130,0,0,26,3.9,211,848.92,0
ACC-01130,Enterprise,Other,104,185,23,0.769,0.673,541,2,0,71,3.6,104,8816.41,0
ACC-01131,Enterprise,Healthcare,149,66,26,0.817,0.699,502,2,0,59,3.4,63,13679.21,0
ACC-01132,Growth,E-commerce,8,271,13,0.755,0.654,72,0,0,50,3.5,52,250.46,0
ACC-01133,Starter,FinTech,6,260,12,0.468,0.167,35,3,0,44,4.1,45,74.99,1
ACC-01134,Growth,E-commerce,8,658,14,0.663,0.836,362,0,0,8,3.9,258,351.17,0
ACC-01135,Enterprise,E-commerce,107,654,24,0.984,0.783,1009,2,0,72,3.6,225,10946.29,0
ACC-01136,Starter,SaaS,4,332,9,0.319,0.686,28,0,0,55,4.1,220,94.97,0
ACC-01137,Growth,E-commerce,26,231,18,0.428,0.612,133,0,0,51,3.5,338,1141.59,0
ACC-01138,Starter,Other,5,322,11,0.281,0.517,50,2,0,26,3.9,345,101.02,0
ACC-01139,Starter,Healthcare,6,455,6,0.338,0.423,37,2,1,28,5.0,180,144.54,1
ACC-01140,Growth,Healthcare,29,300,12,0.565,0.578,289,0,0,53,3.5,272,1153.5,0
ACC-01141,Starter,FinTech,3,559,8,0.672,0.457,51,1,0,66,3.7,33,49.43,0
ACC-01142,Growth,E-commerce,15,704,11,0.528,0.533,256,1,0,80,3.1,210,644.39,0
ACC-01143,Growth,SaaS,9,312,10,0.748,0.682,106,2,0,26,3.7,160,286.21,0
ACC-01144,Growth,FinTech,18,112,7,0.662,0.731,229,1,1,39,4.2,100,974.48,0
ACC-01145,Starter,FinTech,7,114,3,0.301,0.434,2,1,1,-4,3.5,141,123.14,0
ACC-01146,Starter,SaaS,5,640,15,0.813,0.499,65,0,0,-12,3.1,76,67.22,0
ACC-01147,Growth,SaaS,14,321,12,0.69,0.344,229,1,0,54,4.2,189,507.51,0
ACC-01148,Growth,E-commerce,16,259,21,0.481,0.789,137,1,0,23,4.2,193,596.29,0
ACC-01149,Growth,FinTech,24,463,15,0.528,0.663,98,3,2,-1,4.3,47,676.0,0
ACC-01150,Enterprise,FinTech,26,699,22,0.639,0.789,359,3,1,16,3.0,170,2104.34,0
ACC-01151,Starter,SaaS,2,327,3,0.376,0.419,40,2,0,50,4.9,119,26.65,1
ACC-01152,Enterprise,E-commerce,92,250,22,0.82,0.898,395,3,1,50,3.6,150,8501.22,0
ACC-01153,Starter,FinTech,2,633,15,0.526,0.209,27,1,0,6,3.2,327,39.01,0
ACC-01154,Starter,FinTech,4,88,13,0.429,0.253,14,4,0,69,4.6,163,54.76,0
ACC-01155,Growth,E-commerce,25,620,15,0.635,0.682,233,0,0,27,4.8,240,939.49,0
ACC-01156,Starter,SaaS,6,394,4,0.8,0.339,12,1,0,48,3.7,81,73.06,0
ACC-01157,Starter,Other,3,44,5,0.516,0.197,59,1,0,43,3.3,351,68.14,0
ACC-01158,Starter,SaaS,7,189,5,0.548,0.505,34,0,0,42,4.2,156,145.49,0
ACC-01159,Starter,FinTech,1,505,12,0.417,0.363,0,2,1,21,3.0,118,20.44,0
ACC-01160,Growth,SaaS,29,557,20,0.635,0.491,150,1,0,41,5.0,19,1008.25,0
ACC-01161,Starter,E-commerce,3,166,9,0.468,0.21,0,0,0,48,3.2,310,41.41,0
ACC-01162,Growth,SaaS,10,490,13,0.701,0.623,114,1,0,38,4.1,206,390.01,0
ACC-01163,Growth,Other,22,722,19,0.466,0.351,334,3,0,44,3.8,56,740.35,0
ACC-01164,Starter,FinTech,5,510,5,0.616,0.544,0,1,0,66,3.3,205,88.97,0
ACC-01165,Starter,E-commerce,5,521,8,0.595,0.18,51,2,0,32,3.2,101,60.12,0
ACC-01166,Enterprise,SaaS,49,165,24,0.65,0.71,632,0,0,56,4.7,245,5071.15,0
ACC-01167,Growth,SaaS,21,476,11,0.391,0.66,333,0,0,37,4.2,68,712.88,0
ACC-01168,Growth,FinTech,19,526,12,0.452,0.55,79,0,0,73,3.4,261,762.19,0
ACC-01169,Growth,E-commerce,24,107,12,0.662,0.602,123,1,0,11,3.5,69,950.78,0
ACC-01170,Starter,FinTech,4,247,13,0.554,0.391,31,2,1,71,3.3,247,97.46,0
ACC-01171,Starter,Other,6,647,15,0.195,0.464,35,1,0,30,4.5,109,89.96,0
ACC-01172,Growth,Healthcare,25,729,14,0.745,0.606,133,2,0,88,4.5,294,1084.98,0
ACC-01173,Starter,Other,4,151,7,0.35,0.165,50,0,0,52,4.3,196,48.54,0
ACC-01174,Growth,SaaS,28,542,12,0.564,0.374,156,1,0,61,4.1,52,925.83,0
ACC-01175,Growth,Healthcare,10,381,14,0.578,0.445,188,1,0,38,4.3,317,290.01,0
ACC-01176,Growth,E-commerce,9,443,12,0.545,0.586,304,2,0,57,2.7,324,266.64,0
ACC-01177,Growth,E-commerce,19,387,14,0.349,0.614,228,0,0,57,4.1,121,742.56,0
ACC-01178,Starter,Other,7,636,9,0.661,0.262,80,0,0,39,4.6,144,159.67,0
ACC-01179,Starter,E-commerce,3,341,7,0.723,0.397,35,1,0,59,4.1,8,69.02,0
ACC-01180,Starter,Other,4,442,7,0.229,0.237,6,1,0,-32,3.9,245,98.86,0
ACC-01181,Growth,Healthcare,8,498,13,0.44,0.54,55,1,0,28,3.5,167,410.0,0
ACC-01182,Starter,SaaS,2,416,7,0.919,0.374,30,2,0,42,3.5,48,35.44,0
ACC-01183,Starter,E-commerce,6,645,6,0.631,0.457,54,1,1,53,3.5,239,141.04,0
ACC-01184,Starter,FinTech,5,196,11,0.514,0.335,33,2,1,63,4.1,85,67.73,0
ACC-01185,Starter,Other,3,693,2,0.485,0.416,76,1,0,36,3.6,89,50.14,0
ACC-01186,Growth,Healthcare,11,504,20,0.683,0.749,159,4,3,33,2.6,340,552.36,0
ACC-01187,Starter,SaaS,3,702,8,0.19,0.351,10,0,0,61,4.5,274,39.59,0
ACC-01188,Enterprise,SaaS,102,292,24,0.804,0.732,912,1,0,67,4.3,54,11608.83,0
ACC-01189,Starter,SaaS,7,365,11,0.463,0.512,0,5,0,58,4.1,210,170.41,0
ACC-01190,Growth,FinTech,6,60,12,0.478,0.53,284,1,0,39,3.2,172,234.29,0
ACC-01191,Starter,SaaS,6,676,5,0.392,0.443,60,3,0,98,3.6,56,140.57,1
ACC-01192,Starter,Healthcare,3,601,4,0.864,0.208,0,1,0,44,4.3,39,67.18,0
ACC-01193,Enterprise,E-commerce,49,237,21,0.645,0.73,1172,1,0,47,3.9,317,5228.13,0
ACC-01194,Enterprise,Healthcare,43,66,24,0.54,0.914,647,1,0,78,3.4,38,4164.04,0
ACC-01195,Enterprise,SaaS,125,517,20,0.767,0.598,604,1,0,76,4.8,220,9570.95,0
ACC-01196,Starter,E-commerce,2,500,10,0.568,0.321,13,0,0,58,3.3,362,34.39,0
ACC-01197,Starter,SaaS,3,399,0,0.408,0.633,35,4,0,22,1.8,144,68.5,0
ACC-01198,Growth,Other,16,139,13,0.543,0.699,57,3,0,44,4.0,234,580.07,0
ACC-01199,Starter,SaaS,1,672,12,0.547,0.262,67,3,0,53,4.0,164,15.91,0
ACC-01200,Growth,SaaS,28,332,13,0.482,0.675,264,0,0,85,3.9,233,1280.18,0
ACC-01201,Growth,SaaS,24,537,11,0.481,0.569,150,3,1,100,4.2,104,1215.61,0
ACC-01202,Growth,Healthcare,9,631,12,0.887,0.612,198,0,0,29,3.5,102,452.27,0
ACC-01203,Growth,SaaS,23,413,3,0.406,0.391,97,1,1,61,4.6,207,1030.36,0
ACC-01204,Growth,E-commerce,9,96,10,0.616,0.644,210,1,0,24,2.9,59,480.33,0
ACC-01205,Starter,Healthcare,7,651,12,0.575,0.436,22,0,0,39,3.9,207,85.65,0
ACC-01206,Starter,Healthcare,2,497,6,0.557,0.148,25,1,0,23,3.5,225,44.13,0
ACC-01207,Growth,SaaS,5,656,12,0.809,0.493,141,0,0,79,4.6,358,167.51,0
ACC-01208,Growth,SaaS,23,458,6,0.711,0.598,220,3,0,47,3.3,94,1229.14,0
ACC-01209,Starter,FinTech,6,665,2,0.157,0.346,63,1,0,48,3.9,43,99.25,0
ACC-01210,Starter,SaaS,6,637,12,0.597,0.186,28,0,0,43,4.0,102,95.29,0
ACC-01211,Growth,E-commerce,17,180,16,0.323,0.598,158,0,0,50,4.0,293,745.56,0
ACC-01212,Growth,FinTech,5,150,9,0.575,0.648,182,0,0,51,3.4,156,142.98,0
ACC-01213,Growth,FinTech,24,142,12,0.653,0.692,202,2,0,27,4.2,64,1013.26,0
ACC-01214,Starter,SaaS,7,589,8,0.577,0.549,65,1,0,5,3.9,86,147.32,0
ACC-01215,Starter,E-commerce,1,198,4,0.656,0.391,41,2,0,13,4.1,293,12.28,0
ACC-01216,Growth,SaaS,25,345,7,0.659,0.423,194,1,0,7,5.0,343,1199.14,0
ACC-01217,Starter,E-commerce,4,581,7,0.528,0.544,21,4,0,46,4.0,59,50.67,0
ACC-01218,Growth,SaaS,20,330,16,0.783,0.754,173,0,0,24,3.2,213,1064.59,0
ACC-01219,Growth,Other,14,73,16,0.696,0.724,109,2,0,64,5.0,358,755.01,0
ACC-01220,Starter,E-commerce,1,283,11,0.542,0.292,45,1,0,47,4.6,29,23.2,0
ACC-01221,Starter,SaaS,4,96,3,0.387,0.425,59,3,1,2,4.4,62,92.07,0
ACC-01222,Starter,SaaS,6,299,8,0.647,0.292,20,0,0,33,3.8,178,112.31,0
ACC-01223,Enterprise,FinTech,50,545,21,0.855,0.714,859,3,0,-5,4.4,29,4081.24,0
ACC-01224,Growth,SaaS,11,393,14,0.596,0.416,127,3,1,17,2.5,206,319.71,0
ACC-01225,Starter,SaaS,3,502,7,0.483,0.29,0,1,0,31,5.0,252,47.8,0
ACC-01226,Enterprise,Other,102,104,20,0.808,0.491,518,2,1,21,4.5,134,10468.43,0
ACC-01227,Growth,E-commerce,9,555,3,0.641,0.552,225,2,1,83,3.8,335,428.34,0
ACC-01228,Growth,SaaS,23,327,18,0.837,0.552,165,3,1,58,4.5,319,994.93,0
ACC-01229,Enterprise,E-commerce,57,230,23,0.791,0.568,513,4,1,35,4.3,264,5113.82,0
ACC-01230,Starter,SaaS,7,486,3,0.545,0.335,83,3,0,73,3.2,192,163.19,0
ACC-01231,Starter,Other,6,124,10,0.323,0.466,49,0,0,21,4.0,42,111.99,0
ACC-01232,Growth,SaaS,28,378,12,0.612,0.631,38,0,0,35,4.2,90,846.55,0
ACC-01233,Starter,Healthcare,3,325,7,0.203,0.418,36,1,0,61,3.8,354,45.18,0
ACC-01234,Growth,Healthcare,19,146,11,0.576,0.383,194,1,0,17,3.7,199,1015.2,0
ACC-01235,Starter,SaaS,2,696,10,0.246,0.289,32,2,0,57,4.5,160,30.29,1
ACC-01236,Starter,SaaS,6,284,5,0.604,0.188,86,1,0,48,4.0,265,114.95,0
ACC-01237,Starter,FinTech,7,58,4,0.54,0.31,65,2,0,55,5.0,91,96.91,0
ACC-01238,Starter,Other,2,340,12,0.548,0.281,29,1,0,82,3.4,116,46.99,0
ACC-01239,Starter,E-commerce,1,706,7,0.701,0.547,12,1,0,52,4.2,144,24.58,0
ACC-01240,Starter,E-commerce,2,498,7,0.433,0.379,48,1,0,45,3.3,319,30.93,1
ACC-01241,Enterprise,Healthcare,24,475,24,0.722,0.683,630,1,0,9,4.4,173,1825.35,0
ACC-01242,Starter,Healthcare,6,660,6,0.49,0.217,0,1,0,47,3.1,25,104.0,0
ACC-01243,Starter,FinTech,3,88,6,0.467,0.439,43,0,0,31,4.1,174,56.41,0
ACC-01244,Starter,E-commerce,2,415,9,0.676,0.547,0,2,0,39,4.7,112,44.03,0
ACC-01245,Starter,Healthcare,2,254,3,0.792,0.454,31,3,1,32,3.9,175,39.84,0
ACC-01246,Starter,SaaS,1,503,9,0.415,0.193,0,2,0,53,3.2,338,20.65,1
ACC-01247,Growth,Other,27,626,11,0.747,0.382,187,1,0,20,4.6,120,1184.5,0
ACC-01248,Starter,SaaS,3,84,11,0.528,0.363,22,1,0,47,4.2,101,45.34,0
ACC-01249,Enterprise,SaaS,117,140,24,0.847,0.626,507,1,0,19,3.8,176,13005.4,0
ACC-01250,Enterprise,Healthcare,122,698,23,0.805,0.869,747,4,1,2,3.2,32,10808.58,0
ACC-01251,Starter,FinTech,2,374,2,0.43,0.292,24,4,1,34,2.8,79,38.43,1
ACC-01252,Starter,SaaS,7,250,8,0.05,0.345,0,2,2,52,5.0,21,102.89,0
ACC-01253,Starter,SaaS,7,136,4,0.71,0.278,49,1,0,25,3.5,330,130.53,0
ACC-01254,Growth,E-commerce,15,278,14,0.392,0.482,122,0,0,45,3.2,276,510.92,0
ACC-01255,Starter,Healthcare,4,33,0,0.444,0.516,63,4,0,34,4.1,62,82.49,0
ACC-01256,Enterprise,SaaS,66,185,17,0.784,0.748,787,0,0,19,3.2,126,5804.54,0
ACC-01257,Growth,SaaS,10,158,18,0.687,0.53,275,0,0,54,4.2,44,319.76,0
ACC-01258,Growth,FinTech,20,89,15,0.476,0.404,245,2,0,28,4.8,280,769.74,0
ACC-01259,Growth,Other,29,708,13,0.345,0.422,211,1,0,50,3.2,52,1035.9,0
ACC-01260,Enterprise,SaaS,105,583,19,0.983,0.715,736,3,0,10,3.7,239,9364.83,0
ACC-01261,Starter,Other,5,688,4,0.502,0.328,1,0,0,45,4.2,211,68.96,0
ACC-01262,Starter,Other,5,198,9,0.475,0.069,28,0,0,56,3.0,275,76.36,0
ACC-01263,Starter,SaaS,5,231,7,0.619,0.335,0,0,0,50,3.3,311,109.73,0
ACC-01264,Enterprise,Healthcare,145,227,27,0.85,0.707,631,1,0,62,3.8,335,11043.92,0
ACC-01265,Growth,E-commerce,5,420,13,0.688,0.692,139,1,0,56,5.0,124,265.28,0
ACC-01266,Growth,E-commerce,25,157,14,0.805,0.608,228,1,0,49,3.3,298,1136.34,0
ACC-01267,Starter,FinTech,5,194,3,0.384,0.286,24,2,1,61,3.7,67,79.99,0
ACC-01268,Enterprise,Healthcare,61,712,21,0.778,0.816,245,2,0,34,5.0,59,4342.45,0
ACC-01269,Growth,Healthcare,25,276,15,0.611,0.378,168,6,1,53,4.5,323,1368.92,0
ACC-01270,Growth,Healthcare,11,576,13,0.632,0.627,0,1,0,42,2.7,331,597.88,0
ACC-01271,Enterprise,Other,61,190,20,0.646,0.656,604,1,1,83,3.7,247,5451.62,0
ACC-01272,Starter,FinTech,2,680,9,0.449,0.543,72,0,0,48,4.3,125,44.93,0
ACC-01273,Starter,Healthcare,4,515,13,0.326,0.283,10,0,0,14,4.9,154,70.52,0
ACC-01274,Growth,Other,18,633,15,0.742,0.631,298,2,0,48,4.9,294,724.1,0
ACC-01275,Starter,SaaS,7,391,12,0.679,0.091,63,1,0,21,4.3,87,155.16,1
ACC-01276,Starter,SaaS,5,664,10,0.193,0.396,30,2,0,58,4.4,192,106.91,0
ACC-01277,Starter,FinTech,3,283,12,0.247,0.233,41,1,1,58,3.0,146,55.72,0
ACC-01278,Starter,Other,6,365,6,0.63,0.399,42,1,0,29,3.4,68,119.05,0
ACC-01279,Enterprise,SaaS,122,73,21,0.783,0.835,859,2,1,19,3.0,212,14047.38,0
ACC-01280,Growth,Healthcare,13,149,13,0.763,0.506,107,0,0,45,4.6,253,622.26,0
ACC-01281,Starter,SaaS,5,569,10,0.602,0.283,45,2,0,22,4.2,88,111.82,0
ACC-01282,Starter,FinTech,1,258,11,0.726,0.194,41,1,0,24,4.0,245,17.11,1
ACC-01283,Starter,E-commerce,5,101,8,0.351,0.283,17,0,0,31,5.0,335,124.05,0
ACC-01284,Growth,SaaS,11,234,17,0.645,0.62,206,2,0,56,4.3,331,322.53,0
ACC-01285,Enterprise,Other,134,276,20,0.751,0.364,796,1,0,9,4.7,333,11245.04,0
ACC-01286,Enterprise,SaaS,136,531,25,0.947,0.712,1093,1,1,25,4.4,152,13665.95,0
ACC-01287,Starter,Other,6,93,12,0.372,0.221,48,2,0,95,4.5,251,131.23,0
ACC-01288,Starter,SaaS,3,47,10,0.63,0.482,48,0,0,85,3.2,269,65.82,0
ACC-01289,Growth,Other,23,536,14,0.576,0.678,174,2,0,69,4.6,355,1051.98,0
ACC-01290,Growth,E-commerce,20,129,16,0.306,0.446,147,2,1,43,4.2,191,696.66,0
ACC-01291,Growth,SaaS,21,323,11,0.634,0.644,228,1,0,59,3.6,308,957.73,0
ACC-01292,Growth,SaaS,19,508,15,0.546,0.538,64,3,1,34,4.4,203,907.02,0
ACC-01293,Growth,SaaS,28,389,15,0.359,0.396,132,2,0,-18,4.8,300,1002.03,0
ACC-01294,Starter,E-commerce,1,116,3,0.683,0.424,72,0,0,29,3.8,128,13.73,0
ACC-01295,Starter,Healthcare,3,535,10,0.561,0.354,24,4,0,32,3.4,31,47.04,1
ACC-01296,Starter,FinTech,1,63,4,0.33,0.453,26,0,0,43,3.4,135,19.36,0
ACC-01297,Starter,FinTech,7,192,7,0.25,0.543,14,2,0,53,2.9,125,106.57,0
ACC-01298,Starter,E-commerce,7,106,8,0.263,0.263,41,2,1,78,3.8,293,117.04,0
ACC-01299,Growth,E-commerce,27,388,11,0.814,0.332,37,0,0,43,4.3,254,1361.27,0
ACC-01300,Starter,E-commerce,3,513,8,0.687,0.42,14,5,0,20,5.0,233,67.47,0
ACC-01301,Starter,FinTech,6,484,8,0.553,0.405,62,3,0,38,3.3,73,107.86,0
ACC-01302,Growth,Healthcare,17,127,11,0.862,0.685,216,2,0,56,4.2,252,716.65,0
ACC-01303,Growth,Other,10,270,16,0.652,0.549,170,1,0,40,3.9,250,513.14,0
ACC-01304,Starter,FinTech,7,132,5,0.441,0.28,37,0,0,24,3.9,340,164.54,0
ACC-01305,Growth,SaaS,22,269,22,0.563,0.725,148,0,0,54,2.8,100,687.94,0
ACC-01306,Enterprise,SaaS,41,191,22,0.686,0.612,542,1,0,17,3.2,253,2651.07,0
ACC-01307,Growth,E-commerce,17,548,10,0.614,0.737,207,1,0,23,5.0,32,871.52,0
ACC-01308,Growth,FinTech,27,555,11,0.364,0.431,93,0,0,51,4.6,269,1375.97,0
ACC-01309,Starter,Other,3,602,12,0.353,0.402,65,0,0,25,4.1,297,60.52,0
ACC-01310,Enterprise,E-commerce,131,170,21,0.805,0.76,764,1,0,34,4.2,283,13367.44,0
ACC-01311,Starter,E-commerce,7,39,3,0.436,0.37,49,4,0,42,4.4,167,138.74,1
ACC-01312,Enterprise,Healthcare,126,54,25,0.837,0.702,854,1,0,41,3.6,159,13646.93,0
ACC-01313,Growth,SaaS,11,620,13,0.687,0.491,226,0,0,21,3.6,17,344.01,0
ACC-01314,Starter,Healthcare,5,664,10,0.488,0.32,34,4,2,49,3.5,170,83.05,0
ACC-01315,Starter,SaaS,6,178,11,0.541,0.444,57,0,0,22,4.0,264,118.33,0
ACC-01316,Growth,E-commerce,10,643,15,0.551,0.555,140,1,0,78,3.1,357,285.38,0
ACC-01317,Growth,Other,23,400,22,0.707,0.717,156,2,1,33,3.4,43,739.48,0
ACC-01318,Starter,Healthcare,6,159,2,0.806,0.193,46,1,0,55,4.3,206,80.24,0
ACC-01319,Growth,Other,11,249,11,0.494,0.662,120,2,2,58,3.7,93,544.1,0
ACC-01320,Enterprise,FinTech,71,215,21,0.726,0.706,937,1,0,34,2.7,140,6346.52,0
ACC-01321,Growth,Healthcare,22,564,22,0.893,0.599,53,0,0,21,3.6,287,1068.92,0
ACC-01322,Growth,E-commerce,14,161,20,0.619,0.546,231,1,0,58,4.3,25,759.89,0
ACC-01323,Starter,E-commerce,6,158,13,0.666,0.204,54,2,0,11,4.0,24,107.88,0
ACC-01324,Growth,SaaS,18,533,11,0.516,0.608,78,1,0,14,2.7,82,719.23,0
ACC-01325,Starter,SaaS,3,241,6,0.296,0.53,51,2,1,55,4.6,96,59.88,0
ACC-01326,Enterprise,E-commerce,54,205,19,0.59,0.601,668,1,0,38,3.7,285,5023.31,0
ACC-01327,Starter,SaaS,6,595,5,0.592,0.085,42,2,1,26,4.1,103,122.75,0
ACC-01328,Growth,Healthcare,10,682,19,0.769,0.561,247,1,0,31,4.6,338,319.18,0
ACC-01329,Starter,Healthcare,7,418,7,0.28,0.216,71,2,0,24,3.8,356,98.39,0
ACC-01330,Starter,Other,2,609,8,0.481,0.448,61,3,1,90,2.6,287,25.71,0
ACC-01331,Growth,SaaS,15,618,17,0.524,0.706,252,2,0,64,5.0,177,438.07,0
ACC-01332,Growth,Other,21,441,8,0.464,0.598,108,4,1,24,2.4,291,802.28,0
ACC-01333,Growth,SaaS,24,610,14,0.65,0.516,417,1,0,35,3.7,63,1224.29,0
ACC-01334,Enterprise,FinTech,145,36,18,0.687,0.746,776,1,0,55,4.8,320,14462.1,0
ACC-01335,Enterprise,Healthcare,143,54,21,0.802,0.712,574,2,0,21,3.4,125,12137.17,0
ACC-01336,Enterprise,SaaS,149,648,20,0.643,0.732,906,0,0,30,3.5,165,12488.29,0
ACC-01337,Starter,SaaS,1,128,6,0.512,0.136,65,1,0,35,3.7,328,15.6,0
ACC-01338,Growth,SaaS,10,539,15,0.67,0.515,196,0,0,23,3.8,55,520.61,0
ACC-01339,Enterprise,E-commerce,124,324,23,0.762,0.764,160,1,0,66,3.3,41,14798.7,0
ACC-01340,Starter,Healthcare,6,581,7,0.412,0.49,26,1,0,26,3.5,228,144.42,0
ACC-01341,Starter,SaaS,1,495,9,0.381,0.286,46,3,1,39,4.7,358,12.78,0
ACC-01342,Growth,SaaS,29,80,11,0.581,0.651,331,1,0,45,3.5,332,1263.17,0
ACC-01343,Growth,E-commerce,22,265,16,0.578,0.442,50,1,0,77,4.3,360,640.3,0
ACC-01344,Growth,SaaS,22,525,13,0.596,0.462,306,2,0,40,3.3,165,940.28,0
ACC-01345,Enterprise,Healthcare,85,675,20,0.826,0.707,711,0,0,89,4.9,226,6211.89,0
ACC-01346,Growth,Other,19,593,11,0.643,0.429,189,0,0,34,4.6,299,739.7,0
ACC-01347,Starter,Healthcare,4,654,7,0.349,0.279,76,1,0,37,3.8,71,94.74,0
ACC-01348,Starter,Other,4,699,15,0.709,0.177,7,0,0,63,4.3,320,66.15,0
ACC-01349,Starter,E-commerce,5,655,8,0.611,0.206,19,0,0,84,5.0,308,98.05,0
ACC-01350,Starter,Healthcare,5,436,4,0.291,0.076,29,1,0,36,3.2,33,74.3,0
ACC-01351,Growth,SaaS,29,265,17,0.615,0.57,229,1,0,69,3.2,178,1314.07,0
ACC-01352,Growth,SaaS,27,385,12,0.603,0.485,121,0,0,61,4.2,158,1344.48,0
ACC-01353,Starter,E-commerce,3,586,9,0.386,0.213,18,0,0,25,3.0,292,55.44,0
ACC-01354,Starter,SaaS,4,327,6,0.359,0.198,60,1,1,42,2.8,168,71.91,1
ACC-01355,Enterprise,Other,52,611,26,0.785,0.719,393,0,0,41,2.8,340,3348.54,0
ACC-01356,Starter,E-commerce,7,520,6,0.644,0.274,46,0,0,19,4.0,160,92.25,0
ACC-01357,Growth,Other,23,176,19,0.552,0.509,342,1,1,46,2.5,178,739.09,0
ACC-01358,Growth,FinTech,18,674,10,0.638,0.742,32,3,0,44,3.6,99,947.62,1
ACC-01359,Growth,FinTech,12,622,13,0.332,0.538,259,2,1,50,1.5,309,536.95,0
ACC-01360,Starter,Healthcare,4,449,13,0.479,0.282,1,0,0,44,4.2,181,85.44,0
ACC-01361,Growth,SaaS,26,165,15,0.466,0.527,101,1,1,27,4.3,182,1001.07,0
ACC-01362,Starter,E-commerce,5,189,16,0.435,0.124,28,1,0,96,3.8,265,82.13,0
ACC-01363,Growth,E-commerce,29,617,13,0.959,0.603,127,4,0,47,4.7,280,1498.69,0
ACC-01364,Starter,Other,7,42,9,0.654,0.361,27,0,0,71,4.5,249,108.63,0
ACC-01365,Growth,Healthcare,27,368,21,0.792,0.363,0,2,0,52,3.3,63,818.39,0
ACC-01366,Growth,SaaS,17,463,9,0.74,0.344,291,1,0,75,3.3,339,481.04,0
ACC-01367,Starter,FinTech,1,192,2,0.383,0.37,59,0,0,25,4.5,302,18.99,1
ACC-01368,Starter,E-commerce,6,635,5,0.638,0.331,64,0,0,40,4.4,269,128.09,0
ACC-01369,Starter,SaaS,4,395,11,0.662,0.41,0,2,1,32,3.7,204,64.46,0
ACC-01370,Starter,FinTech,2,76,2,0.313,0.604,27,0,0,29,2.7,276,47.88,0
ACC-01371,Starter,SaaS,3,254,10,0.458,0.38,28,0,0,48,4.6,259,38.85,0
ACC-01372,Enterprise,SaaS,20,308,24,0.693,0.798,500,0,0,37,3.9,109,1421.97,0
ACC-01373,Starter,E-commerce,1,185,15,0.364,0.402,82,0,0,11,3.9,173,20.79,0
ACC-01374,Growth,SaaS,14,688,18,0.627,0.485,218,1,0,35,1.9,16,399.66,0
ACC-01375,Enterprise,E-commerce,114,282,23,0.603,0.861,264,1,0,34,4.3,6,12689.03,0
ACC-01376,Starter,SaaS,7,381,13,0.399,0.554,36,0,0,61,3.9,189,93.01,0
ACC-01377,Growth,Healthcare,17,404,16,0.864,0.554,189,1,0,10,3.5,275,553.92,0
ACC-01378,Enterprise,SaaS,32,184,20,0.951,0.808,488,0,0,31,3.3,285,3796.33,0
ACC-01379,Growth,Other,15,427,10,0.78,0.697,193,2,1,25,4.0,301,704.33,0
ACC-01380,Starter,SaaS,4,277,6,0.618,0.369,39,0,0,58,4.2,148,91.82,0
ACC-01381,Starter,E-commerce,5,37,8,0.369,0.244,72,1,0,30,3.6,199,78.77,0
ACC-01382,Starter,FinTech,4,315,9,0.8,0.334,43,2,0,65,4.3,298,48.53,0
ACC-01383,Growth,SaaS,29,438,7,0.678,0.476,299,1,0,41,3.1,16,1082.69,0
ACC-01384,Enterprise,FinTech,44,112,21,0.727,0.754,468,1,0,53,3.4,228,3172.79,0
ACC-01385,Enterprise,Healthcare,74,575,22,0.925,0.773,282,1,0,66,4.4,145,6103.79,0
ACC-01386,Starter,Other,7,492,10,0.621,0.449,48,1,0,16,3.6,124,155.36,0
ACC-01387,Growth,FinTech,20,246,20,0.488,0.41,257,1,0,37,5.0,210,900.49,0
ACC-01388,Starter,SaaS,6,444,9,0.093,0.338,76,0,0,51,4.1,128,83.26,0
ACC-01389,Enterprise,Healthcare,137,242,19,0.607,0.634,132,0,0,46,3.1,217,12373.7,0
ACC-01390,Starter,E-commerce,4,483,2,0.485,0.425,57,1,0,13,2.8,250,76.13,0
ACC-01391,Enterprise,SaaS,65,137,24,0.964,0.748,777,1,1,57,4.4,188,6717.08,0
ACC-01392,Growth,Healthcare,17,457,11,0.537,0.446,176,2,1,43,3.5,212,769.3,0
ACC-01393,Starter,E-commerce,6,68,11,0.308,0.192,35,1,0,45,4.5,147,141.75,0
ACC-01394,Starter,E-commerce,3,41,13,0.416,0.453,4,1,0,37,3.5,29,68.46,0
ACC-01395,Growth,FinTech,24,208,9,0.413,0.316,269,0,0,-28,4.1,126,1266.9,0
ACC-01396,Starter,FinTech,1,152,10,0.427,0.215,2,1,0,54,3.7,203,20.36,0
ACC-01397,Growth,SaaS,16,373,19,0.602,0.569,5,0,0,55,4.1,135,765.68,0
ACC-01398,Enterprise,Healthcare,39,145,26,0.954,0.509,786,1,0,33,4.4,20,4127.13,0
ACC-01399,Growth,SaaS,28,201,7,0.547,0.677,246,5,0,9,3.9,188,1363.75,0
ACC-01400,Starter,Healthcare,4,98,5,0.313,0.403,39,2,0,30,4.4,201,49.23,1
ACC-01401,Starter,Healthcare,7,650,4,0.618,0.293,35,2,0,64,2.7,320,115.16,0
ACC-01402,Starter,Healthcare,2,544,10,0.37,0.313,0,4,0,33,4.2,338,36.94,0
ACC-01403,Enterprise,SaaS,99,182,23,0.681,0.715,741,1,0,42,3.9,213,8779.01,0
ACC-01404,Starter,SaaS,5,114,0,0.805,0.196,55,0,0,35,3.7,38,93.66,0
ACC-01405,Starter,FinTech,4,625,7,0.434,0.571,90,2,0,49,2.2,289,55.58,0
ACC-01406,Starter,E-commerce,7,497,11,0.414,0.345,52,2,0,13,2.7,179,158.38,1
ACC-01407,Enterprise,Other,20,650,23,0.722,0.614,937,1,0,38,4.1,219,1859.43,0
ACC-01408,Starter,FinTech,1,154,9,0.212,0.253,52,3,0,66,4.1,283,23.22,0
ACC-01409,Enterprise,Other,85,281,21,0.89,0.748,337,1,0,22,4.2,234,7250.08,0
ACC-01410,Growth,SaaS,12,112,10,0.5,0.549,122,0,0,36,3.9,159,442.84,0
ACC-01411,Growth,FinTech,29,326,14,0.684,0.837,44,3,0,65,3.1,309,1378.24,0
ACC-01412,Enterprise,SaaS,36,143,22,0.754,0.6,622,2,0,58,3.2,134,2900.39,0
ACC-01413,Growth,Healthcare,22,32,16,0.597,0.673,290,1,0,52,2.4,238,1008.01,0
ACC-01414,Enterprise,SaaS,118,385,24,0.86,0.631,351,1,0,51,4.0,212,12269.0,0
ACC-01415,Starter,SaaS,4,715,8,0.649,0.208,0,0,0,50,5.0,299,95.94,0
ACC-01416,Growth,Healthcare,13,481,18,0.545,0.592,129,2,0,37,3.8,312,503.38,0
ACC-01417,Growth,E-commerce,26,559,13,0.68,0.512,218,1,1,66,3.4,89,1264.24,0
ACC-01418,Growth,SaaS,20,598,9,0.652,0.293,58,1,1,32,3.9,317,587.78,0
ACC-01419,Enterprise,SaaS,76,710,24,0.798,0.859,815,1,0,20,3.8,216,5258.0,0
ACC-01420,Enterprise,E-commerce,99,119,22,0.631,0.7,641,1,0,12,2.7,102,10134.37,0
ACC-01421,Growth,FinTech,22,205,16,0.708,0.626,22,1,0,28,4.1,226,847.14,0
ACC-01422,Growth,SaaS,15,461,10,0.575,0.558,360,2,1,28,3.8,353,489.6,0
ACC-01423,Growth,E-commerce,8,604,20,0.696,0.676,190,2,0,26,3.8,227,251.85,0
ACC-01424,Starter,SaaS,6,571,10,0.411,0.639,67,0,0,16,5.0,63,131.15,0
ACC-01425,Starter,E-commerce,7,539,7,0.691,0.279,31,4,0,50,3.8,183,101.42,0
ACC-01426,Starter,FinTech,3,248,5,0.571,0.4,39,2,0,21,5.0,81,52.68,0
ACC-01427,Starter,SaaS,1,285,12,0.696,0.449,42,1,0,54,3.3,99,18.0,0
ACC-01428,Starter,SaaS,5,85,4,0.507,0.276,38,1,0,58,2.8,257,123.59,0
ACC-01429,Growth,SaaS,10,249,22,0.805,0.483,251,1,0,99,3.3,46,314.84,0
ACC-01430,Starter,SaaS,5,139,6,0.569,0.29,23,2,1,32,4.7,317,65.01,0
ACC-01431,Enterprise,FinTech,104,686,28,0.772,0.685,739,0,0,38,3.4,330,11778.8,0
ACC-01432,Growth,Other,6,94,13,0.977,0.565,6,1,0,26,2.9,71,203.89,0
ACC-01433,Starter,Healthcare,5,284,14,0.501,0.333,0,3,1,16,4.1,117,72.63,0
ACC-01434,Starter,FinTech,6,651,5,0.201,0.211,77,0,0,33,3.6,122,107.04,0
ACC-01435,Starter,E-commerce,3,699,8,0.602,0.574,17,1,0,25,4.3,23,59.42,0
ACC-01436,Enterprise,E-commerce,31,293,25,0.748,0.555,299,2,0,16,3.4,32,3010.59,0
ACC-01437,Starter,Healthcare,4,355,10,0.485,0.159,78,1,0,47,3.3,272,52.53,0
ACC-01438,Growth,SaaS,15,396,18,0.54,0.446,129,1,0,18,5.0,170,661.41,0
ACC-01439,Enterprise,SaaS,31,605,20,0.922,0.734,872,0,0,54,3.3,87,2109.4,0
ACC-01440,Enterprise,FinTech,21,568,22,0.72,0.683,972,0,0,61,3.3,191,1969.79,0
ACC-01441,Starter,SaaS,6,396,12,0.803,0.347,74,1,0,23,4.2,93,96.04,0
ACC-01442,Starter,FinTech,3,290,6,0.433,0.35,36,3,0,73,1.9,217,42.93,1
ACC-01443,Starter,Other,1,290,10,0.595,0.249,14,0,0,51,4.4,68,21.21,0
ACC-01444,Starter,Other,3,484,7,0.833,0.312,14,0,0,40,5.0,72,45.16,0
ACC-01445,Starter,SaaS,3,614,9,0.609,0.444,82,1,0,3,4.5,305,62.7,0
ACC-01446,Growth,FinTech,13,83,14,0.732,0.546,66,1,0,4,3.2,104,625.05,0
ACC-01447,Enterprise,FinTech,26,568,19,0.74,0.662,558,1,1,77,3.4,108,1811.09,0
ACC-01448,Growth,FinTech,28,366,13,0.537,0.502,177,1,0,71,3.9,276,1197.85,0
ACC-01449,Growth,E-commerce,10,131,15,0.578,0.735,218,1,0,77,4.2,150,439.17,0
ACC-01450,Starter,SaaS,3,97,8,0.662,0.38,43,3,1,83,5.0,44,60.69,0
ACC-01451,Growth,Healthcare,15,265,20,0.612,0.556,200,3,0,72,5.0,282,645.42,0
ACC-01452,Growth,Other,8,203,18,0.88,0.415,207,0,0,47,3.7,6,232.39,0
ACC-01453,Enterprise,E-commerce,28,102,23,0.73,0.638,257,3,0,54,3.5,165,2031.7,0
ACC-01454,Enterprise,E-commerce,51,235,19,1.0,0.8,483,2,1,27,3.4,145,5771.03,0
ACC-01455,Starter,E-commerce,2,613,5,0.05,0.207,91,2,0,47,4.4,243,44.96,0
ACC-01456,Starter,FinTech,2,532,15,0.371,0.356,27,0,0,58,4.7,213,45.86,0
ACC-01457,Starter,SaaS,2,176,4,0.479,0.331,73,0,0,59,3.9,214,46.62,0
ACC-01458,Starter,E-commerce,6,501,8,0.401,0.332,25,1,0,39,3.9,325,135.71,0
ACC-01459,Enterprise,SaaS,116,346,23,0.649,0.741,674,2,0,-3,5.0,219,10614.66,0
ACC-01460,Starter,Healthcare,5,552,7,0.486,0.445,0,1,0,9,4.4,19,120.44,0
ACC-01461,Growth,FinTech,8,203,10,0.637,0.697,181,0,0,52,2.5,26,408.28,0
ACC-01462,Growth,FinTech,10,73,11,0.737,0.435,238,1,0,31,3.9,125,463.17,0
ACC-01463,Starter,FinTech,4,248,6,0.686,0.356,11,1,0,57,4.0,9,57.83,0
ACC-01464,Starter,Other,4,725,6,0.489,0.197,18,2,1,15,3.7,313,68.34,0
ACC-01465,Growth,SaaS,20,419,19,0.47,0.487,243,1,1,72,4.8,281,847.22,0
ACC-01466,Growth,SaaS,28,68,14,0.656,0.376,161,0,0,21,3.7,261,1313.45,0
ACC-01467,Starter,SaaS,2,712,6,0.448,0.275,25,0,0,74,3.2,251,45.87,0
ACC-01468,Starter,E-commerce,6,608,8,0.647,0.412,8,0,0,8,3.4,232,106.53,0
ACC-01469,Growth,Other,27,410,16,0.773,0.255,236,0,0,55,4.4,129,1378.79,0
ACC-01470,Starter,SaaS,1,548,7,0.569,0.308,56,1,0,22,3.0,8,20.33,0
ACC-01471,Enterprise,Other,102,159,25,0.579,0.729,806,0,0,42,3.6,48,6951.67,0
ACC-01472,Starter,SaaS,7,444,4,0.779,0.233,40,0,0,66,4.5,172,157.8,0
ACC-01473,Starter,E-commerce,1,669,12,0.539,0.41,13,1,0,62,2.9,95,22.47,0
ACC-01474,Growth,SaaS,28,337,14,0.841,0.675,268,1,0,24,3.2,357,1017.93,0
ACC-01475,Growth,FinTech,13,57,14,0.485,0.557,203,2,1,29,2.7,300,607.8,0
ACC-01476,Growth,E-commerce,18,559,12,0.914,0.681,0,2,0,7,3.3,246,849.72,0
ACC-01477,Starter,E-commerce,2,541,4,0.42,0.273,32,0,0,3,3.5,151,34.48,0
ACC-01478,Enterprise,SaaS,100,547,16,0.841,0.908,700,0,0,24,3.7,298,10737.28,0
ACC-01479,Growth,Healthcare,23,483,11,0.401,0.503,0,2,2,23,3.3,151,1112.15,0
ACC-01480,Growth,Other,14,126,16,0.728,0.599,228,0,0,9,3.6,189,508.15,0
ACC-01481,Starter,FinTech,3,110,5,0.253,0.255,23,0,0,37,4.6,261,66.85,0
ACC-01482,Starter,E-commerce,5,584,3,0.518,0.408,22,1,0,41,4.1,135,78.98,0
ACC-01483,Growth,Healthcare,5,628,11,0.452,0.581,160,1,0,42,5.0,188,233.31,0
ACC-01484,Starter,SaaS,3,84,7,0.253,0.363,104,4,1,24,3.4,120,65.13,1
ACC-01485,Growth,Other,9,436,13,0.621,0.495,196,2,0,29,3.6,65,373.96,0
ACC-01486,Starter,SaaS,1,380,8,0.672,0.539,10,1,0,35,4.0,291,18.66,0
ACC-01487,Enterprise,Healthcare,148,275,26,0.782,0.792,310,0,0,60,3.5,357,16117.44,0
ACC-01488,Growth,SaaS,14,481,18,0.569,0.713,291,0,0,27,3.9,171,524.7,0
ACC-01489,Enterprise,SaaS,116,669,29,0.823,0.89,536,2,0,5,2.6,20,11083.29,0
ACC-01490,Growth,E-commerce,28,605,8,0.662,0.699,139,0,0,35,3.6,121,929.17,0
ACC-01491,Starter,E-commerce,3,137,5,0.495,0.353,74,0,0,32,4.5,323,54.69,0
ACC-01492,Growth,Other,9,354,16,0.789,0.403,283,0,0,6,5.0,241,308.69,0
ACC-01493,Growth,Other,17,685,12,0.452,0.575,273,0,0,33,4.9,99,794.9,0
ACC-01494,Growth,SaaS,8,195,17,0.366,0.396,262,0,0,23,4.0,364,370.13,0
ACC-01495,Starter,SaaS,1,627,9,0.69,0.402,31,0,0,40,4.2,51,16.04,0
ACC-01496,Growth,FinTech,6,373,20,0.488,0.523,211,2,0,51,4.1,159,303.97,0
ACC-01497,Enterprise,FinTech,73,394,26,0.756,0.705,334,2,1,30,3.5,184,5199.38,0
ACC-01498,Growth,FinTech,14,205,18,0.534,0.736,263,2,0,53,3.2,64,733.41,0
ACC-01499,Starter,Other,1,673,7,0.42,0.217,71,0,0,35,4.1,72,23.44,0
ACC-01500,Growth,Healthcare,6,400,14,0.416,0.49,304,0,0,36,3.8,236,324.04,0
ACC-01501,Growth,SaaS,17,432,13,0.54,0.393,33,2,0,35,4.5,22,517.93,0
ACC-01502,Enterprise,FinTech,144,353,17,0.788,0.86,890,3,0,38,2.2,149,17008.21,0
ACC-01503,Starter,E-commerce,4,92,13,0.477,0.458,32,2,0,12,3.8,257,69.67,0
ACC-01504,Starter,FinTech,2,576,11,0.512,0.441,64,1,0,2,4.7,217,25.6,0
ACC-01505,Growth,SaaS,25,260,13,0.551,0.841,303,2,0,67,4.3,143,936.73,0
ACC-01506,Growth,FinTech,23,198,19,0.746,0.456,108,0,0,47,3.2,363,1049.58,0
ACC-01507,Growth,FinTech,20,577,12,0.549,0.339,300,0,0,30,3.0,180,837.18,0
ACC-01508,Growth,SaaS,25,169,8,0.325,0.399,245,1,0,65,3.9,169,1213.43,0
ACC-01509,Starter,Healthcare,4,507,12,0.701,0.223,9,1,0,100,4.4,236,49.2,0
ACC-01510,Growth,FinTech,22,361,10,0.727,0.556,107,2,0,9,4.3,114,1146.4,0
ACC-01511,Starter,E-commerce,6,589,7,0.252,0.308,49,2,0,41,4.0,143,85.23,0
ACC-01512,Starter,E-commerce,1,65,9,0.489,0.392,77,0,0,57,4.3,358,15.53,0
ACC-01513,Growth,Other,18,572,15,0.501,0.557,207,1,1,6,4.1,84,917.2,0
ACC-01514,Growth,SaaS,24,190,17,0.714,0.722,129,1,0,8,4.3,245,1033.12,0
ACC-01515,Enterprise,SaaS,26,639,24,0.719,0.856,458,3,0,63,4.6,287,2057.6,0
ACC-01516,Starter,FinTech,7,277,10,0.276,0.195,19,0,0,41,3.6,114,153.69,0
ACC-01517,Starter,FinTech,2,34,5,0.394,0.35,32,1,0,27,3.3,118,47.02,0
ACC-01518,Enterprise,SaaS,29,371,23,0.551,0.901,318,1,0,6,4.4,119,2529.0,0
ACC-01519,Starter,Healthcare,7,68,3,0.459,0.431,36,2,0,49,3.5,162,126.09,0
ACC-01520,Starter,SaaS,2,218,13,0.155,0.263,27,1,0,11,2.5,222,31.49,0
ACC-01521,Starter,SaaS,7,531,3,0.68,0.355,4,0,0,20,4.9,276,126.04,0
ACC-01522,Growth,FinTech,14,422,13,0.659,0.509,202,2,0,21,4.1,135,463.28,0
ACC-01523,Enterprise,Healthcare,84,526,17,0.785,0.692,506,2,0,35,4.0,183,6159.23,0
ACC-01524,Growth,Other,7,644,11,0.538,0.313,249,1,0,18,3.8,283,346.75,0
ACC-01525,Growth,Healthcare,23,357,14,0.629,0.723,131,1,0,21,4.5,8,854.76,0
ACC-01526,Starter,E-commerce,7,410,6,0.759,0.449,67,0,0,63,3.0,74,162.99,0
ACC-01527,Starter,Healthcare,7,70,12,0.551,0.2,34,0,0,46,3.9,45,122.23,0
ACC-01528,Growth,E-commerce,28,230,15,0.557,0.522,243,0,0,42,4.1,73,1476.41,0
ACC-01529,Starter,SaaS,5,536,6,0.407,0.37,12,1,0,52,4.3,314,108.79,0
ACC-01530,Starter,E-commerce,3,73,8,0.349,0.139,26,1,0,19,2.7,88,41.71,0
ACC-01531,Starter,Healthcare,6,281,12,0.469,0.151,48,0,0,50,4.3,351,78.66,0
ACC-01532,Starter,FinTech,5,125,11,0.191,0.251,19,0,0,51,3.6,319,83.98,0
ACC-01533,Growth,E-commerce,20,630,10,0.492,0.577,212,1,0,19,3.4,140,1046.95,0
ACC-01534,Growth,FinTech,28,422,12,0.657,0.369,94,1,0,55,2.8,37,1029.77,0
ACC-01535,Starter,E-commerce,3,481,10,0.61,0.413,28,0,0,47,5.0,89,61.66,0
ACC-01536,Growth,SaaS,9,508,15,0.847,0.409,194,0,0,48,3.8,221,330.81,0
ACC-01537,Growth,E-commerce,21,187,10,0.754,0.594,134,4,1,79,4.1,171,1049.67,0
ACC-01538,Growth,Other,23,64,17,0.75,0.465,148,2,1,45,3.2,315,1225.41,0
ACC-01539,Growth,SaaS,25,308,11,0.59,0.242,181,2,1,22,2.8,132,787.72,0
ACC-01540,Starter,FinTech,3,159,13,0.532,0.347,42,0,0,45,4.5,68,64.72,0
ACC-01541,Growth,SaaS,26,255,16,0.495,0.687,108,0,0,42,3.0,247,1121.77,0
ACC-01542,Starter,SaaS,3,253,4,0.491,0.398,26,1,0,18,4.8,335,52.37,0
ACC-01543,Starter,Other,1,577,6,0.362,0.461,10,0,0,-3,5.0,205,13.1,0
ACC-01544,Starter,FinTech,5,253,6,0.458,0.46,65,0,0,41,3.4,261,85.78,0
ACC-01545,Growth,FinTech,13,135,15,0.703,0.611,259,2,0,63,3.6,215,658.13,0
ACC-01546,Starter,SaaS,4,700,7,0.601,0.531,2,1,0,63,2.1,87,85.32,0
ACC-01547,Starter,Other,7,64,4,0.566,0.353,66,1,0,48,2.7,203,116.34,0
ACC-01548,Growth,SaaS,23,172,9,0.839,0.504,294,0,0,77,4.3,357,1097.37,0
ACC-01549,Starter,Healthcare,1,273,10,0.395,0.296,71,1,0,46,4.8,363,18.44,0
ACC-01550,Starter,SaaS,4,73,9,0.796,0.337,0,1,0,38,3.4,304,54.72,0
ACC-01551,Starter,SaaS,4,659,8,0.285,0.22,45,3,1,46,3.5,189,53.03,0
ACC-01552,Starter,E-commerce,3,277,9,0.248,0.276,29,3,0,26,2.8,25,64.57,0
ACC-01553,Starter,SaaS,6,577,6,0.468,0.213,56,0,0,14,3.1,161,119.47,0
ACC-01554,Starter,E-commerce,3,124,9,0.441,0.391,41,1,0,20,4.8,302,56.7,0
ACC-01555,Starter,SaaS,1,395,17,0.645,0.392,40,0,0,31,4.1,343,14.18,0
ACC-01556,Growth,Healthcare,23,118,18,0.57,0.648,234,0,0,61,2.6,212,1027.24,0
ACC-01557,Enterprise,Healthcare,126,192,21,0.723,0.794,461,0,0,10,4.3,15,11835.84,0
ACC-01558,Growth,Healthcare,28,315,12,0.527,0.452,175,2,0,21,5.0,325,1126.03,0
ACC-01559,Growth,SaaS,24,633,4,0.605,0.896,196,2,1,60,3.6,306,1158.31,0
ACC-01560,Enterprise,Healthcare,125,244,26,0.761,0.734,589,2,0,34,3.4,217,8673.25,0
ACC-01561,Enterprise,Other,72,558,25,0.642,0.71,592,1,0,38,4.3,152,5703.02,0
ACC-01562,Growth,SaaS,16,94,12,0.727,0.745,299,1,0,34,4.6,291,522.21,0
ACC-01563,Enterprise,SaaS,118,206,17,0.709,0.984,824,4,0,85,4.5,113,10946.91,0
ACC-01564,Enterprise,Healthcare,87,453,18,0.614,0.836,518,2,0,54,3.7,304,9610.61,0
ACC-01565,Growth,SaaS,15,357,16,0.666,0.818,133,2,0,48,3.6,124,789.18,0
ACC-01566,Growth,E-commerce,14,381,14,0.53,0.61,239,1,0,46,2.7,291,520.49,0
ACC-01567,Starter,Healthcare,3,504,10,0.57,0.171,97,1,0,51,3.0,250,37.12,0
ACC-01568,Starter,SaaS,1,83,8,0.525,0.191,30,2,0,83,4.2,26,12.52,0
ACC-01569,Growth,E-commerce,19,516,17,0.301,0.784,252,1,1,34,3.5,18,756.64,0
ACC-01570,Growth,E-commerce,7,633,15,0.569,0.552,200,4,0,46,4.1,244,379.68,0
ACC-01571,Starter,FinTech,1,566,11,0.694,0.314,26,2,0,43,3.7,167,13.8,0
ACC-01572,Growth,Other,9,229,7,0.461,0.633,104,0,0,62,3.9,327,477.3,0
ACC-01573,Growth,SaaS,8,275,10,0.679,0.536,79,3,0,80,3.9,285,283.62,0
ACC-01574,Growth,FinTech,15,702,13,0.673,0.539,161,3,0,29,4.4,342,443.23,0
ACC-01575,Starter,Healthcare,5,582,12,0.627,0.473,38,5,1,52,4.5,75,119.24,0
ACC-01576,Starter,SaaS,6,682,15,0.557,0.486,88,0,0,46,3.9,281,112.81,0
ACC-01577,Growth,Healthcare,6,669,13,0.534,0.446,181,3,0,11,3.8,163,278.15,0
ACC-01578,Growth,SaaS,13,333,12,0.678,0.644,95,0,0,63,3.9,116,699.46,0
ACC-01579,Enterprise,FinTech,107,120,15,0.751,0.652,787,0,0,76,3.4,140,8550.13,0
ACC-01580,Enterprise,SaaS,137,189,25,0.803,0.621,410,1,0,60,4.7,314,14465.13,0
ACC-01581,Enterprise,E-commerce,100,235,20,0.949,0.714,972,2,0,28,3.5,197,11897.32,0
ACC-01582,Starter,Healthcare,3,614,18,0.472,0.426,15,0,0,12,3.8,14,48.51,0
ACC-01583,Starter,Healthcare,6,223,5,0.547,0.294,69,2,0,56,4.0,177,113.42,0
ACC-01584,Starter,Other,3,282,15,0.308,0.413,76,0,0,18,4.1,282,40.58,0
ACC-01585,Growth,E-commerce,7,625,17,0.508,0.484,244,0,0,20,4.1,275,242.38,0
ACC-01586,Enterprise,Healthcare,24,144,18,0.606,0.739,859,4,1,47,3.8,179,2301.23,0
ACC-01587,Starter,E-commerce,5,494,9,0.377,0.443,37,1,1,58,5.0,290,71.61,0
ACC-01588,Growth,Other,5,416,17,0.715,0.276,202,1,0,35,4.0,321,241.06,0
ACC-01589,Starter,E-commerce,2,719,7,0.331,0.322,15,0,0,37,3.7,25,26.42,0
ACC-01590,Starter,Other,5,372,11,0.613,0.308,37,0,0,40,5.0,185,121.88,0
ACC-01591,Starter,SaaS,2,394,11,0.495,0.371,32,0,0,22,3.4,320,41.93,0
ACC-01592,Starter,FinTech,4,625,10,0.233,0.13,11,0,0,34,5.0,157,86.5,0
ACC-01593,Enterprise,Healthcare,124,724,22,0.882,0.723,880,2,0,6,2.5,364,8243.19,0
ACC-01594,Starter,SaaS,6,540,4,0.527,0.198,43,0,0,58,3.6,309,115.97,1
ACC-01595,Growth,SaaS,6,518,14,0.707,0.507,207,2,0,100,2.7,73,277.43,0
ACC-01596,Growth,Other,11,643,15,0.425,0.665,210,4,1,43,2.9,123,458.8,0
ACC-01597,Starter,FinTech,1,715,1,0.705,0.407,41,0,0,68,4.2,146,21.41,0
ACC-01598,Starter,SaaS,4,544,9,0.51,0.289,23,3,1,36,4.1,180,59.22,0
ACC-01599,Growth,FinTech,7,234,14,0.562,0.735,305,0,0,12,3.5,254,243.29,0
ACC-01600,Starter,FinTech,2,479,3,0.536,0.26,37,2,1,92,5.0,308,38.31,0
ACC-01601,Enterprise,E-commerce,62,195,21,0.598,0.642,835,1,0,23,4.7,206,3845.83,0
ACC-01602,Starter,Other,3,380,7,0.242,0.358,0,0,0,63,3.9,9,55.38,0
ACC-01603,Growth,Other,8,341,21,0.756,0.508,173,0,0,47,2.6,312,421.02,0
ACC-01604,Growth,E-commerce,14,721,15,0.722,0.63,224,0,0,68,4.6,130,424.73,0
ACC-01605,Starter,E-commerce,3,418,12,0.567,0.208,36,1,0,41,3.6,131,54.64,0
ACC-01606,Starter,FinTech,4,701,8,0.32,0.345,26,0,0,16,4.1,304,62.98,0
ACC-01607,Enterprise,Other,27,595,15,0.958,0.678,800,2,1,27,4.5,298,1774.43,0
ACC-01608,Starter,SaaS,3,624,10,0.434,0.366,58,2,1,94,3.6,321,53.27,0
ACC-01609,Starter,SaaS,1,148,6,0.166,0.364,9,0,0,49,4.8,334,14.89,0
ACC-01610,Starter,Other,7,572,7,0.633,0.422,57,0,0,90,3.6,62,156.57,0
ACC-01611,Starter,Other,2,206,4,0.338,0.126,47,1,0,34,4.3,69,45.33,0
ACC-01612,Growth,FinTech,7,434,14,0.632,0.463,145,0,0,58,4.4,165,378.13,0
ACC-01613,Growth,E-commerce,16,370,18,0.742,0.636,48,0,0,14,4.5,358,852.13,0
ACC-01614,Starter,FinTech,4,211,11,0.446,0.272,41,2,0,43,5.0,128,53.35,0
ACC-01615,Growth,FinTech,15,719,20,0.546,0.345,116,1,0,91,3.3,128,641.13,0
ACC-01616,Starter,SaaS,7,642,14,0.844,0.363,48,0,0,25,3.1,356,107.74,0
ACC-01617,Starter,SaaS,5,431,1,0.63,0.261,16,0,0,27,3.7,354,81.5,0
ACC-01618,Growth,E-commerce,14,37,10,0.759,0.818,118,0,0,60,5.0,208,627.57,0
ACC-01619,Enterprise,FinTech,62,158,16,0.947,0.768,1096,2,1,45,4.8,220,5290.48,0
ACC-01620,Starter,E-commerce,6,189,10,0.498,0.358,0,1,0,84,3.5,148,86.6,0
ACC-01621,Starter,SaaS,6,710,6,0.567,0.436,10,1,0,37,3.7,300,125.59,0
ACC-01622,Growth,Other,27,312,12,0.472,0.784,108,0,0,44,3.9,318,1312.99,0
ACC-01623,Growth,E-commerce,12,62,13,0.802,0.659,41,1,1,49,4.1,99,349.58,0
ACC-01624,Starter,Other,3,440,9,0.437,0.457,64,0,0,18,4.3,259,62.13,1
ACC-01625,Starter,SaaS,1,695,3,0.486,0.246,11,1,0,13,4.4,192,15.8,0
ACC-01626,Growth,E-commerce,5,422,10,0.417,0.378,293,2,0,11,4.7,261,245.33,0
ACC-01627,Starter,Healthcare,1,340,8,0.267,0.335,16,0,0,-31,5.0,158,22.25,0
ACC-01628,Starter,FinTech,1,153,12,0.579,0.348,0,1,1,40,3.8,225,23.46,0
ACC-01629,Starter,SaaS,6,645,8,0.355,0.286,35,1,0,13,3.8,234,98.66,0
ACC-01630,Starter,SaaS,4,103,5,0.571,0.571,60,3,1,30,3.6,155,96.53,0
ACC-01631,Growth,SaaS,17,683,6,0.539,0.477,129,0,0,64,3.7,81,617.78,0
ACC-01632,Enterprise,FinTech,42,185,25,0.714,0.882,674,0,0,21,4.2,40,3879.41,0
ACC-01633,Growth,FinTech,13,126,11,0.852,0.568,188,0,0,57,4.3,355,710.92,0
ACC-01634,Growth,SaaS,27,274,10,0.554,0.709,209,2,0,7,5.0,233,1123.87,0
ACC-01635,Enterprise,E-commerce,121,33,16,0.805,0.948,407,1,0,27,3.4,166,12082.19,0
ACC-01636,Starter,SaaS,2,39,3,0.503,0.608,35,1,0,80,4.2,154,30.31,0
ACC-01637,Starter,FinTech,1,160,5,0.7,0.401,55,1,0,33,3.3,152,13.98,0
ACC-01638,Enterprise,E-commerce,71,514,21,1.0,0.69,397,0,0,70,4.2,167,4447.45,0
ACC-01639,Starter,SaaS,1,600,4,0.387,0.38,45,4,1,94,5.0,165,24.2,0
ACC-01640,Growth,SaaS,15,203,15,0.441,0.634,162,1,0,33,3.8,337,630.94,0
ACC-01641,Growth,SaaS,29,481,13,0.783,0.682,170,0,0,27,5.0,168,1383.51,0
ACC-01642,Starter,SaaS,5,275,16,0.596,0.206,8,2,0,-6,3.3,264,64.38,0
ACC-01643,Growth,FinTech,5,333,8,0.605,0.499,99,1,0,48,3.6,181,194.95,0
ACC-01644,Starter,SaaS,7,264,9,0.484,0.53,32,2,0,50,3.7,286,105.09,0
ACC-01645,Starter,SaaS,3,654,9,0.662,0.202,0,2,0,59,4.0,9,44.23,1
ACC-01646,Growth,Other,6,388,10,0.679,0.614,201,3,0,73,3.8,278,173.28,0
ACC-01647,Starter,Other,4,384,8,0.363,0.37,64,1,0,19,4.4,84,58.45,0
ACC-01648,Growth,SaaS,28,631,17,0.517,0.549,261,1,0,83,2.0,160,1278.68,0
ACC-01649,Enterprise,FinTech,43,490,22,0.878,0.682,582,0,0,36,3.2,231,3986.14,0
ACC-01650,Growth,FinTech,26,134,19,0.686,0.405,331,1,0,50,5.0,206,732.73,0
ACC-01651,Starter,Healthcare,3,162,0,0.781,0.128,0,1,0,41,2.9,23,57.34,0
ACC-01652,Starter,Healthcare,4,268,5,0.546,0.305,88,0,0,25,3.7,200,84.41,0
ACC-01653,Starter,SaaS,6,98,13,0.466,0.323,34,2,0,16,4.3,52,113.74,0
ACC-01654,Starter,SaaS,1,514,11,0.738,0.284,45,0,0,47,3.9,91,23.83,0
ACC-01655,Enterprise,FinTech,74,376,24,0.821,0.751,1066,0,0,21,3.3,171,6772.27,0
ACC-01656,Starter,Other,7,60,12,0.459,0.42,32,1,0,37,4.2,232,174.52,0
ACC-01657,Starter,Other,6,310,1,0.78,0.454,44,2,1,33,4.5,193,115.73,0
ACC-01658,Growth,SaaS,25,610,17,0.754,0.42,192,3,0,34,3.5,139,1229.09,0
ACC-01659,Starter,E-commerce,1,664,12,0.847,0.328,82,0,0,2,4.2,37,20.23,0
ACC-01660,Starter,SaaS,6,703,6,0.598,0.29,60,1,1,-28,4.5,24,123.83,0
ACC-01661,Starter,E-commerce,6,675,17,0.676,0.292,52,1,0,60,4.7,165,72.4,0
ACC-01662,Growth,Other,9,455,15,0.654,0.512,251,1,0,67,4.2,354,354.88,0
ACC-01663,Growth,FinTech,7,679,6,0.657,0.488,71,0,0,-14,5.0,299,314.67,0
ACC-01664,Starter,SaaS,5,699,9,0.407,0.479,65,0,0,51,3.9,154,73.96,0
ACC-01665,Enterprise,E-commerce,109,474,19,0.79,0.582,530,1,0,47,3.2,80,8871.9,0
ACC-01666,Enterprise,FinTech,112,319,26,0.943,0.589,940,2,0,13,3.7,130,7657.84,0
ACC-01667,Growth,Healthcare,22,706,16,0.594,0.521,130,1,0,62,4.7,181,860.17,0
ACC-01668,Starter,FinTech,7,320,6,0.479,0.536,0,0,0,67,3.3,230,140.48,1
ACC-01669,Starter,Other,2,146,13,0.733,0.271,40,2,0,65,2.3,204,36.82,0
ACC-01670,Enterprise,SaaS,130,104,25,0.784,0.867,790,0,0,80,4.2,168,9690.12,0
ACC-01671,Starter,SaaS,7,427,5,0.834,0.112,69,1,0,64,3.6,233,123.15,0
ACC-01672,Growth,FinTech,22,54,13,0.684,0.479,149,3,0,24,5.0,356,806.61,0
ACC-01673,Growth,SaaS,12,113,16,0.793,0.581,287,3,0,42,4.1,154,410.98,0
ACC-01674,Starter,SaaS,1,201,7,0.427,0.684,37,0,0,50,4.8,23,23.42,0
ACC-01675,Growth,E-commerce,14,400,13,0.704,0.545,140,2,0,75,3.6,311,677.49,0
ACC-01676,Enterprise,SaaS,81,364,22,0.79,0.684,648,1,0,36,4.3,298,8332.4,0
ACC-01677,Growth,SaaS,7,387,10,0.53,0.386,301,3,0,28,4.2,216,373.93,0
ACC-01678,Starter,SaaS,7,385,0,0.443,0.588,55,0,0,6,4.9,12,104.38,0
ACC-01679,Enterprise,SaaS,86,725,23,0.829,0.502,617,2,0,61,4.0,325,10005.44,0
ACC-01680,Growth,Other,23,182,7,0.559,0.619,227,0,0,47,3.5,70,808.54,0
ACC-01681,Growth,Other,16,361,11,0.775,0.634,239,2,0,23,4.6,352,610.13,0
ACC-01682,Growth,SaaS,9,458,8,0.504,0.592,196,2,0,59,3.4,67,268.1,0
ACC-01683,Growth,Healthcare,10,221,8,0.616,0.655,170,6,0,35,3.3,6,431.98,0
ACC-01684,Starter,Healthcare,7,156,9,0.466,0.253,33,1,1,13,3.9,127,160.24,0
ACC-01685,Starter,Other,1,62,7,0.442,0.4,70,0,0,71,3.7,182,18.35,0
ACC-01686,Starter,FinTech,6,258,7,0.354,0.152,32,1,0,-3,3.9,320,97.95,0
ACC-01687,Growth,SaaS,28,207,9,0.726,0.566,298,0,0,45,3.4,20,1015.23,0
ACC-01688,Growth,FinTech,13,166,12,0.703,0.503,74,2,0,40,4.7,92,537.35,0
ACC-01689,Growth,Other,18,219,15,0.567,0.426,117,2,0,6,4.7,241,672.0,0
ACC-01690,Starter,Healthcare,5,517,8,0.622,0.432,33,1,0,49,4.5,190,62.54,0
ACC-01691,Growth,FinTech,10,609,17,0.516,0.592,153,1,0,27,4.4,312,471.61,0
ACC-01692,Enterprise,SaaS,91,391,25,0.786,0.775,598,1,0,79,2.6,177,10585.83,0
ACC-01693,Starter,Healthcare,5,76,7,0.551,0.397,24,0,0,64,4.0,229,114.0,0
ACC-01694,Growth,Other,20,545,8,0.319,0.548,89,2,0,47,4.5,90,566.9,0
ACC-01695,Growth,FinTech,23,136,11,0.829,0.456,241,1,0,-13,4.8,146,657.55,0
ACC-01696,Growth,E-commerce,8,70,14,0.634,0.615,128,0,0,30,3.8,171,320.18,0
ACC-01697,Starter,FinTech,5,427,5,0.487,0.407,55,0,0,28,4.8,221,69.12,0
ACC-01698,Growth,FinTech,5,327,10,0.487,0.502,164,0,0,69,4.1,308,141.6,0
ACC-01699,Enterprise,E-commerce,21,248,22,0.723,0.669,672,0,0,46,2.1,124,2110.34,0
ACC-01700,Growth,Healthcare,6,706,23,0.674,0.634,54,2,0,49,3.8,256,212.03,0
ACC-01701,Enterprise,Other,117,93,20,0.663,0.797,1024,1,0,64,3.3,78,8598.59,0
ACC-01702,Enterprise,FinTech,53,67,22,0.776,0.674,592,1,0,78,3.5,145,4300.15,0
ACC-01703,Starter,FinTech,6,441,3,0.535,0.324,65,2,0,74,4.6,34,121.79,0
ACC-01704,Growth,FinTech,27,322,18,0.553,0.568,81,1,0,54,4.1,101,1284.12,0
ACC-01705,Growth,SaaS,23,591,17,0.691,0.14,197,0,0,36,3.5,290,887.23,0
ACC-01706,Enterprise,SaaS,66,58,25,0.594,0.653,566,1,1,52,3.4,190,7747.5,0
ACC-01707,Starter,SaaS,4,323,13,0.464,0.487,61,3,1,41,4.2,331,50.73,0
ACC-01708,Starter,FinTech,3,132,7,0.302,0.313,38,3,3,59,3.8,85,49.27,0
ACC-01709,Enterprise,SaaS,81,58,21,0.806,0.737,968,2,0,30,4.4,159,4920.77,0
ACC-01710,Starter,FinTech,1,353,14,0.499,0.258,2,2,0,62,3.3,61,21.17,0
ACC-01711,Growth,Healthcare,21,544,16,0.643,0.7,255,1,0,43,3.6,108,893.48,0
ACC-01712,Starter,SaaS,3,140,0,0.75,0.236,42,3,2,50,3.1,20,62.63,1
ACC-01713,Enterprise,E-commerce,142,619,24,0.944,0.721,162,3,1,16,3.5,81,13515.09,0
ACC-01714,Enterprise,Other,105,393,20,0.746,0.868,568,3,0,36,5.0,8,10371.15,0
ACC-01715,Starter,E-commerce,2,366,11,0.738,0.229,41,1,0,52,3.4,246,38.52,0
ACC-01716,Growth,SaaS,7,675,15,0.62,0.372,167,0,0,38,3.6,355,351.94,0
ACC-01717,Starter,FinTech,5,260,2,0.35,0.574,55,2,0,-10,3.3,21,69.12,0
ACC-01718,Growth,E-commerce,27,170,15,0.605,0.683,183,1,1,15,3.8,135,1173.24,0
ACC-01719,Growth,E-commerce,5,580,15,0.539,0.541,129,2,0,50,3.8,324,210.58,0
ACC-01720,Growth,SaaS,9,105,15,0.647,0.412,122,0,0,75,4.8,18,346.69,0
ACC-01721,Starter,FinTech,3,640,10,0.356,0.345,29,0,0,37,3.6,261,46.07,0
ACC-01722,Starter,E-commerce,2,607,13,0.449,0.142,18,0,0,31,4.0,214,45.53,0
ACC-01723,Growth,SaaS,22,713,15,0.58,0.562,107,2,1,65,2.6,303,787.94,0
ACC-01724,Growth,E-commerce,27,352,14,0.649,0.429,302,4,1,42,3.3,174,1169.58,0
ACC-01725,Growth,SaaS,17,465,18,0.651,0.575,97,1,0,58,4.7,34,704.11,0
ACC-01726,Starter,FinTech,1,647,16,0.249,0.378,76,0,0,35,3.3,211,17.91,0
ACC-01727,Starter,Healthcare,1,122,11,0.278,0.358,68,0,0,33,4.4,353,16.34,0
ACC-01728,Enterprise,SaaS,140,244,23,0.74,0.684,1167,1,0,60,3.3,199,11736.66,0
ACC-01729,Starter,E-commerce,4,360,10,0.59,0.231,15,2,0,57,3.8,23,64.87,0
ACC-01730,Starter,FinTech,4,469,9,0.441,0.537,39,1,1,35,5.0,41,48.15,0
ACC-01731,Enterprise,FinTech,141,505,22,0.886,0.694,619,1,0,17,4.4,181,9047.08,0
ACC-01732,Starter,Other,3,676,16,0.275,0.306,38,1,0,5,2.5,274,60.91,0
ACC-01733,Growth,FinTech,26,372,11,0.593,0.414,133,2,0,8,5.0,80,1052.28,0
ACC-01734,Starter,SaaS,4,150,12,0.47,0.38,13,1,0,28,3.2,140,67.52,0
ACC-01735,Enterprise,Other,60,162,22,0.701,0.717,455,1,0,49,5.0,352,7193.89,0
ACC-01736,Growth,Healthcare,23,590,9,0.603,0.589,67,1,0,5,3.6,363,860.87,0
ACC-01737,Enterprise,E-commerce,62,352,21,0.891,0.59,696,1,1,7,3.0,325,5107.26,0
ACC-01738,Starter,SaaS,5,472,6,0.591,0.336,42,2,0,50,3.6,217,100.39,1
ACC-01739,Growth,SaaS,12,424,16,0.793,0.551,125,2,0,77,3.4,326,643.93,0
ACC-01740,Growth,E-commerce,7,599,14,0.436,0.538,126,0,0,66,3.5,181,272.77,0
ACC-01741,Starter,SaaS,4,182,4,0.663,0.381,30,0,0,1,3.9,362,74.21,0
ACC-01742,Starter,SaaS,5,149,13,0.336,0.446,49,1,0,51,4.2,135,90.57,0
ACC-01743,Starter,Healthcare,3,543,12,0.604,0.425,22,2,0,63,4.9,334,41.69,0
ACC-01744,Enterprise,SaaS,126,333,28,0.705,0.707,762,1,0,31,4.1,198,10360.11,0
ACC-01745,Growth,SaaS,11,601,15,0.378,0.756,150,2,0,37,4.0,340,468.26,0
ACC-01746,Growth,SaaS,10,120,14,0.472,0.554,254,1,0,49,3.4,175,491.86,0
ACC-01747,Growth,FinTech,27,220,16,0.547,0.678,292,2,2,53,3.7,324,1152.98,0
ACC-01748,Growth,E-commerce,15,702,12,0.759,0.484,214,1,0,50,3.5,194,498.31,0
ACC-01749,Growth,Other,11,620,14,0.426,0.624,222,1,0,58,2.9,298,564.29,0
ACC-01750,Starter,SaaS,2,73,7,0.393,0.204,71,0,0,47,5.0,354,42.3,0
ACC-01751,Growth,SaaS,18,601,9,0.643,0.518,0,1,0,28,4.1,33,883.34,0
ACC-01752,Starter,E-commerce,4,75,8,0.355,0.351,27,0,0,32,4.1,150,76.06,0
ACC-01753,Enterprise,FinTech,39,114,20,0.769,0.809,382,2,0,25,4.8,6,2990.75,0
ACC-01754,Growth,FinTech,23,658,13,0.482,0.443,199,2,0,32,2.1,106,934.85,0
ACC-01755,Starter,Other,7,118,9,0.496,0.484,0,5,2,54,5.0,22,150.26,1
ACC-01756,Growth,E-commerce,25,240,18,0.695,0.611,136,0,0,25,3.3,158,1193.56,0
ACC-01757,Starter,FinTech,6,124,5,0.608,0.384,20,1,0,66,3.3,128,124.27,0
ACC-01758,Enterprise,Other,42,447,21,0.541,0.812,525,1,0,20,3.5,23,3352.79,0
ACC-01759,Enterprise,SaaS,56,70,19,0.625,0.763,1183,3,0,46,4.6,142,3791.86,0
ACC-01760,Enterprise,Other,65,231,19,0.619,0.718,557,0,0,60,5.0,169,4129.35,0
ACC-01761,Starter,E-commerce,7,258,6,0.616,0.05,31,0,0,52,5.0,13,91.27,0
ACC-01762,Starter,E-commerce,1,484,7,0.351,0.35,36,4,1,1,3.6,336,21.48,0
ACC-01763,Starter,Other,7,377,10,0.293,0.377,28,1,0,45,2.6,116,106.5,0
ACC-01764,Starter,E-commerce,5,164,9,0.576,0.331,51,0,0,26,3.6,77,78.4,0
ACC-01765,Starter,FinTech,4,355,4,0.601,0.166,21,2,0,13,3.5,24,54.37,0
ACC-01766,Starter,SaaS,3,351,13,0.362,0.332,49,1,0,47,2.7,37,64.38,1
ACC-01767,Enterprise,E-commerce,75,277,25,1.0,0.661,495,2,1,15,4.3,253,8844.29,0
ACC-01768,Starter,E-commerce,6,403,5,0.788,0.563,5,2,0,47,3.9,10,109.59,0
ACC-01769,Starter,SaaS,6,258,12,0.682,0.319,45,1,0,74,4.3,38,100.23,0
ACC-01770,Growth,Healthcare,9,263,15,0.647,0.591,64,3,1,49,4.4,236,292.5,0
ACC-01771,Growth,E-commerce,13,578,13,0.65,0.668,218,1,0,37,4.4,128,549.64,0
ACC-01772,Growth,FinTech,14,206,15,0.386,0.561,119,1,0,38,3.9,280,509.74,0
ACC-01773,Growth,SaaS,8,260,14,0.733,0.544,16,0,0,62,5.0,256,261.02,0
ACC-01774,Enterprise,FinTech,117,128,24,0.684,0.717,363,1,0,35,3.6,246,9618.1,0
ACC-01775,Growth,SaaS,12,518,15,0.67,0.494,193,3,0,32,3.5,29,338.94,1
ACC-01776,Growth,SaaS,19,524,13,0.724,0.442,242,2,0,22,3.7,235,975.98,0
ACC-01777,Growth,FinTech,19,504,7,0.513,0.68,144,0,0,22,4.3,329,1040.97,0
ACC-01778,Starter,SaaS,5,147,10,0.515,0.199,47,2,0,62,4.4,299,72.93,0
ACC-01779,Starter,SaaS,4,346,7,0.492,0.342,25,1,0,31,3.7,342,78.33,0
ACC-01780,Growth,E-commerce,19,234,17,0.832,0.44,117,0,0,54,3.7,312,937.37,0
ACC-01781,Starter,FinTech,2,564,10,0.603,0.464,59,4,0,56,4.8,335,34.83,0
ACC-01782,Growth,Other,21,265,13,0.821,0.453,131,2,0,21,3.0,126,1031.28,0
ACC-01783,Starter,Other,4,321,12,0.377,0.23,92,1,0,25,5.0,96,95.01,0
ACC-01784,Starter,E-commerce,3,348,9,0.597,0.264,77,1,0,55,3.7,213,46.58,0
ACC-01785,Starter,Other,7,562,9,0.619,0.299,42,3,1,45,3.8,73,140.73,0
ACC-01786,Growth,Other,16,521,14,0.768,0.664,184,1,1,38,4.2,241,462.86,0
ACC-01787,Starter,FinTech,6,603,14,0.515,0.381,35,1,0,52,4.3,361,146.88,0
ACC-01788,Growth,Healthcare,22,329,12,0.72,0.687,220,2,0,64,3.4,127,1070.26,1
ACC-01789,Enterprise,SaaS,64,603,21,0.985,0.765,695,4,2,41,4.1,128,4734.72,0
ACC-01790,Starter,E-commerce,2,639,4,0.502,0.536,57,0,0,29,3.2,234,41.68,0
ACC-01791,Growth,FinTech,5,396,17,0.228,0.71,183,3,1,45,3.5,224,273.4,0
ACC-01792,Starter,SaaS,1,505,6,0.528,0.194,56,1,1,24,2.8,242,15.76,0
ACC-01793,Starter,SaaS,6,666,6,0.521,0.157,63,2,0,45,4.0,149,141.54,0
ACC-01794,Growth,Other,18,616,12,0.208,0.575,53,2,1,42,3.8,5,569.94,0
ACC-01795,Enterprise,FinTech,144,223,22,0.963,0.666,932,1,0,24,2.5,90,13715.74,0
ACC-01796,Starter,SaaS,1,531,4,0.563,0.375,53,2,0,33,3.4,35,12.87,0
ACC-01797,Growth,SaaS,26,342,6,0.52,0.42,43,2,0,35,3.9,64,803.49,0
ACC-01798,Starter,FinTech,5,134,10,0.372,0.369,38,0,0,58,4.5,269,98.12,0
ACC-01799,Growth,Healthcare,27,290,7,0.617,0.539,187,2,0,23,3.0,42,1019.53,0
ACC-01800,Growth,Healthcare,24,714,17,0.788,0.483,257,1,0,24,3.7,32,882.62,0
ACC-01801,Growth,FinTech,15,700,19,0.634,0.414,159,2,0,34,3.1,77,515.13,0
ACC-01802,Growth,SaaS,17,580,13,0.825,0.488,116,2,0,54,4.4,187,699.29,0
ACC-01803,Starter,SaaS,6,723,13,0.291,0.242,61,0,0,58,3.4,17,147.8,0
ACC-01804,Growth,FinTech,9,430,14,0.588,0.738,222,2,1,48,4.3,21,425.84,0
ACC-01805,Growth,Healthcare,21,560,20,0.4,0.417,157,0,0,58,3.6,328,771.21,0
ACC-01806,Growth,Healthcare,19,145,12,0.588,0.656,285,3,1,68,2.7,303,865.03,0
ACC-01807,Starter,FinTech,6,239,0,0.421,0.295,45,2,1,45,3.9,83,119.48,1
ACC-01808,Starter,E-commerce,3,150,8,0.218,0.185,38,0,0,24,3.1,204,52.9,0
ACC-01809,Starter,FinTech,1,686,14,0.786,0.384,8,0,0,40,4.7,280,19.53,0
ACC-01810,Starter,E-commerce,4,460,10,0.512,0.272,37,4,0,12,5.0,78,50.45,0
ACC-01811,Starter,E-commerce,5,682,6,0.499,0.536,36,2,0,51,4.3,199,113.54,0
ACC-01812,Starter,E-commerce,6,321,9,0.515,0.479,38,0,0,31,3.5,315,134.8,0
ACC-01813,Growth,E-commerce,12,312,17,0.693,0.462,172,1,1,44,3.9,24,427.16,0
ACC-01814,Starter,Other,6,503,8,0.627,0.329,0,2,0,40,4.1,48,132.85,0
ACC-01815,Growth,FinTech,12,427,23,0.411,0.501,140,0,0,34,4.7,307,561.15,0
ACC-01816,Growth,SaaS,22,290,12,0.688,0.554,177,2,0,47,3.8,331,965.95,0
ACC-01817,Growth,SaaS,26,252,18,0.876,0.573,213,0,0,39,4.2,245,1126.06,0
ACC-01818,Growth,E-commerce,27,388,17,0.456,0.661,133,2,0,28,2.7,354,1271.92,0
ACC-01819,Growth,E-commerce,22,82,12,0.76,0.801,250,6,1,18,4.1,272,989.42,0
ACC-01820,Growth,E-commerce,22,161,13,0.779,0.454,226,0,0,50,3.3,241,752.96,0
ACC-01821,Enterprise,Healthcare,67,60,26,0.861,0.596,653,3,1,15,3.9,13,5965.5,0
ACC-01822,Growth,SaaS,22,138,15,0.72,0.357,113,2,1,81,3.2,306,1139.15,0
ACC-01823,Growth,E-commerce,8,169,15,0.582,0.743,172,1,0,70,4.2,120,251.22,0
ACC-01824,Growth,Healthcare,17,82,8,0.612,0.556,348,2,1,7,4.3,301,749.46,0
ACC-01825,Growth,FinTech,13,68,16,0.575,0.511,119,3,0,56,3.7,6,683.33,0
ACC-01826,Starter,FinTech,5,603,9,0.769,0.28,89,0,0,67,3.3,168,81.08,0
ACC-01827,Growth,SaaS,20,157,14,0.604,0.563,39,2,0,29,4.3,228,842.58,0
ACC-01828,Growth,FinTech,12,418,15,0.555,0.455,111,2,1,50,5.0,48,631.85,0
ACC-01829,Enterprise,Healthcare,149,98,21,0.881,0.701,742,1,0,39,5.0,137,11556.31,0
ACC-01830,Growth,Other,7,692,12,0.572,0.634,255,1,1,57,4.2,34,320.24,0
ACC-01831,Growth,E-commerce,12,197,13,0.469,0.652,184,2,0,32,4.1,173,476.09,0
ACC-01832,Enterprise,SaaS,59,554,20,0.62,0.814,785,1,0,64,3.0,42,5579.5,0
ACC-01833,Growth,E-commerce,21,478,22,0.636,0.455,153,0,0,39,4.8,92,1081.78,0
ACC-01834,Starter,Healthcare,3,568,11,0.425,0.506,8,1,1,35,2.3,189,66.05,0
ACC-01835,Starter,FinTech,1,470,5,0.6,0.351,19,2,0,56,4.7,167,14.5,0
ACC-01836,Starter,Healthcare,5,386,15,0.475,0.483,23,1,0,62,3.9,17,112.31,0
ACC-01837,Starter,SaaS,1,570,6,0.479,0.424,51,0,0,-9,2.2,296,24.68,0
ACC-01838,Starter,SaaS,2,600,8,0.489,0.483,33,0,0,-22,4.1,177,32.63,0
ACC-01839,Growth,SaaS,6,295,17,0.661,0.424,101,1,0,50,3.8,111,308.22,0
ACC-01840,Growth,SaaS,7,689,7,0.604,0.464,225,4,1,27,3.6,108,221.56,1
ACC-01841,Starter,Other,5,721,7,0.422,0.442,8,1,0,13,3.7,41,89.07,0
ACC-01842,Growth,FinTech,12,535,12,0.657,0.398,325,1,0,34,3.9,318,412.29,0
ACC-01843,Starter,SaaS,2,680,9,0.445,0.294,26,0,0,100,3.9,278,36.97,0
ACC-01844,Enterprise,FinTech,89,103,23,1.0,0.656,266,1,0,13,2.9,37,10209.27,0
ACC-01845,Starter,FinTech,5,408,8,0.469,0.387,53,0,0,61,4.2,321,116.09,0
ACC-01846,Growth,FinTech,21,485,14,0.508,0.848,178,1,1,25,3.6,249,1102.6,0
ACC-01847,Starter,SaaS,4,679,12,0.361,0.227,39,0,0,10,5.0,252,70.77,0
ACC-01848,Growth,E-commerce,29,114,15,0.739,0.634,186,0,0,29,4.5,34,1014.34,0
ACC-01849,Starter,SaaS,4,594,8,0.71,0.349,50,3,0,11,4.6,106,77.04,0
ACC-01850,Growth,Healthcare,13,84,15,0.432,0.504,114,3,0,8,5.0,195,422.75,0
ACC-01851,Starter,SaaS,2,280,14,0.246,0.466,66,0,0,26,4.4,247,42.21,0
ACC-01852,Enterprise,Healthcare,146,515,23,0.854,0.599,369,1,0,18,3.8,125,15467.94,0
ACC-01853,Growth,Healthcare,18,233,12,0.625,0.652,179,3,1,39,2.1,293,987.56,0
ACC-01854,Growth,SaaS,24,614,7,0.689,0.441,19,1,0,46,4.1,202,1277.7,0
ACC-01855,Growth,SaaS,19,681,9,0.62,0.601,141,1,0,25,5.0,307,580.18,0
ACC-01856,Enterprise,Other,24,141,20,0.825,0.62,791,0,0,56,4.5,31,2561.86,0
ACC-01857,Starter,FinTech,1,210,8,0.384,0.374,43,1,0,27,3.5,108,24.48,0
ACC-01858,Starter,E-commerce,3,81,6,0.308,0.435,68,1,0,39,3.9,185,58.8,0
ACC-01859,Starter,SaaS,1,527,9,0.685,0.287,49,2,0,-6,3.5,287,23.51,0
ACC-01860,Starter,SaaS,7,650,6,0.612,0.532,5,0,0,44,4.1,188,157.78,0
ACC-01861,Growth,E-commerce,9,451,11,0.918,0.621,86,0,0,92,3.5,109,394.63,0
ACC-01862,Enterprise,Other,29,122,24,0.729,0.713,953,1,0,59,4.9,308,3306.0,0
ACC-01863,Enterprise,SaaS,123,151,27,0.732,0.661,489,0,0,38,4.0,17,11351.2,0
ACC-01864,Growth,Healthcare,5,54,10,0.729,0.461,150,2,0,17,4.1,25,190.66,0
ACC-01865,Growth,E-commerce,16,372,15,0.683,0.479,119,1,0,78,3.3,133,756.66,0
ACC-01866,Enterprise,SaaS,84,534,15,1.0,0.712,822,1,0,38,3.6,49,6990.26,0
ACC-01867,Enterprise,SaaS,29,135,17,0.453,0.834,918,1,0,27,3.1,116,2991.96,0
ACC-01868,Starter,SaaS,5,623,6,0.415,0.188,66,0,0,28,4.9,357,68.07,0
ACC-01869,Growth,FinTech,26,206,18,0.614,0.521,160,2,1,88,3.5,157,779.12,0
ACC-01870,Growth,E-commerce,24,390,11,0.401,0.379,171,1,0,39,4.0,180,1130.98,0
ACC-01871,Starter,FinTech,1,497,5,0.356,0.374,28,1,1,52,2.8,148,16.63,1
ACC-01872,Starter,SaaS,5,407,8,0.548,0.472,15,2,0,38,3.0,260,113.9,0
ACC-01873,Enterprise,E-commerce,37,364,22,0.615,0.841,960,1,0,41,3.7,144,2425.03,0
ACC-01874,Enterprise,E-commerce,56,265,19,0.796,0.645,917,2,1,33,3.7,110,5542.22,0
ACC-01875,Enterprise,E-commerce,21,331,29,1.0,0.814,846,2,0,73,4.1,10,2151.61,0
ACC-01876,Growth,E-commerce,24,196,13,0.577,0.551,198,1,0,43,5.0,231,1001.52,0
ACC-01877,Starter,SaaS,5,236,8,0.191,0.314,60,0,0,11,2.5,291,106.58,0
ACC-01878,Starter,E-commerce,1,558,7,0.215,0.377,15,2,0,51,4.6,157,14.98,0
ACC-01879,Growth,FinTech,9,647,16,0.577,0.603,194,0,0,39,4.2,118,488.97,0
ACC-01880,Growth,FinTech,9,624,18,0.732,0.763,17,2,0,50,3.5,304,422.51,0
ACC-01881,Growth,SaaS,22,261,20,0.207,0.545,214,0,0,35,3.6,346,795.65,0
ACC-01882,Growth,E-commerce,24,254,11,0.61,0.628,201,1,0,30,4.7,161,828.57,0
ACC-01883,Starter,E-commerce,7,70,12,0.492,0.157,54,4,0,62,3.9,78,165.4,1
ACC-01884,Growth,FinTech,12,221,16,0.601,0.429,122,0,0,83,3.7,248,443.74,0
ACC-01885,Starter,Other,4,439,11,0.284,0.362,8,3,0,1,3.2,229,49.69,0
ACC-01886,Starter,Healthcare,4,217,8,0.422,0.267,60,1,0,44,3.3,124,52.01,0
ACC-01887,Starter,SaaS,3,543,7,0.586,0.104,26,2,0,30,3.0,296,71.53,0
ACC-01888,Starter,E-commerce,5,65,11,0.593,0.362,32,0,0,22,4.5,78,65.04,0
ACC-01889,Enterprise,FinTech,72,318,25,0.9,0.702,622,0,0,-5,3.4,22,6080.79,0
ACC-01890,Starter,Other,3,226,13,0.562,0.428,80,1,0,50,3.1,83,74.47,0
ACC-01891,Starter,SaaS,6,376,9,0.671,0.222,10,1,0,31,4.0,272,137.26,0
ACC-01892,Growth,SaaS,5,47,14,0.647,0.435,228,2,0,30,3.3,208,202.2,0
ACC-01893,Growth,FinTech,8,323,5,0.738,0.792,83,0,0,68,5.0,252,245.19,0
ACC-01894,Starter,SaaS,6,581,2,0.371,0.374,67,2,1,32,3.9,181,84.55,1
ACC-01895,Starter,E-commerce,7,629,7,0.469,0.425,98,0,0,31,4.0,46,117.44,0
ACC-01896,Starter,FinTech,6,209,4,0.408,0.131,24,1,0,13,4.0,257,110.25,0
ACC-01897,Growth,SaaS,12,330,17,0.58,0.679,201,1,0,22,4.3,245,406.86,0
ACC-01898,Starter,E-commerce,6,513,3,0.328,0.564,30,3,1,74,4.4,310,120.27,0
ACC-01899,Starter,Other,6,354,6,0.432,0.312,65,0,0,55,3.9,50,133.76,0
ACC-01900,Starter,Healthcare,7,410,6,0.201,0.342,33,0,0,70,3.2,18,99.12,0
ACC-01901,Growth,FinTech,29,269,18,0.589,0.633,134,2,0,24,3.8,113,1350.32,0
ACC-01902,Starter,SaaS,5,616,6,0.667,0.526,30,5,3,50,3.9,292,108.29,1
ACC-01903,Growth,SaaS,19,472,16,0.594,0.577,333,2,0,65,2.8,41,627.98,0
ACC-01904,Starter,Other,7,702,9,0.602,0.2,0,2,0,55,2.4,314,160.35,0
ACC-01905,Growth,Healthcare,29,575,17,0.873,0.551,0,1,1,77,3.1,345,1289.92,0
ACC-01906,Starter,E-commerce,1,287,11,0.585,0.185,39,1,0,51,2.5,260,22.37,0
ACC-01907,Starter,Other,7,259,8,0.572,0.338,38,2,0,42,3.6,350,172.47,0
ACC-01908,Starter,SaaS,5,91,2,0.582,0.249,47,1,0,-10,3.4,249,120.82,0
ACC-01909,Growth,E-commerce,17,465,13,0.651,0.505,183,0,0,51,4.0,36,690.04,0
ACC-01910,Enterprise,SaaS,108,554,22,0.817,0.744,964,1,0,55,4.4,342,10998.49,0
ACC-01911,Starter,SaaS,1,277,9,0.491,0.285,50,1,0,67,4.1,291,16.01,0
ACC-01912,Starter,FinTech,4,44,5,0.43,0.468,83,2,1,25,4.2,325,94.73,0
ACC-01913,Enterprise,FinTech,45,607,26,0.868,0.563,283,0,0,41,4.6,48,4773.95,0
ACC-01914,Growth,Other,28,186,14,0.562,0.434,237,1,0,7,3.7,137,1391.52,0
ACC-01915,Starter,FinTech,7,437,5,0.514,0.481,103,3,0,7,2.1,76,103.25,1
ACC-01916,Starter,Healthcare,4,67,6,0.616,0.411,0,1,0,53,2.7,236,67.18,0
ACC-01917,Growth,Healthcare,18,73,21,0.735,0.443,137,1,0,70,4.2,226,821.41,0
ACC-01918,Growth,E-commerce,21,658,16,0.786,0.567,155,0,0,71,4.0,197,873.98,0
ACC-01919,Growth,Other,22,500,18,0.473,0.633,252,1,0,52,4.4,64,1123.64,0
ACC-01920,Enterprise,FinTech,63,33,18,0.681,0.607,601,0,0,87,5.0,43,5521.56,0
ACC-01921,Growth,FinTech,5,100,12,0.683,0.629,268,0,0,33,4.1,358,269.91,0
ACC-01922,Starter,SaaS,3,374,6,0.64,0.26,0,1,1,62,3.8,87,36.42,0
ACC-01923,Growth,SaaS,16,506,15,0.685,0.37,148,1,0,13,4.1,349,564.15,0
ACC-01924,Starter,Other,2,326,7,0.641,0.276,55,1,0,-27,3.1,186,33.99,0
ACC-01925,Starter,FinTech,6,640,6,0.488,0.435,76,1,0,31,4.4,12,91.33,0
ACC-01926,Starter,FinTech,5,486,7,0.729,0.164,1,2,0,39,3.8,167,115.51,0
ACC-01927,Starter,SaaS,4,459,5,0.672,0.147,9,0,0,47,5.0,320,58.7,0
ACC-01928,Growth,FinTech,26,232,13,0.794,0.471,28,1,1,38,2.8,211,782.98,0
ACC-01929,Starter,Healthcare,5,507,12,0.528,0.522,73,1,0,50,3.9,345,90.64,0
ACC-01930,Starter,SaaS,1,641,3,0.248,0.414,80,1,0,80,3.5,291,17.96,0
ACC-01931,Growth,Healthcare,19,64,15,0.747,0.658,277,0,0,58,3.2,324,640.33,0
ACC-01932,Growth,E-commerce,17,544,19,0.705,0.514,77,2,1,25,4.3,294,598.63,0
ACC-01933,Growth,Healthcare,5,645,13,0.323,0.591,176,1,0,-13,3.7,253,220.02,0
ACC-01934,Growth,SaaS,14,332,12,0.423,0.826,269,1,0,18,4.8,102,550.32,0
ACC-01935,Growth,E-commerce,6,566,17,0.67,0.577,248,0,0,72,3.5,229,191.09,0
ACC-01936,Starter,SaaS,2,280,5,0.876,0.312,28,1,0,31,3.6,100,35.49,0
ACC-01937,Growth,FinTech,22,165,14,0.548,0.714,156,2,0,57,5.0,235,1004.25,0
ACC-01938,Growth,Healthcare,18,601,10,0.771,0.557,194,2,0,56,3.0,226,695.86,0
ACC-01939,Starter,E-commerce,6,247,1,0.652,0.342,19,0,0,41,3.4,291,84.52,0
ACC-01940,Starter,SaaS,4,559,7,0.785,0.319,30,0,0,40,1.7,141,58.62,0
ACC-01941,Starter,Other,6,250,4,0.45,0.265,26,1,0,27,3.6,111,78.44,0
ACC-01942,Growth,SaaS,16,309,14,0.691,0.623,361,1,0,91,4.4,350,509.53,0
ACC-01943,Starter,E-commerce,7,509,12,0.516,0.369,53,2,0,21,4.2,124,130.87,0
ACC-01944,Starter,Other,3,268,14,0.313,0.218,87,4,0,67,4.0,233,70.71,0
ACC-01945,Growth,E-commerce,25,595,14,0.379,0.722,218,1,1,60,3.3,323,807.09,0
ACC-01946,Enterprise,Healthcare,147,57,26,0.789,0.851,937,1,1,56,3.8,97,16245.8,0
ACC-01947,Starter,E-commerce,6,38,9,0.46,0.374,40,1,0,39,3.6,142,83.23,0
ACC-01948,Enterprise,Healthcare,63,87,21,0.772,0.724,679,1,0,9,3.9,42,6840.62,0
ACC-01949,Starter,E-commerce,3,209,1,0.412,0.476,0,2,0,17,4.0,68,48.84,0
ACC-01950,Enterprise,E-commerce,103,67,28,0.714,0.654,862,1,1,25,3.7,265,9184.08,0
ACC-01951,Enterprise,SaaS,140,296,18,0.793,0.641,452,4,0,50,3.9,47,9067.4,0
ACC-01952,Starter,Healthcare,1,47,13,0.518,0.413,44,1,0,62,3.8,120,23.68,0
ACC-01953,Growth,SaaS,17,559,16,0.602,0.552,179,1,0,49,3.4,54,541.55,0
ACC-01954,Enterprise,Other,112,137,19,0.753,0.784,805,1,0,48,4.0,73,8810.17,0
ACC-01955,Enterprise,SaaS,65,710,23,0.621,0.784,888,0,0,65,3.0,293,4840.41,0
ACC-01956,Enterprise,SaaS,129,629,29,0.799,0.606,344,2,0,-4,4.0,95,8899.48,0
ACC-01957,Growth,Other,6,516,19,0.582,0.449,154,2,0,-7,3.1,184,304.76,0
ACC-01958,Starter,SaaS,6,588,6,0.461,0.257,43,2,0,8,3.9,255,97.56,0
ACC-01959,Growth,FinTech,25,572,12,0.421,0.523,167,0,0,62,4.2,338,702.12,0
ACC-01960,Growth,Healthcare,25,621,14,0.63,0.635,171,2,0,-2,3.3,241,1329.82,0
ACC-01961,Growth,SaaS,7,418,13,0.695,0.694,270,2,1,42,4.6,149,228.39,0
ACC-01962,Starter,SaaS,7,466,12,0.566,0.316,48,0,0,22,5.0,41,161.75,1
ACC-01963,Growth,FinTech,25,358,17,0.536,0.494,191,1,0,45,3.4,163,842.55,0
ACC-01964,Starter,SaaS,7,466,2,0.495,0.488,16,0,0,39,3.8,244,164.47,0
ACC-01965,Growth,SaaS,19,296,16,0.48,0.349,195,2,0,48,4.7,9,1009.76,0
ACC-01966,Starter,SaaS,2,116,7,0.515,0.181,23,1,0,33,2.6,226,45.96,0
ACC-01967,Growth,FinTech,24,681,14,0.601,0.622,171,1,0,58,3.9,9,893.06,0
ACC-01968,Growth,FinTech,18,519,15,0.661,0.508,88,1,0,74,3.7,293,875.26,0
ACC-01969,Growth,SaaS,14,523,18,0.575,0.481,145,1,0,70,4.5,350,684.17,0
ACC-01970,Growth,E-commerce,24,226,17,0.792,0.466,297,2,0,34,3.7,36,831.65,0
ACC-01971,Starter,E-commerce,7,569,5,0.354,0.199,32,0,0,23,4.2,341,129.25,0
ACC-01972,Enterprise,SaaS,144,393,22,0.719,0.762,648,0,0,46,3.3,103,15509.54,0
ACC-01973,Growth,FinTech,17,83,12,0.656,0.562,179,0,0,85,4.6,32,639.61,0
ACC-01974,Starter,Other,5,698,2,0.374,0.314,85,1,0,41,3.1,294,119.67,0
ACC-01975,Starter,E-commerce,6,724,8,0.622,0.282,68,2,1,60,4.5,119,136.62,0
ACC-01976,Starter,FinTech,1,639,14,0.545,0.347,47,0,0,59,4.0,163,17.49,0
ACC-01977,Growth,FinTech,12,362,8,0.773,0.487,180,0,0,59,2.3,359,584.63,0
ACC-01978,Enterprise,SaaS,64,193,22,0.762,0.607,433,2,1,70,3.9,332,7431.94,0
ACC-01979,Growth,Healthcare,7,37,14,0.716,0.726,257,0,0,13,4.3,198,319.04,0
ACC-01980,Starter,Other,1,545,9,0.65,0.28,8,2,0,21,3.0,254,12.81,0
ACC-01981,Enterprise,Other,71,653,19,0.713,0.646,451,1,0,43,3.3,104,7829.76,0
ACC-01982,Starter,SaaS,1,102,3,0.45,0.262,29,2,1,69,4.0,24,16.65,0
ACC-01983,Enterprise,FinTech,83,509,17,0.906,0.591,567,0,0,69,3.5,258,7744.26,0
ACC-01984,Starter,SaaS,2,48,13,0.579,0.567,40,1,0,41,4.1,167,47.18,0
ACC-01985,Growth,FinTech,27,573,11,0.802,0.543,36,3,2,64,3.8,338,763.02,0
ACC-01986,Enterprise,FinTech,68,49,20,0.583,0.575,225,1,0,33,3.0,111,4187.13,0
ACC-01987,Starter,E-commerce,2,712,15,0.418,0.312,51,3,1,24,5.0,84,26.59,0
ACC-01988,Growth,SaaS,27,149,11,0.51,0.444,250,1,0,13,3.7,278,1235.91,0
ACC-01989,Enterprise,Other,70,310,23,0.774,0.641,326,0,0,39,4.0,196,4751.91,0
ACC-01990,Starter,SaaS,6,516,12,0.528,0.294,53,2,0,34,5.0,58,146.6,0
ACC-01991,Starter,SaaS,2,622,12,0.452,0.487,23,1,0,64,4.5,235,38.89,0
ACC-01992,Growth,Other,18,284,9,0.883,0.425,243,0,0,54,4.3,322,685.68,0
ACC-01993,Starter,Healthcare,7,716,6,0.579,0.327,39,2,0,43,4.6,230,87.19,0
ACC-01994,Starter,FinTech,6,41,9,0.191,0.27,79,2,0,43,4.3,267,100.3,0
ACC-01995,Growth,E-commerce,8,359,21,0.572,0.544,268,0,0,33,4.3,64,256.44,0
ACC-01996,Growth,SaaS,27,721,11,0.67,0.531,278,2,0,3,4.3,215,1092.88,0
ACC-01997,Starter,SaaS,7,221,6,0.4,0.201,17,1,0,16,3.8,254,166.39,0
ACC-01998,Starter,FinTech,7,403,9,0.344,0.473,24,2,1,59,4.7,207,130.86,0
ACC-01999,Growth,FinTech,14,341,16,0.466,0.492,150,1,0,39,4.4,343,545.38,0
ACC-02000,Growth,E-commerce,5,305,16,0.58,0.344,79,2,1,13,2.3,347,184.88,0
ACC-02001,Growth,SaaS,27,567,11,0.512,0.602,154,5,0,72,4.5,199,1300.0,0
ACC-02002,Starter,E-commerce,6,393,6,0.671,0.306,52,1,0,79,3.3,315,137.12,0
ACC-02003,Enterprise,Healthcare,47,529,23,0.603,0.612,125,2,0,68,4.1,32,3924.64,0
ACC-02004,Growth,SaaS,24,393,18,0.633,0.709,72,2,1,51,2.7,336,843.4,0
ACC-02005,Starter,SaaS,4,728,7,0.61,0.422,34,1,0,48,3.5,58,51.94,0
ACC-02006,Enterprise,FinTech,46,359,22,0.746,0.981,1000,3,0,41,3.6,301,4922.08,0
ACC-02007,Growth,Healthcare,27,587,10,0.649,0.571,326,3,0,46,4.3,165,968.62,0
ACC-02008,Starter,E-commerce,4,459,15,0.447,0.35,50,1,1,56,3.5,131,84.42,0
ACC-02009,Starter,Healthcare,1,590,9,0.611,0.379,44,3,0,58,2.4,308,24.05,0
ACC-02010,Growth,FinTech,22,649,18,0.763,0.436,256,1,0,52,3.6,66,1160.9,0
ACC-02011,Starter,SaaS,6,188,8,0.457,0.507,66,1,0,-30,3.6,212,130.91,0
ACC-02012,Starter,E-commerce,4,241,8,0.408,0.445,0,0,0,67,4.3,112,67.51,0
ACC-02013,Starter,SaaS,6,241,3,0.474,0.447,42,0,0,46,4.0,100,119.06,0
ACC-02014,Starter,Healthcare,6,370,0,0.587,0.241,22,2,0,12,3.4,351,90.39,0
ACC-02015,Starter,SaaS,1,374,12,0.332,0.293,6,1,0,46,4.1,63,15.78,0
ACC-02016,Growth,SaaS,11,32,14,0.631,0.503,185,0,0,49,5.0,351,420.78,0
ACC-02017,Starter,E-commerce,2,656,9,0.703,0.198,24,0,0,7,4.7,14,33.58,0
ACC-02018,Starter,FinTech,1,631,4,0.37,0.244,34,1,0,28,2.6,78,15.87,1
ACC-02019,Growth,E-commerce,17,450,11,0.481,0.537,169,1,0,18,5.0,139,921.8,0
ACC-02020,Starter,FinTech,4,244,12,0.45,0.203,53,2,0,21,4.7,86,55.95,0
ACC-02021,Growth,Other,13,608,20,0.58,0.729,123,1,0,55,5.0,98,438.08,0
ACC-02022,Starter,Healthcare,1,219,6,0.695,0.332,79,2,0,28,2.8,241,17.28,0
ACC-02023,Starter,Other,7,244,10,0.467,0.214,30,0,0,44,3.6,26,86.68,0
ACC-02024,Starter,E-commerce,7,728,9,0.426,0.533,0,0,0,58,4.3,204,115.91,1
ACC-02025,Growth,E-commerce,24,676,14,0.547,0.604,131,0,0,32,3.1,151,1104.08,0
ACC-02026,Starter,E-commerce,1,439,14,0.404,0.484,41,0,0,59,4.3,208,14.99,0
ACC-02027,Growth,FinTech,12,148,12,0.52,0.658,198,0,0,72,5.0,129,482.11,0
ACC-02028,Starter,FinTech,6,116,12,0.405,0.333,70,0,0,61,3.7,331,72.74,0
ACC-02029,Growth,E-commerce,19,704,15,0.603,0.367,115,0,0,55,5.0,123,586.96,0
ACC-02030,Growth,SaaS,14,215,14,0.579,0.474,127,1,0,61,4.4,205,404.04,0
ACC-02031,Starter,SaaS,6,507,13,0.428,0.567,15,2,0,51,2.6,162,90.12,0
ACC-02032,Growth,Other,19,277,15,0.815,0.43,107,0,0,61,3.3,213,1035.17,0
ACC-02033,Starter,SaaS,4,377,8,0.242,0.217,62,1,0,16,4.7,147,94.79,1
ACC-02034,Starter,E-commerce,3,720,13,0.686,0.409,23,0,0,40,3.2,243,73.69,0
ACC-02035,Starter,E-commerce,4,445,12,0.674,0.307,6,1,0,51,4.7,78,77.47,0
ACC-02036,Growth,SaaS,9,331,18,0.617,0.325,118,2,1,40,4.3,188,371.47,0
ACC-02037,Enterprise,Other,82,320,8,0.879,0.539,875,1,0,97,4.1,311,5422.97,0
ACC-02038,Starter,SaaS,1,191,10,0.546,0.246,54,0,0,38,3.5,214,12.76,0
ACC-02039,Growth,Other,5,419,15,0.66,0.768,339,1,0,3,4.1,77,166.95,0
ACC-02040,Growth,Healthcare,7,428,14,0.544,0.562,208,2,0,43,5.0,273,243.83,0
ACC-02041,Starter,SaaS,4,96,10,0.421,0.323,40,1,0,60,3.6,119,60.83,0
ACC-02042,Growth,SaaS,20,313,15,0.521,0.548,154,1,0,23,4.3,334,746.87,0
ACC-02043,Growth,FinTech,11,481,16,0.613,0.472,104,2,0,41,5.0,302,333.53,0
ACC-02044,Enterprise,FinTech,57,68,21,0.857,0.729,1034,2,0,40,4.1,340,6673.46,0
ACC-02045,Enterprise,SaaS,126,713,27,0.639,0.802,464,1,0,41,3.6,305,9525.76,0
ACC-02046,Starter,Other,3,632,11,0.515,0.292,85,2,2,29,3.5,245,42.45,0
ACC-02047,Starter,SaaS,7,475,10,0.588,0.341,65,0,0,66,2.4,242,167.36,0
ACC-02048,Growth,Healthcare,15,40,16,0.483,0.388,182,0,0,90,3.1,101,532.34,0
ACC-02049,Starter,SaaS,5,392,12,0.581,0.229,78,0,0,24,4.1,138,111.55,0
ACC-02050,Starter,Other,1,658,12,0.685,0.456,5,2,0,13,4.6,317,16.1,0
ACC-02051,Enterprise,SaaS,20,45,22,0.59,0.686,751,1,1,32,3.6,227,1585.22,0
ACC-02052,Starter,FinTech,4,584,11,0.533,0.218,15,2,1,73,4.6,254,80.94,0
ACC-02053,Growth,E-commerce,5,617,15,0.545,0.602,214,0,0,36,4.5,82,188.66,0
ACC-02054,Growth,SaaS,25,83,21,0.628,0.569,167,2,0,50,3.4,137,1119.61,0
ACC-02055,Starter,Healthcare,1,191,12,0.482,0.284,51,1,0,22,3.5,95,15.82,0
ACC-02056,Growth,SaaS,22,536,12,0.707,0.705,177,2,0,81,3.0,230,1143.86,0
ACC-02057,Enterprise,E-commerce,128,668,30,0.884,0.78,732,2,0,36,4.4,192,8458.24,0
ACC-02058,Growth,E-commerce,23,569,7,0.606,0.362,278,2,1,47,3.9,157,972.98,0
ACC-02059,Starter,E-commerce,7,397,10,0.33,0.248,55,2,0,24,4.5,281,97.01,1
ACC-02060,Starter,SaaS,7,451,6,0.294,0.347,35,2,0,22,3.9,305,105.77,0
ACC-02061,Enterprise,SaaS,89,397,29,0.951,0.683,585,0,0,42,3.2,339,8944.84,0
ACC-02062,Starter,SaaS,1,434,9,0.586,0.332,3,3,0,44,4.4,126,13.61,0
ACC-02063,Growth,FinTech,15,569,11,0.621,0.691,272,1,1,61,2.5,178,536.29,0
ACC-02064,Starter,SaaS,2,64,7,0.811,0.246,30,1,0,5,3.7,163,48.65,0
ACC-02065,Starter,Other,2,176,6,0.545,0.348,59,3,0,21,3.4,341,27.55,0
ACC-02066,Enterprise,E-commerce,114,71,21,0.768,0.844,932,1,0,27,5.0,290,11020.25,0
ACC-02067,Growth,E-commerce,29,587,13,0.565,0.421,316,2,0,45,5.0,337,1409.07,0
ACC-02068,Enterprise,FinTech,34,539,19,0.784,0.81,605,1,0,17,4.2,77,2357.75,0
ACC-02069,Starter,SaaS,4,67,9,0.479,0.144,46,1,1,40,3.5,201,81.68,0
ACC-02070,Growth,E-commerce,23,103,15,0.309,0.73,257,0,0,28,5.0,208,1022.59,0
ACC-02071,Enterprise,SaaS,89,215,19,0.787,0.823,602,2,0,39,3.4,158,7865.87,0
ACC-02072,Starter,FinTech,5,199,2,0.331,0.16,23,1,0,25,2.9,166,80.8,1
ACC-02073,Starter,FinTech,2,393,9,0.416,0.297,41,0,0,20,2.5,309,29.38,0
ACC-02074,Enterprise,E-commerce,136,379,24,0.795,0.612,953,1,0,48,4.0,137,12525.1,0
ACC-02075,Starter,Other,6,280,11,0.344,0.366,98,0,0,66,2.7,164,119.61,0
ACC-02076,Growth,SaaS,28,144,16,0.752,0.504,201,0,0,60,4.9,44,899.73,0
ACC-02077,Enterprise,FinTech,111,484,28,0.984,0.77,452,1,0,66,3.5,233,11023.74,0
ACC-02078,Starter,SaaS,7,582,11,0.372,0.385,84,1,0,69,3.0,9,126.11,0
ACC-02079,Starter,FinTech,2,478,17,0.329,0.278,17,1,0,38,4.7,274,24.29,0
ACC-02080,Starter,Healthcare,7,595,19,0.408,0.436,42,3,0,83,4.5,225,155.58,0
ACC-02081,Starter,SaaS,1,669,2,0.346,0.073,15,0,0,59,5.0,350,17.49,0
ACC-02082,Starter,E-commerce,5,619,0,0.568,0.315,0,0,0,21,2.7,206,124.54,0
ACC-02083,Growth,FinTech,19,486,14,0.842,0.322,208,1,0,27,2.6,264,542.59,0
ACC-02084,Starter,SaaS,2,64,10,0.659,0.512,25,1,0,45,5.0,342,38.55,0
ACC-02085,Growth,Other,12,264,14,0.647,0.531,217,1,1,61,1.9,87,373.62,0
ACC-02086,Starter,FinTech,1,329,10,0.582,0.373,32,0,0,37,3.0,113,18.78,0
ACC-02087,Starter,Healthcare,4,528,7,0.547,0.395,40,3,0,21,3.9,192,79.91,0
ACC-02088,Starter,FinTech,2,622,6,0.591,0.5,10,1,0,59,3.0,19,46.23,0
ACC-02089,Growth,Other,26,478,12,0.56,0.716,44,1,1,17,4.0,91,1273.16,0
ACC-02090,Growth,SaaS,13,284,13,0.604,0.504,116,2,1,49,3.1,171,676.66,0
ACC-02091,Starter,FinTech,7,581,11,0.476,0.159,73,1,0,43,4.8,93,148.56,0
ACC-02092,Enterprise,Healthcare,81,517,20,0.792,0.738,240,2,0,12,4.4,20,8220.66,0
ACC-02093,Growth,FinTech,26,588,13,0.62,0.67,178,0,0,81,4.1,273,831.58,0
ACC-02094,Starter,FinTech,3,442,10,0.475,0.319,22,2,0,42,3.7,98,54.58,0
ACC-02095,Enterprise,Other,62,482,21,0.809,0.774,1029,1,0,16,3.2,11,5747.02,0
ACC-02096,Starter,E-commerce,3,273,12,0.617,0.372,49,0,0,43,3.8,245,41.49,0
ACC-02097,Starter,E-commerce,3,309,5,0.386,0.375,31,2,0,4,3.0,86,45.99,0
ACC-02098,Growth,E-commerce,23,223,10,0.816,0.712,101,0,0,50,5.0,169,720.17,0
ACC-02099,Starter,Healthcare,4,209,9,0.096,0.217,60,4,0,61,4.1,278,52.11,0
ACC-02100,Starter,Other,3,486,9,0.77,0.138,19,2,0,100,3.3,122,51.26,0
ACC-02101,Growth,E-commerce,13,298,11,0.698,0.502,106,1,0,44,5.0,215,425.14,0
ACC-02102,Starter,SaaS,7,123,13,0.554,0.188,66,1,0,28,3.9,292,146.67,0
ACC-02103,Growth,SaaS,13,54,21,0.715,0.413,149,1,0,47,4.9,269,412.31,0
ACC-02104,Enterprise,E-commerce,23,632,20,0.678,0.743,551,0,0,74,4.9,126,2355.66,0
ACC-02105,Growth,Healthcare,11,334,19,0.793,0.571,103,2,0,53,4.2,148,318.85,0
ACC-02106,Growth,FinTech,24,433,6,0.468,0.61,167,0,0,60,3.0,62,1108.3,0
ACC-02107,Growth,SaaS,19,663,18,0.732,0.443,150,2,1,59,3.5,60,877.66,0
ACC-02108,Enterprise,SaaS,73,108,19,0.774,0.609,944,0,0,53,5.0,105,6474.21,0
ACC-02109,Starter,E-commerce,1,686,11,0.173,0.383,46,2,0,11,3.5,344,24.67,0
ACC-02110,Starter,Healthcare,1,522,5,0.487,0.508,28,1,0,10,3.7,347,19.39,0
ACC-02111,Growth,SaaS,25,478,14,0.404,0.521,236,0,0,7,3.6,311,901.25,0
ACC-02112,Growth,E-commerce,8,331,11,0.569,0.458,135,2,0,16,3.2,95,392.05,0
ACC-02113,Starter,Healthcare,3,524,7,0.443,0.404,8,1,0,18,4.4,217,60.16,0
ACC-02114,Growth,Other,21,172,20,0.572,0.427,0,1,0,83,3.0,135,1134.99,0
ACC-02115,Starter,SaaS,7,241,8,0.442,0.247,5,0,0,26,3.3,104,98.33,1
ACC-02116,Enterprise,Other,70,702,29,1.0,0.707,381,0,0,44,4.1,67,4481.88,0
ACC-02117,Starter,E-commerce,7,223,7,0.448,0.275,44,1,0,37,3.7,349,147.55,0
ACC-02118,Starter,Healthcare,5,533,13,0.237,0.405,54,1,0,46,4.0,238,99.9,0
ACC-02119,Starter,SaaS,3,681,2,0.449,0.122,48,3,1,44,3.9,257,65.67,0
ACC-02120,Starter,E-commerce,3,445,7,0.593,0.522,12,0,0,14,3.1,104,41.89,0
ACC-02121,Starter,E-commerce,4,238,6,0.57,0.414,0,4,0,55,4.9,357,61.32,0
ACC-02122,Starter,FinTech,2,624,13,0.436,0.421,39,0,0,27,4.7,80,27.09,0
ACC-02123,Starter,FinTech,7,608,9,0.261,0.066,0,2,1,26,3.2,70,128.81,0
ACC-02124,Starter,E-commerce,1,410,1,0.577,0.225,63,2,0,35,4.2,216,18.67,0
ACC-02125,Starter,E-commerce,1,110,3,0.543,0.529,12,1,0,60,3.6,341,23.73,0
ACC-02126,Starter,SaaS,2,339,4,0.607,0.329,95,0,0,28,4.7,280,35.5,0
ACC-02127,Starter,FinTech,2,332,11,0.439,0.143,15,2,1,44,4.5,347,42.7,0
ACC-02128,Starter,SaaS,1,162,11,0.227,0.377,51,2,1,51,4.8,217,17.25,0
ACC-02129,Starter,Other,3,311,7,0.56,0.431,21,2,0,48,3.2,94,67.12,0
ACC-02130,Starter,Other,3,137,6,0.479,0.414,35,3,1,46,3.0,184,40.54,1
ACC-02131,Starter,SaaS,1,514,11,0.689,0.332,44,1,0,11,2.6,184,13.35,0
ACC-02132,Growth,SaaS,14,332,10,0.612,0.545,249,1,0,45,5.0,355,469.9,0
ACC-02133,Enterprise,SaaS,32,541,24,0.895,0.556,292,2,0,22,4.5,111,2251.13,0
ACC-02134,Enterprise,FinTech,71,349,23,0.937,0.691,676,0,0,3,4.8,107,7479.38,0
ACC-02135,Growth,Other,27,529,13,0.566,0.572,101,1,0,32,2.9,153,973.75,0
ACC-02136,Growth,E-commerce,16,543,15,0.661,0.416,40,0,0,31,4.3,175,503.59,0
ACC-02137,Starter,SaaS,3,142,8,0.465,0.305,56,2,0,100,2.7,216,51.2,0
ACC-02138,Growth,SaaS,22,339,16,0.816,0.614,181,2,0,63,4.2,73,817.53,0
ACC-02139,Growth,SaaS,9,554,9,0.506,0.531,35,1,0,59,3.9,296,492.69,0
ACC-02140,Growth,Healthcare,24,445,16,0.808,0.543,131,2,0,33,3.7,186,922.85,0
ACC-02141,Enterprise,E-commerce,103,185,26,0.81,0.767,760,0,0,38,3.5,173,6671.25,0
ACC-02142,Starter,E-commerce,5,612,9,0.526,0.286,47,0,0,99,4.7,179,66.92,0
ACC-02143,Growth,FinTech,23,169,16,0.671,0.392,191,4,0,28,3.5,335,1197.34,1
ACC-02144,Growth,Other,28,725,14,0.448,0.517,95,1,0,48,4.8,282,1466.43,0
ACC-02145,Starter,FinTech,5,524,11,0.854,0.46,0,1,0,83,3.9,208,116.7,0
ACC-02146,Enterprise,Healthcare,60,255,22,0.718,0.626,442,1,0,26,4.2,169,5281.56,0
ACC-02147,Starter,Other,3,166,4,0.781,0.37,73,1,0,45,4.3,87,46.1,0
ACC-02148,Enterprise,FinTech,124,661,25,0.691,0.744,576,0,0,42,4.2,56,7872.67,0
ACC-02149,Growth,Other,16,396,8,0.721,0.549,193,0,0,22,4.1,344,604.81,0
ACC-02150,Starter,SaaS,6,594,9,0.7,0.288,0,2,1,59,5.0,346,131.23,0
ACC-02151,Growth,E-commerce,10,612,13,0.59,0.61,226,2,1,17,4.7,105,513.43,0
ACC-02152,Starter,SaaS,4,77,6,0.395,0.345,42,0,0,59,2.1,101,84.47,0
ACC-02153,Growth,FinTech,21,508,15,0.862,0.5,173,1,1,51,3.8,313,1097.57,0
ACC-02154,Growth,SaaS,5,263,12,0.449,0.562,214,3,0,62,4.9,93,235.87,0
ACC-02155,Growth,SaaS,20,665,16,0.644,0.522,163,0,0,38,3.3,250,736.52,0
ACC-02156,Enterprise,SaaS,42,183,22,0.857,0.848,408,2,0,51,3.9,329,2911.13,0
ACC-02157,Starter,FinTech,3,53,6,0.507,0.427,31,1,0,65,4.0,338,53.94,0
ACC-02158,Starter,E-commerce,1,495,13,0.68,0.416,29,1,0,11,5.0,243,15.39,0
ACC-02159,Starter,FinTech,2,416,9,0.538,0.467,7,2,0,15,3.2,46,37.67,1
ACC-02160,Starter,FinTech,7,418,10,0.426,0.474,34,1,1,55,3.3,323,127.74,0
ACC-02161,Starter,Other,6,214,13,0.561,0.445,39,0,0,60,4.3,76,72.62,0
ACC-02162,Starter,Other,6,376,13,0.269,0.45,25,4,0,45,4.1,108,82.23,0
ACC-02163,Starter,SaaS,2,704,10,0.354,0.423,27,2,0,62,4.3,68,39.26,0
ACC-02164,Starter,FinTech,6,564,7,0.415,0.442,34,1,0,34,4.1,23,148.38,0
ACC-02165,Enterprise,E-commerce,104,719,17,0.984,0.707,667,0,0,70,3.8,74,10017.47,0
ACC-02166,Starter,Healthcare,6,263,9,0.541,0.218,37,4,1,40,4.3,160,144.54,0
ACC-02167,Enterprise,FinTech,28,639,26,0.703,0.77,1027,1,1,25,4.0,10,2842.41,0
ACC-02168,Starter,Healthcare,2,297,9,0.476,0.502,10,0,0,73,3.7,93,41.8,0
ACC-02169,Starter,SaaS,7,684,0,0.362,0.256,63,1,1,60,3.9,59,137.65,0
ACC-02170,Growth,FinTech,26,635,17,0.504,0.633,249,2,0,32,3.5,267,1133.75,0
ACC-02171,Starter,Healthcare,6,145,11,0.375,0.351,37,0,0,33,3.4,251,87.71,0
ACC-02172,Starter,E-commerce,6,710,7,0.543,0.201,88,4,1,55,4.3,82,84.97,0
ACC-02173,Growth,Healthcare,17,455,17,0.72,0.687,160,2,0,20,3.0,316,570.28,0
ACC-02174,Starter,SaaS,6,573,10,0.564,0.094,0,4,2,49,4.4,33,97.79,0
ACC-02175,Starter,SaaS,2,435,6,0.389,0.209,76,1,0,38,3.7,62,31.22,0
ACC-02176,Growth,SaaS,15,181,18,0.542,0.725,118,1,0,47,3.8,175,780.88,0
ACC-02177,Starter,SaaS,1,719,4,0.687,0.201,49,1,1,-2,3.8,332,21.8,0
ACC-02178,Growth,SaaS,17,108,14,0.558,0.737,211,1,0,22,4.3,106,577.78,0
ACC-02179,Starter,E-commerce,7,596,7,0.504,0.356,62,0,0,48,4.9,351,136.95,0
ACC-02180,Enterprise,E-commerce,84,176,19,0.882,0.72,718,0,0,65,5.0,96,5090.97,0
ACC-02181,Growth,E-commerce,5,579,15,0.956,0.495,245,1,0,39,4.6,232,184.6,0
ACC-02182,Enterprise,FinTech,106,325,27,0.774,0.699,735,3,0,58,4.0,118,6960.65,0
ACC-02183,Growth,SaaS,19,195,18,0.391,0.72,279,0,0,9,4.5,219,643.23,0
ACC-02184,Starter,E-commerce,5,195,11,0.53,0.461,85,2,0,32,2.5,115,75.06,0
ACC-02185,Growth,SaaS,14,253,8,0.583,0.309,180,0,0,48,4.3,93,738.27,0
ACC-02186,Starter,Other,6,660,3,0.508,0.6,38,1,0,41,4.2,164,118.88,0
ACC-02187,Growth,SaaS,13,568,15,0.489,0.613,146,2,0,59,2.8,123,671.23,0
ACC-02188,Growth,E-commerce,16,499,14,0.546,0.536,153,2,0,36,3.5,212,677.59,0
ACC-02189,Starter,Other,7,470,6,0.528,0.385,51,1,0,37,4.1,181,162.29,0
ACC-02190,Enterprise,E-commerce,132,321,29,0.689,0.646,649,2,0,56,4.2,198,14432.16,0
ACC-02191,Starter,E-commerce,1,661,8,0.641,0.49,51,1,1,30,4.6,58,22.84,0
ACC-02192,Growth,E-commerce,24,221,16,0.576,0.481,61,2,0,22,5.0,219,1319.02,0
ACC-02193,Growth,SaaS,29,690,17,0.454,0.557,158,0,0,52,3.8,266,835.15,0
ACC-02194,Starter,E-commerce,4,296,8,0.756,0.204,21,0,0,21,3.1,51,97.45,0
ACC-02195,Growth,Other,25,269,23,0.686,0.111,189,1,1,73,4.5,77,1153.63,0
ACC-02196,Growth,Other,21,363,11,0.417,0.614,144,1,0,1,4.8,26,817.46,0
ACC-02197,Starter,FinTech,1,553,6,0.194,0.279,58,1,1,35,4.8,86,22.71,1
ACC-02198,Growth,FinTech,15,529,11,0.401,0.592,51,3,1,78,4.2,340,441.69,0
ACC-02199,Starter,Healthcare,6,566,13,0.607,0.532,47,1,0,85,5.0,39,91.08,0
ACC-02200,Growth,E-commerce,15,92,17,0.846,0.556,323,0,0,40,3.7,85,572.77,0
ACC-02201,Starter,SaaS,6,142,6,0.695,0.498,0,1,1,66,5.0,54,148.75,0
ACC-02202,Enterprise,SaaS,146,624,19,0.634,0.647,730,0,0,59,3.1,303,12416.2,0
ACC-02203,Enterprise,SaaS,119,716,27,0.76,0.632,667,0,0,31,2.3,213,14182.36,0
ACC-02204,Starter,FinTech,2,119,9,0.498,0.229,69,1,0,52,3.1,28,41.91,0
ACC-02205,Starter,SaaS,6,662,13,0.719,0.106,45,1,1,23,3.5,90,111.83,0
ACC-02206,Growth,SaaS,12,213,14,0.812,0.456,339,1,0,8,3.9,248,464.89,0
ACC-02207,Growth,SaaS,13,715,16,0.754,0.501,210,2,1,53,3.2,275,702.64,0
ACC-02208,Starter,Other,1,725,9,0.596,0.37,33,3,0,54,4.0,222,13.65,0
ACC-02209,Starter,SaaS,6,475,6,0.565,0.366,57,0,0,16,4.4,208,73.89,0
ACC-02210,Starter,SaaS,2,163,7,0.571,0.267,12,1,0,39,4.1,171,40.6,0
ACC-02211,Enterprise,FinTech,32,581,18,0.608,0.723,977,2,0,16,3.8,306,3491.83,0
ACC-02212,Growth,SaaS,15,100,16,0.629,0.52,264,0,0,32,4.7,139,766.04,0
ACC-02213,Enterprise,Other,119,263,25,0.629,0.768,552,0,0,32,3.3,352,9659.63,0
ACC-02214,Growth,Other,10,476,17,0.663,0.617,211,0,0,58,3.7,316,529.83,0
ACC-02215,Enterprise,FinTech,42,77,24,0.831,0.728,469,2,1,31,3.5,339,3333.96,0
ACC-02216,Starter,FinTech,4,305,8,0.682,0.353,65,0,0,14,4.4,258,62.13,0
ACC-02217,Starter,FinTech,2,588,13,0.385,0.431,8,1,0,80,3.6,129,39.96,0
ACC-02218,Enterprise,SaaS,131,94,25,0.802,0.943,739,1,0,53,4.2,237,9869.79,0
ACC-02219,Enterprise,SaaS,56,286,27,0.63,0.783,847,2,0,62,4.5,170,4451.53,0
ACC-02220,Starter,SaaS,2,32,13,0.858,0.419,92,1,1,55,3.5,338,39.24,0
ACC-02221,Starter,SaaS,7,490,8,0.826,0.105,18,0,0,63,2.8,331,142.19,0
ACC-02222,Growth,E-commerce,8,85,15,0.707,0.49,208,1,0,52,3.7,29,295.97,0
ACC-02223,Starter,SaaS,4,226,11,0.558,0.2,42,1,0,52,3.3,276,98.92,0
ACC-02224,Starter,SaaS,5,395,4,0.481,0.375,28,1,0,45,3.5,274,88.37,1
ACC-02225,Enterprise,FinTech,125,180,18,0.534,0.642,760,0,0,32,2.2,225,13346.51,0
ACC-02226,Starter,FinTech,5,191,3,0.498,0.465,60,0,0,62,2.8,353,106.67,0
ACC-02227,Growth,SaaS,26,614,14,0.692,0.59,187,1,1,36,4.5,33,759.56,0
ACC-02228,Starter,SaaS,4,574,7,0.252,0.329,49,0,0,45,3.2,354,83.58,0
ACC-02229,Starter,SaaS,6,86,3,0.519,0.498,36,2,0,50,4.7,6,124.0,1
ACC-02230,Growth,SaaS,7,630,15,0.408,0.406,234,1,0,52,3.4,67,256.65,0
ACC-02231,Starter,Healthcare,5,357,8,0.527,0.307,27,1,1,20,4.2,237,104.12,0
ACC-02232,Growth,Other,20,131,18,0.496,0.561,354,0,0,46,3.7,296,901.57,0
ACC-02233,Starter,FinTech,5,664,15,0.426,0.418,81,0,0,20,4.4,330,93.49,0
ACC-02234,Enterprise,FinTech,142,265,24,1.0,0.811,492,1,1,46,3.7,26,15368.1,0
ACC-02235,Growth,Healthcare,14,257,12,0.782,0.552,169,2,0,59,4.0,301,584.72,0
ACC-02236,Enterprise,E-commerce,90,132,24,0.822,0.753,647,1,0,82,4.8,254,7418.17,0
ACC-02237,Starter,SaaS,7,650,8,0.554,0.349,37,0,0,55,4.2,149,96.51,0
ACC-02238,Starter,SaaS,2,230,7,0.45,0.323,1,0,0,61,3.4,235,36.71,0
ACC-02239,Starter,FinTech,3,444,5,0.573,0.422,10,0,0,18,2.6,147,60.83,0
ACC-02240,Growth,E-commerce,23,197,12,0.724,0.497,231,0,0,54,3.8,169,1019.86,0
ACC-02241,Starter,SaaS,6,656,7,0.796,0.523,74,0,0,17,4.2,79,120.18,0
ACC-02242,Starter,SaaS,3,580,11,0.521,0.469,29,1,1,68,4.0,129,50.89,0
ACC-02243,Starter,FinTech,5,382,10,0.808,0.255,16,2,0,19,3.3,243,71.36,0
ACC-02244,Starter,SaaS,1,271,14,0.35,0.514,0,0,0,21,4.0,91,21.37,0
ACC-02245,Starter,FinTech,3,488,10,0.312,0.388,63,2,0,59,4.4,290,37.47,0
ACC-02246,Starter,E-commerce,7,376,9,0.535,0.37,64,2,1,79,4.9,130,107.18,0
ACC-02247,Starter,E-commerce,5,688,7,0.534,0.452,0,1,0,65,3.7,337,120.6,0
ACC-02248,Growth,SaaS,21,501,10,0.641,0.426,138,1,0,34,5.0,40,811.96,0
ACC-02249,Starter,SaaS,2,49,6,0.508,0.184,43,1,0,20,4.9,131,32.68,0
ACC-02250,Starter,Healthcare,3,605,6,0.386,0.353,46,1,0,33,4.0,113,40.86,0
ACC-02251,Growth,FinTech,25,164,5,0.867,0.515,157,1,0,45,4.1,210,798.69,0
ACC-02252,Growth,SaaS,6,240,10,0.69,0.508,254,1,0,40,4.9,187,280.33,0
ACC-02253,Starter,SaaS,7,335,14,0.288,0.258,33,3,0,19,3.2,28,109.45,0
ACC-02254,Growth,Healthcare,12,176,15,0.583,0.543,267,3,2,70,3.3,190,603.89,0
ACC-02255,Enterprise,Healthcare,35,689,21,0.563,0.61,544,3,1,71,3.0,196,3203.1,0
ACC-02256,Growth,Other,27,714,15,0.561,0.624,0,0,0,83,3.7,212,1345.52,0
ACC-02257,Enterprise,E-commerce,106,138,15,0.889,0.549,641,0,0,5,3.3,197,11216.65,0
ACC-02258,Growth,FinTech,15,254,15,0.983,0.507,155,0,0,24,3.7,266,583.89,0
ACC-02259,Starter,FinTech,4,289,12,0.695,0.517,0,2,1,48,3.9,264,90.07,0
ACC-02260,Starter,SaaS,3,499,8,0.578,0.36,35,2,1,42,2.9,46,39.91,0
ACC-02261,Growth,E-commerce,10,448,8,0.66,0.877,83,0,0,32,4.9,234,351.35,0
ACC-02262,Enterprise,E-commerce,134,504,21,0.919,0.692,588,1,0,23,4.7,311,9367.6,0
ACC-02263,Growth,SaaS,13,51,18,0.607,0.43,84,3,0,20,3.6,172,405.16,0
ACC-02264,Starter,Other,5,389,9,0.418,0.305,71,1,0,87,4.9,136,99.09,0
ACC-02265,Growth,FinTech,14,177,9,0.639,0.585,172,4,2,11,4.2,192,704.8,0
ACC-02266,Starter,SaaS,1,189,16,0.614,0.11,83,2,0,8,4.7,73,18.6,0
ACC-02267,Growth,FinTech,28,572,10,0.62,0.476,38,1,0,16,3.0,168,922.04,0
ACC-02268,Growth,Other,20,129,13,0.61,0.666,137,2,2,46,3.7,69,1070.1,0
ACC-02269,Growth,Other,16,52,10,0.435,0.598,342,3,1,36,4.3,134,649.76,0
ACC-02270,Enterprise,FinTech,92,370,18,0.616,0.808,261,2,1,51,3.8,295,8602.94,0
ACC-02271,Growth,Other,6,545,12,0.695,0.706,156,3,2,26,3.8,336,289.59,0
ACC-02272,Growth,Other,16,387,16,0.649,0.273,101,0,0,44,3.8,177,484.84,0
ACC-02273,Growth,Healthcare,21,142,19,0.533,0.639,268,2,0,44,4.2,341,1002.83,0
ACC-02274,Growth,Other,11,571,13,0.479,0.382,302,3,0,77,4.0,97,515.43,0
ACC-02275,Enterprise,FinTech,76,297,18,1.0,0.639,144,0,0,81,5.0,95,8940.66,0
ACC-02276,Starter,Healthcare,2,526,10,0.335,0.257,36,0,0,39,3.2,340,34.84,0
ACC-02277,Growth,E-commerce,5,171,16,0.707,0.546,202,1,1,61,4.0,228,251.1,0
ACC-02278,Starter,Healthcare,5,668,9,0.358,0.318,49,1,0,46,4.4,216,104.92,0
ACC-02279,Enterprise,SaaS,144,228,23,0.872,0.658,543,1,0,59,3.0,135,14084.84,0
ACC-02280,Growth,Healthcare,5,709,14,0.746,0.382,327,3,2,50,3.7,233,196.4,0
ACC-02281,Starter,Other,5,294,8,0.656,0.188,29,4,0,58,4.0,343,100.44,0
ACC-02282,Starter,FinTech,3,539,7,0.231,0.224,25,1,1,61,5.0,94,39.33,1
ACC-02283,Starter,Other,3,381,12,0.614,0.311,35,1,0,51,4.0,279,58.75,0
ACC-02284,Growth,FinTech,29,83,22,0.433,0.785,236,2,0,45,4.4,148,1143.28,0
ACC-02285,Starter,SaaS,2,98,9,0.39,0.667,43,1,1,65,4.5,131,44.77,0
ACC-02286,Starter,SaaS,6,313,8,0.442,0.243,0,0,0,39,2.0,115,136.51,0
ACC-02287,Enterprise,Healthcare,135,165,23,0.644,0.606,1246,1,0,29,4.0,315,15200.2,0
ACC-02288,Growth,E-commerce,12,456,12,0.466,0.482,316,0,0,8,3.6,93,518.18,0
ACC-02289,Starter,FinTech,6,126,11,0.461,0.378,10,1,1,51,5.0,158,133.03,0
ACC-02290,Starter,E-commerce,6,443,10,0.309,0.409,30,0,0,57,4.4,328,123.74,0
ACC-02291,Enterprise,FinTech,46,173,21,0.824,0.648,789,2,0,4,4.5,180,5197.79,0
ACC-02292,Growth,FinTech,14,157,17,0.624,0.589,92,1,0,28,4.3,51,713.14,0
ACC-02293,Growth,Other,20,286,14,0.48,0.394,200,2,2,59,4.0,356,674.61,0
ACC-02294,Starter,E-commerce,3,438,5,0.462,0.354,53,1,0,39,4.5,37,40.76,0
ACC-02295,Starter,Healthcare,3,309,9,0.882,0.389,2,1,0,43,3.9,327,74.91,0
ACC-02296,Starter,E-commerce,6,274,9,0.549,0.577,32,2,1,62,4.8,141,124.8,0
ACC-02297,Growth,Other,15,268,17,0.953,0.583,193,1,0,40,3.2,239,733.41,1
ACC-02298,Starter,SaaS,6,267,11,0.321,0.258,78,0,0,50,4.6,241,148.83,0
ACC-02299,Starter,SaaS,3,312,8,0.296,0.294,69,2,0,18,3.6,101,50.46,0
ACC-02300,Growth,SaaS,21,613,12,1.0,0.508,176,1,0,50,4.4,118,667.05,0
ACC-02301,Enterprise,E-commerce,21,434,22,0.602,0.892,636,2,0,13,2.8,53,1560.89,0
ACC-02302,Growth,E-commerce,13,325,15,0.637,0.408,231,1,0,13,4.1,77,379.54,0
ACC-02303,Growth,Healthcare,20,554,16,0.525,0.542,64,0,0,31,3.8,24,899.93,0
ACC-02304,Growth,FinTech,28,399,15,0.557,0.436,113,2,0,54,3.9,24,1305.86,0
ACC-02305,Starter,SaaS,1,694,8,0.409,0.38,36,0,0,43,2.7,154,16.48,0
ACC-02306,Starter,E-commerce,7,424,11,0.538,0.381,89,2,0,25,3.9,304,120.69,0
ACC-02307,Growth,Other,15,181,12,0.443,0.639,166,1,0,61,4.0,146,563.16,0
ACC-02308,Starter,SaaS,5,424,17,0.65,0.385,62,1,0,49,2.7,270,110.97,0
ACC-02309,Growth,SaaS,10,571,17,0.614,0.52,405,2,0,65,3.1,122,482.73,0
ACC-02310,Enterprise,SaaS,65,179,18,0.645,0.801,542,1,0,22,4.0,237,3920.93,0
ACC-02311,Enterprise,FinTech,31,171,23,0.758,0.627,738,1,0,74,4.2,192,2061.2,0
ACC-02312,Starter,SaaS,6,449,11,0.701,0.202,0,2,1,77,3.9,268,111.45,0
ACC-02313,Starter,FinTech,3,649,7,0.683,0.213,38,0,0,62,3.9,249,44.06,0
ACC-02314,Starter,E-commerce,6,264,3,0.283,0.374,17,0,0,53,3.9,307,72.89,0
ACC-02315,Starter,FinTech,7,384,4,0.425,0.414,51,1,0,53,3.5,204,148.95,0
ACC-02316,Starter,FinTech,7,488,10,0.768,0.443,57,3,0,49,3.8,100,123.81,0
ACC-02317,Starter,SaaS,4,494,2,0.47,0.417,28,2,1,12,2.9,35,85.36,1
ACC-02318,Growth,Other,19,131,9,0.402,0.443,181,3,0,29,3.5,289,609.97,0
ACC-02319,Growth,FinTech,26,306,16,0.69,0.408,140,1,0,40,3.9,77,790.86,0
ACC-02320,Enterprise,FinTech,116,725,21,0.801,0.688,530,2,0,19,4.8,42,9216.71,0
ACC-02321,Starter,SaaS,7,651,6,0.354,0.371,48,0,0,74,3.8,158,108.45,0
ACC-02322,Starter,E-commerce,5,570,6,0.446,0.358,19,1,1,53,5.0,340,84.88,1
ACC-02323,Starter,Other,3,46,3,0.676,0.289,58,1,0,81,5.0,120,49.8,0
ACC-02324,Starter,SaaS,4,322,10,0.648,0.308,7,1,0,59,3.9,208,58.14,0
ACC-02325,Starter,SaaS,2,65,5,0.603,0.128,25,0,0,11,3.6,172,29.27,0
ACC-02326,Enterprise,SaaS,68,240,20,0.805,0.596,1031,1,0,71,5.0,279,4920.16,0
ACC-02327,Starter,E-commerce,3,635,9,0.664,0.386,32,3,0,32,4.4,298,39.74,0
ACC-02328,Starter,Other,6,301,7,0.472,0.073,74,1,1,72,4.2,180,127.45,0
ACC-02329,Growth,FinTech,26,147,12,0.75,0.647,134,1,1,75,3.4,161,1140.66,0
ACC-02330,Growth,FinTech,6,534,7,0.461,0.559,367,0,0,72,3.6,149,218.89,0
ACC-02331,Growth,Healthcare,17,561,15,0.672,0.379,160,1,0,66,3.2,259,833.92,0
ACC-02332,Starter,Healthcare,3,488,8,0.487,0.227,62,1,0,52,4.9,259,60.55,0
ACC-02333,Growth,SaaS,15,596,12,0.55,0.666,75,0,0,42,4.3,98,666.65,0
ACC-02334,Starter,SaaS,6,521,4,0.689,0.238,40,0,0,83,3.7,123,91.11,0
ACC-02335,Starter,FinTech,5,474,8,0.701,0.254,24,1,0,48,3.6,263,87.17,0
ACC-02336,Growth,Healthcare,22,652,16,0.507,0.516,316,3,0,34,3.2,220,1006.9,0
ACC-02337,Enterprise,E-commerce,134,256,22,0.735,0.722,781,0,0,52,3.9,268,14853.09,0
ACC-02338,Starter,E-commerce,4,349,14,0.678,0.594,23,3,0,67,4.0,5,94.67,0
ACC-02339,Growth,Healthcare,11,424,16,0.799,0.54,252,1,0,66,2.3,323,532.23,0
ACC-02340,Starter,SaaS,1,498,8,0.241,0.42,94,0,0,18,3.2,306,18.05,0
ACC-02341,Starter,FinTech,2,363,11,0.455,0.244,55,5,1,66,3.4,326,41.35,0
ACC-02342,Starter,SaaS,4,339,8,0.495,0.33,37,2,0,57,4.7,65,93.28,0
ACC-02343,Growth,Other,5,145,14,0.769,0.629,108,2,1,34,3.5,207,154.6,0
ACC-02344,Starter,E-commerce,4,476,13,0.513,0.424,12,2,0,24,2.6,225,50.54,0
ACC-02345,Growth,SaaS,20,116,11,0.655,0.402,88,0,0,73,3.1,109,944.86,1
ACC-02346,Starter,SaaS,6,362,8,0.408,0.392,21,2,0,76,5.0,312,139.11,0
ACC-02347,Enterprise,Healthcare,145,316,26,0.786,0.723,372,0,0,77,3.6,26,16672.91,0
ACC-02348,Growth,Healthcare,9,573,15,0.815,0.552,82,2,0,13,3.2,249,300.05,0
ACC-02349,Starter,E-commerce,6,363,7,0.649,0.301,56,1,0,37,2.7,210,130.31,0
ACC-02350,Starter,SaaS,3,33,2,0.262,0.27,1,4,1,43,3.9,175,42.29,0
ACC-02351,Starter,Other,1,384,0,0.26,0.48,34,0,0,75,4.0,282,14.62,0
ACC-02352,Enterprise,Healthcare,109,180,29,0.757,0.553,825,1,0,60,4.2,186,8274.22,0
ACC-02353,Starter,E-commerce,3,296,9,0.758,0.389,3,2,0,37,5.0,29,40.49,0
ACC-02354,Growth,E-commerce,24,237,12,0.573,0.547,294,1,1,46,3.0,163,1073.34,0
ACC-02355,Starter,Other,7,146,9,0.502,0.478,9,1,0,58,3.6,341,116.61,0
ACC-02356,Growth,Other,21,691,11,0.754,0.592,100,1,0,58,4.1,17,851.29,0
ACC-02357,Growth,E-commerce,25,207,13,0.832,0.421,276,2,1,79,3.6,26,734.43,0
ACC-02358,Growth,FinTech,24,384,11,0.66,0.52,91,0,0,74,2.5,283,859.85,0
ACC-02359,Enterprise,FinTech,96,609,17,0.941,0.807,798,1,1,69,4.3,44,9119.6,0
ACC-02360,Starter,Healthcare,3,285,1,0.284,0.332,71,0,0,25,3.5,349,48.53,0
ACC-02361,Growth,E-commerce,9,686,8,0.842,0.3,53,2,0,27,3.2,200,281.6,0
ACC-02362,Starter,SaaS,2,313,12,0.197,0.391,73,2,0,20,3.3,264,47.93,0
ACC-02363,Growth,SaaS,14,692,11,0.639,0.353,147,2,1,51,5.0,256,701.28,0
ACC-02364,Enterprise,Other,99,346,24,0.869,0.76,718,0,0,32,4.8,328,6324.68,0
ACC-02365,Growth,Other,20,40,17,0.67,0.498,166,0,0,55,3.1,364,1015.73,0
ACC-02366,Growth,Other,24,637,14,0.728,0.314,164,2,0,58,2.7,318,1050.22,0
ACC-02367,Starter,FinTech,3,634,7,0.631,0.491,37,0,0,47,4.5,248,38.16,0
ACC-02368,Starter,Healthcare,3,703,8,0.586,0.312,19,1,0,62,5.0,132,47.21,0
ACC-02369,Starter,Healthcare,2,116,7,0.481,0.472,45,4,0,28,5.0,121,26.02,0
ACC-02370,Growth,FinTech,11,620,18,0.866,0.64,287,1,0,10,2.9,135,362.52,0
ACC-02371,Growth,SaaS,23,269,21,0.768,0.729,243,0,0,27,4.9,354,1145.83,0
ACC-02372,Starter,Other,3,619,13,0.509,0.322,12,0,0,61,3.9,170,50.21,0
ACC-02373,Starter,SaaS,7,704,0,0.723,0.27,23,1,0,83,2.5,19,96.97,0
ACC-02374,Starter,E-commerce,2,169,6,0.651,0.218,23,1,0,75,3.3,37,39.95,0
ACC-02375,Starter,E-commerce,5,289,8,0.442,0.346,63,1,0,38,3.3,205,122.56,0
ACC-02376,Starter,E-commerce,3,218,10,0.561,0.255,52,0,0,64,4.2,21,40.5,0
ACC-02377,Enterprise,SaaS,64,243,16,0.818,0.646,762,0,0,12,2.9,250,4948.61,0
ACC-02378,Growth,Healthcare,5,447,8,0.643,0.484,252,1,0,77,4.6,5,264.95,0
ACC-02379,Starter,SaaS,4,318,13,0.355,0.267,59,0,0,54,4.2,245,81.43,0
ACC-02380,Growth,Healthcare,25,489,12,0.566,0.505,191,0,0,60,4.6,195,923.42,0
ACC-02381,Growth,SaaS,24,502,9,0.498,0.293,105,3,0,1,3.4,245,707.35,0
ACC-02382,Starter,E-commerce,4,171,4,0.394,0.438,0,2,1,53,4.2,198,49.23,0
ACC-02383,Starter,Healthcare,4,60,9,0.918,0.477,22,2,1,84,3.2,147,59.32,0
ACC-02384,Starter,SaaS,2,552,5,0.554,0.34,53,2,0,49,4.4,32,41.03,0
ACC-02385,Starter,SaaS,5,157,9,0.368,0.342,28,0,0,41,3.7,219,103.83,0
ACC-02386,Growth,Healthcare,5,169,11,0.75,0.607,145,0,0,37,3.8,68,210.61,0
ACC-02387,Enterprise,SaaS,43,450,16,0.638,0.608,645,0,0,27,3.9,324,4391.7,0
ACC-02388,Starter,SaaS,4,214,13,0.554,0.436,42,0,0,45,2.7,271,80.34,0
ACC-02389,Growth,FinTech,7,162,15,0.715,0.663,0,2,0,16,4.7,346,316.59,0
ACC-02390,Starter,Other,6,244,7,0.449,0.453,39,4,1,53,4.0,196,121.89,0
ACC-02391,Growth,E-commerce,19,395,12,0.594,0.494,115,0,0,68,4.7,336,615.5,0
ACC-02392,Growth,FinTech,17,622,19,0.692,0.423,170,0,0,34,4.7,285,826.58,0
ACC-02393,Starter,Other,5,722,10,0.532,0.53,13,2,1,52,3.3,304,106.42,0
ACC-02394,Starter,FinTech,1,542,12,0.746,0.436,65,4,1,42,3.7,77,19.8,0
ACC-02395,Growth,FinTech,16,659,12,0.573,0.47,247,0,0,52,2.8,285,578.42,0
ACC-02396,Enterprise,FinTech,108,401,22,0.974,0.469,986,0,0,63,4.8,210,9041.89,0
ACC-02397,Starter,FinTech,2,315,9,0.469,0.394,58,0,0,52,4.1,288,36.42,0
ACC-02398,Starter,FinTech,5,603,6,0.405,0.441,43,3,0,62,4.0,91,98.72,0
ACC-02399,Starter,E-commerce,6,241,8,0.641,0.395,70,1,0,55,3.7,97,99.43,0
ACC-02400,Growth,SaaS,7,599,12,0.562,0.459,135,2,0,62,3.2,350,227.45,0
ACC-02401,Growth,E-commerce,15,728,15,0.688,0.485,133,2,1,50,4.8,151,717.46,0
ACC-02402,Growth,SaaS,11,302,9,0.759,0.602,283,0,0,50,5.0,337,470.77,0
ACC-02403,Growth,FinTech,10,473,16,0.685,0.434,320,1,0,58,4.8,85,492.56,0
ACC-02404,Enterprise,SaaS,120,577,23,0.896,0.86,515,0,0,42,3.8,122,13308.47,0
ACC-02405,Growth,E-commerce,17,578,13,0.8,0.74,0,0,0,53,4.2,154,893.42,0
ACC-02406,Starter,Healthcare,1,174,10,0.77,0.503,56,2,0,23,4.6,60,22.01,0
ACC-02407,Growth,FinTech,22,703,13,0.624,0.404,179,1,0,3,4.0,156,985.82,0
ACC-02408,Starter,SaaS,7,382,6,0.483,0.193,66,0,0,45,5.0,58,112.34,0
ACC-02409,Starter,SaaS,7,59,10,0.809,0.241,0,1,0,26,4.8,57,158.1,0
ACC-02410,Enterprise,Healthcare,111,112,24,0.822,0.694,336,1,0,86,5.0,68,10979.59,0
ACC-02411,Growth,SaaS,8,539,12,0.392,0.402,276,2,0,25,4.0,133,399.98,0
ACC-02412,Enterprise,Healthcare,93,328,20,0.734,0.857,692,1,1,60,2.2,232,8592.42,0
ACC-02413,Starter,FinTech,5,105,7,0.297,0.473,11,0,0,27,4.0,141,96.36,0
ACC-02414,Growth,SaaS,8,394,12,0.298,0.572,81,0,0,42,3.6,69,384.23,0
ACC-02415,Growth,Healthcare,19,449,19,0.691,0.71,185,2,0,18,4.0,348,712.11,0
ACC-02416,Starter,FinTech,1,85,9,0.667,0.214,53,2,0,16,5.0,71,17.86,0
ACC-02417,Starter,SaaS,7,275,8,0.235,0.308,53,2,1,49,3.5,234,156.25,0
ACC-02418,Growth,Other,5,353,11,0.61,0.712,232,0,0,34,3.3,149,155.59,0
ACC-02419,Starter,SaaS,3,576,11,0.628,0.447,87,1,0,59,3.4,25,68.9,0
ACC-02420,Enterprise,FinTech,66,486,20,0.878,0.806,393,2,0,70,5.0,290,4652.27,0
ACC-02421,Starter,FinTech,5,90,6,0.419,0.285,43,3,0,8,3.6,42,86.79,0
ACC-02422,Starter,FinTech,4,459,11,0.558,0.469,34,2,0,66,4.1,53,87.99,0
ACC-02423,Growth,Healthcare,16,661,15,0.668,0.399,301,2,0,21,5.0,21,789.86,0
ACC-02424,Starter,SaaS,6,68,0,0.436,0.455,49,1,0,35,4.4,61,123.74,1
ACC-02425,Enterprise,Other,132,720,21,0.673,0.649,451,2,0,11,2.3,118,8758.41,0
ACC-02426,Growth,E-commerce,24,96,14,0.618,0.588,240,2,0,12,3.6,32,1299.11,0
ACC-02427,Starter,Other,7,465,7,0.444,0.486,1,0,0,-1,3.4,70,94.52,0
ACC-02428,Growth,Healthcare,22,275,15,0.535,0.646,289,1,0,33,2.7,27,978.06,0
ACC-02429,Growth,Other,14,541,8,0.867,0.393,239,0,0,43,3.6,84,451.32,0
ACC-02430,Growth,E-commerce,5,619,4,0.554,0.768,253,1,0,34,2.0,64,192.13,1
ACC-02431,Growth,FinTech,22,626,11,0.426,0.784,114,0,0,3,4.1,106,756.84,0
ACC-02432,Growth,FinTech,5,638,15,0.547,0.624,215,2,0,-1,3.9,291,231.27,0
ACC-02433,Growth,E-commerce,14,601,3,0.711,0.565,341,0,0,42,3.4,47,679.73,0
ACC-02434,Starter,FinTech,5,246,5,0.216,0.086,19,0,0,59,2.6,359,106.3,0
ACC-02435,Growth,Healthcare,19,355,7,0.662,0.544,176,1,0,47,4.9,189,843.99,0
ACC-02436,Enterprise,SaaS,20,533,21,0.818,0.761,649,0,0,83,3.5,78,1791.91,0
ACC-02437,Growth,Healthcare,7,147,21,0.451,0.562,51,5,0,41,4.7,63,281.53,0
ACC-02438,Growth,SaaS,18,434,13,0.541,0.678,92,0,0,49,3.8,70,981.47,0
ACC-02439,Starter,Other,2,401,8,0.61,0.41,46,0,0,42,4.9,280,47.33,0
ACC-02440,Growth,SaaS,5,718,17,0.718,0.749,48,0,0,25,4.3,64,236.23,0
ACC-02441,Enterprise,SaaS,75,64,22,0.863,0.706,654,2,0,38,4.0,203,8783.85,0
ACC-02442,Starter,Healthcare,2,96,7,0.462,0.327,64,0,0,60,3.3,20,47.68,0
ACC-02443,Starter,Healthcare,4,51,11,0.46,0.396,52,1,0,61,4.8,164,82.08,0
ACC-02444,Growth,Healthcare,17,413,16,0.722,0.605,234,3,0,50,3.8,307,823.46,0
ACC-02445,Growth,Other,25,415,15,0.693,0.324,154,3,2,77,3.3,293,866.76,0
ACC-02446,Growth,SaaS,23,444,14,0.568,0.487,155,2,0,52,3.8,188,1242.7,0
ACC-02447,Starter,Healthcare,6,199,7,0.752,0.413,12,0,0,49,3.9,98,110.2,0
ACC-02448,Starter,FinTech,1,245,11,0.581,0.491,39,0,0,75,4.5,123,13.1,0
ACC-02449,Growth,E-commerce,21,321,13,0.684,0.468,361,1,1,26,2.6,123,694.32,0
ACC-02450,Growth,FinTech,17,62,18,0.686,0.589,191,1,0,73,5.0,80,779.93,0
ACC-02451,Growth,SaaS,16,556,10,0.952,0.448,157,1,0,21,4.2,243,735.17,0
ACC-02452,Growth,E-commerce,28,66,19,0.573,0.478,146,1,0,36,3.9,67,1193.77,0
ACC-02453,Growth,Healthcare,26,496,16,0.6,0.72,227,0,0,2,4.2,352,1080.48,0
ACC-02454,Growth,SaaS,29,347,11,0.529,0.818,167,1,0,48,2.8,44,1308.29,0
ACC-02455,Growth,Other,21,729,16,0.475,0.43,167,1,1,71,4.0,229,997.08,0
ACC-02456,Growth,E-commerce,13,514,12,0.556,0.683,173,1,0,21,4.4,244,434.85,0
ACC-02457,Growth,SaaS,7,362,14,0.713,0.6,104,0,0,36,3.7,241,234.85,0
ACC-02458,Starter,E-commerce,2,520,6,0.488,0.31,50,2,0,37,4.3,242,30.51,0
ACC-02459,Starter,SaaS,6,112,8,0.686,0.237,59,0,0,37,4.5,166,137.87,0
ACC-02460,Growth,SaaS,14,156,17,0.579,0.156,296,2,0,19,3.4,50,533.07,0
ACC-02461,Enterprise,E-commerce,80,379,24,0.843,0.594,428,3,0,43,4.8,227,5936.01,0
ACC-02462,Growth,SaaS,10,630,10,0.492,0.41,255,3,0,77,3.9,81,370.52,0
ACC-02463,Starter,SaaS,1,604,4,0.53,0.38,0,0,0,31,5.0,78,13.25,0
ACC-02464,Growth,Healthcare,18,294,15,0.439,0.884,116,2,0,47,4.8,299,672.14,1
ACC-02465,Starter,SaaS,6,228,9,0.504,0.174,0,0,0,47,4.2,55,130.84,0
ACC-02466,Growth,Healthcare,14,705,12,0.877,0.45,93,3,0,33,3.3,197,529.16,0
ACC-02467,Growth,Healthcare,23,425,20,0.349,0.419,183,0,0,48,3.8,136,1022.98,0
ACC-02468,Growth,SaaS,17,112,17,0.66,0.718,315,1,0,34,4.6,68,644.24,0
ACC-02469,Growth,E-commerce,28,187,12,0.658,0.419,189,0,0,51,3.5,348,895.78,0
ACC-02470,Starter,SaaS,5,615,5,0.419,0.239,62,3,0,40,4.2,239,116.26,0
ACC-02471,Starter,E-commerce,5,658,7,0.361,0.298,46,2,1,11,4.3,178,60.22,0
ACC-02472,Enterprise,SaaS,52,665,21,0.841,0.886,688,1,0,2,3.8,308,4593.6,0
ACC-02473,Growth,Other,23,34,18,0.677,0.704,195,1,0,-5,3.3,128,1186.09,0
ACC-02474,Growth,SaaS,18,605,17,0.765,0.689,301,0,0,33,5.0,123,524.42,0
ACC-02475,Starter,E-commerce,4,108,8,0.29,0.335,0,2,0,60,4.2,17,94.48,1
ACC-02476,Starter,SaaS,5,596,10,0.465,0.35,78,4,1,26,3.7,279,64.32,0
ACC-02477,Starter,SaaS,6,647,11,0.278,0.41,73,1,0,37,3.3,353,143.39,0
ACC-02478,Starter,FinTech,4,282,8,0.458,0.329,58,3,0,28,4.5,307,63.91,0
ACC-02479,Starter,E-commerce,3,165,9,0.577,0.275,95,0,0,24,3.9,11,38.9,0
ACC-02480,Enterprise,Other,72,529,24,0.432,0.779,875,0,0,90,4.6,130,7497.31,0
ACC-02481,Growth,SaaS,15,77,16,0.554,0.697,198,0,0,24,3.3,350,808.57,0
ACC-02482,Starter,SaaS,4,435,5,0.669,0.45,43,1,0,12,4.1,337,55.01,0
ACC-02483,Starter,FinTech,1,262,6,0.519,0.501,46,4,0,22,3.6,80,24.4,0
ACC-02484,Starter,FinTech,3,327,7,0.445,0.257,10,3,1,44,5.0,149,42.9,0
ACC-02485,Growth,Other,21,607,12,0.675,0.434,170,2,0,29,4.2,203,982.29,0
ACC-02486,Starter,Other,5,725,3,0.616,0.461,48,0,0,48,3.2,43,60.93,0
ACC-02487,Growth,Other,23,311,16,0.726,0.431,186,3,0,26,4.6,145,1110.6,0
ACC-02488,Growth,SaaS,23,233,15,0.596,0.44,104,1,0,29,4.8,277,775.36,0
ACC-02489,Starter,FinTech,1,614,3,0.436,0.05,7,1,0,26,3.7,275,21.98,0
ACC-02490,Growth,Healthcare,19,319,13,0.814,0.63,172,1,0,40,3.3,67,590.1,0
ACC-02491,Enterprise,FinTech,93,169,21,0.832,0.67,928,2,0,58,2.4,192,7507.34,0
ACC-02492,Starter,E-commerce,7,662,9,0.286,0.212,64,0,0,60,4.7,79,88.49,0
ACC-02493,Starter,SaaS,1,724,4,0.529,0.433,59,0,0,73,2.7,272,17.26,0
ACC-02494,Enterprise,FinTech,26,232,17,0.862,0.571,352,1,1,13,3.9,240,2567.65,0
ACC-02495,Enterprise,Other,129,140,24,0.799,0.591,478,1,0,19,2.7,253,13177.97,0
ACC-02496,Growth,SaaS,26,136,9,0.509,0.533,187,1,0,22,5.0,187,778.79,0
ACC-02497,Growth,Other,5,449,13,0.317,0.568,255,3,1,42,4.8,138,224.23,0
ACC-02498,Starter,FinTech,6,246,7,0.4,0.336,67,1,0,18,4.1,33,98.52,0
ACC-02499,Growth,SaaS,24,466,14,0.769,0.582,87,2,0,27,4.6,275,1153.6,0
ACC-02500,Growth,SaaS,18,561,15,0.599,1.0,251,2,1,57,3.8,293,683.17,0
ACC-02501,Starter,SaaS,5,33,14,0.447,0.415,3,0,0,66,3.3,157,93.91,0
ACC-02502,Growth,E-commerce,23,631,8,0.659,0.716,0,1,0,57,2.7,12,1099.03,0
ACC-02503,Enterprise,SaaS,34,50,25,0.741,0.632,548,1,1,49,4.5,204,3664.31,0
ACC-02504,Growth,E-commerce,15,110,5,0.624,0.703,215,1,0,27,3.2,73,785.83,0
ACC-02505,Starter,Other,3,537,13,0.85,0.316,77,2,0,42,5.0,338,52.92,0
ACC-02506,Starter,FinTech,6,465,1,0.444,0.569,29,1,0,67,3.1,230,148.92,0
ACC-02507,Enterprise,SaaS,136,714,30,1.0,0.692,620,2,0,57,4.6,360,12805.75,0
ACC-02508,Enterprise,FinTech,61,427,21,0.67,0.699,367,3,0,61,4.8,281,5061.77,0
ACC-02509,Growth,Healthcare,13,321,19,0.713,0.667,243,1,0,63,3.0,321,368.02,0
ACC-02510,Growth,E-commerce,8,498,18,0.52,0.569,122,5,0,35,3.6,169,397.31,0
ACC-02511,Growth,SaaS,26,563,12,0.572,0.401,160,2,1,56,3.7,344,1268.92,0
ACC-02512,Starter,E-commerce,1,499,7,0.572,0.55,66,0,0,34,5.0,167,24.76,0
ACC-02513,Starter,FinTech,3,289,5,0.544,0.331,4,0,0,55,3.7,146,41.51,0
ACC-02514,Starter,FinTech,4,701,11,0.282,0.079,0,4,0,69,3.1,343,78.22,0
ACC-02515,Starter,SaaS,3,241,7,0.632,0.158,51,0,0,76,4.2,133,43.11,0
ACC-02516,Growth,Other,9,272,11,0.607,0.48,90,3,0,55,3.2,113,372.3,0
ACC-02517,Starter,SaaS,7,224,10,0.365,0.16,78,4,0,51,3.9,192,165.75,0
ACC-02518,Starter,SaaS,5,239,5,0.514,0.512,36,1,0,73,3.6,202,124.59,0
ACC-02519,Growth,SaaS,10,179,13,0.547,0.634,158,1,0,23,4.3,200,322.21,0
ACC-02520,Starter,E-commerce,1,436,8,0.329,0.436,59,2,0,74,3.5,237,17.27,0
ACC-02521,Starter,FinTech,6,540,6,0.502,0.319,0,2,0,45,3.4,170,130.98,0
ACC-02522,Growth,SaaS,19,330,12,0.713,0.667,385,2,0,45,4.7,338,662.04,0
ACC-02523,Starter,FinTech,4,675,13,0.579,0.388,30,2,0,32,4.1,327,95.55,1
ACC-02524,Growth,E-commerce,7,361,13,0.682,0.462,85,0,0,16,3.9,280,202.11,0
ACC-02525,Enterprise,SaaS,35,356,21,0.825,0.714,611,0,0,74,2.6,133,3734.16,0
ACC-02526,Starter,Other,4,78,7,0.632,0.393,44,1,0,51,4.3,47,59.2,0
ACC-02527,Enterprise,FinTech,22,662,24,1.0,0.741,272,2,0,34,3.6,6,1475.85,0
ACC-02528,Enterprise,SaaS,51,133,18,0.949,0.567,657,2,1,50,4.1,280,4902.08,0
ACC-02529,Growth,Other,25,145,15,0.757,0.508,270,2,1,35,2.6,61,1237.53,0
ACC-02530,Growth,Healthcare,14,684,15,0.696,0.507,255,0,0,4,4.1,228,728.91,0
ACC-02531,Growth,FinTech,23,393,8,0.736,0.527,170,3,0,38,4.0,164,739.32,0
ACC-02532,Growth,Healthcare,15,77,20,0.627,0.428,47,1,0,11,3.7,283,441.2,0
ACC-02533,Growth,E-commerce,7,339,19,0.744,0.326,115,1,0,47,3.3,312,234.6,0
ACC-02534,Starter,FinTech,3,443,5,0.497,0.431,97,0,0,77,4.7,40,39.31,0
ACC-02535,Enterprise,Healthcare,50,37,18,0.824,0.896,825,1,0,28,3.4,178,5458.55,0
ACC-02536,Growth,Healthcare,29,558,15,0.72,0.55,96,0,0,59,4.5,336,1274.52,0
ACC-02537,Growth,SaaS,7,497,9,0.661,0.542,263,4,0,28,4.6,142,243.82,0
ACC-02538,Starter,E-commerce,7,38,13,0.453,0.228,9,0,0,42,3.3,290,172.45,0
ACC-02539,Starter,FinTech,5,462,6,0.779,0.328,63,0,0,23,4.4,271,120.01,0
ACC-02540,Growth,SaaS,6,185,20,0.543,0.572,222,2,0,56,3.6,310,241.94,0
ACC-02541,Growth,Other,28,544,11,0.391,0.612,166,1,0,72,4.3,31,1440.21,0
ACC-02542,Starter,E-commerce,7,293,8,0.539,0.471,55,3,1,46,3.2,322,103.33,0
ACC-02543,Starter,E-commerce,5,171,12,0.425,0.412,55,1,0,54,3.8,10,76.73,0
ACC-02544,Starter,E-commerce,7,384,7,0.217,0.412,9,2,0,54,4.0,39,128.68,0
ACC-02545,Growth,E-commerce,18,340,15,0.424,0.624,219,0,0,37,3.9,69,765.84,0
ACC-02546,Starter,SaaS,1,269,12,0.113,0.408,74,1,0,71,4.2,292,17.76,0
ACC-02547,Enterprise,Other,58,644,20,0.871,0.804,475,0,0,31,3.3,58,6163.13,0
ACC-02548,Starter,E-commerce,2,484,4,0.479,0.435,32,0,0,7,3.5,257,47.65,0
ACC-02549,Starter,E-commerce,6,371,3,0.413,0.215,48,1,0,22,4.4,110,94.3,0
ACC-02550,Starter,FinTech,5,188,10,0.806,0.293,42,2,0,56,3.6,249,110.24,0
ACC-02551,Growth,SaaS,6,428,15,0.633,0.385,118,1,0,33,3.6,255,210.89,0
ACC-02552,Growth,SaaS,9,47,18,0.715,0.822,236,2,0,44,3.3,142,452.39,0
ACC-02553,Growth,FinTech,17,649,13,0.878,0.228,209,1,0,37,3.6,351,677.82,0
ACC-02554,Enterprise,SaaS,116,31,17,0.885,0.73,812,0,0,46,3.2,99,12332.24,0
ACC-02555,Starter,E-commerce,3,519,0,0.573,0.347,59,1,0,66,4.4,34,64.22,0
ACC-02556,Growth,Other,24,271,24,0.685,0.302,329,1,0,76,3.6,224,805.21,0
ACC-02557,Starter,FinTech,4,533,10,0.485,0.485,31,2,1,21,3.1,24,63.68,0
ACC-02558,Starter,FinTech,5,283,8,0.624,0.506,64,3,0,63,3.8,107,104.3,0
ACC-02559,Growth,E-commerce,5,48,15,0.752,0.243,46,1,0,46,2.9,189,168.06,0
ACC-02560,Starter,SaaS,6,694,3,0.501,0.357,38,1,1,15,3.3,335,115.75,0
ACC-02561,Growth,Other,12,566,11,0.674,0.619,138,1,1,53,4.8,259,519.44,0
ACC-02562,Growth,FinTech,19,61,20,0.582,0.773,67,1,0,83,3.1,224,641.21,0
ACC-02563,Growth,SaaS,15,53,16,0.525,0.497,188,2,1,26,3.8,196,770.23,0
ACC-02564,Growth,SaaS,8,401,11,0.617,0.206,260,1,0,37,5.0,134,316.83,0
ACC-02565,Growth,Other,19,699,10,0.635,0.74,278,0,0,7,4.1,303,774.52,0
ACC-02566,Starter,SaaS,2,434,6,0.344,0.503,27,2,0,39,3.5,12,36.14,0
ACC-02567,Starter,E-commerce,6,37,7,0.524,0.279,66,0,0,46,2.5,62,78.81,0
ACC-02568,Starter,SaaS,1,519,15,0.271,0.293,75,1,0,85,4.0,62,18.27,0
ACC-02569,Growth,SaaS,16,329,13,0.718,0.608,258,0,0,21,3.4,229,744.47,0
ACC-02570,Enterprise,Other,45,477,18,0.757,0.711,747,2,0,63,4.3,109,3035.14,0
ACC-02571,Starter,SaaS,2,275,8,0.437,0.363,68,0,0,49,3.4,28,30.82,1
ACC-02572,Growth,SaaS,10,35,15,0.757,0.471,253,1,0,91,4.1,63,412.52,0
ACC-02573,Growth,E-commerce,10,42,10,0.698,0.508,71,0,0,46,4.9,242,338.7,0
ACC-02574,Growth,Other,20,472,15,0.619,0.596,213,1,1,41,4.4,201,1036.15,0
ACC-02575,Growth,FinTech,7,474,18,0.328,0.652,197,2,0,61,3.0,198,218.52,0
ACC-02576,Growth,SaaS,21,255,14,0.692,0.271,175,1,0,53,4.0,264,631.08,0
ACC-02577,Growth,Other,15,87,11,0.492,0.583,160,0,0,63,4.6,191,646.81,0
ACC-02578,Enterprise,E-commerce,84,571,20,0.784,0.77,892,0,0,54,2.8,323,6757.39,0
ACC-02579,Starter,Other,7,135,2,0.468,0.513,61,1,0,10,5.0,210,99.39,0
ACC-02580,Enterprise,Healthcare,36,161,22,0.839,0.738,584,2,0,53,4.0,237,2505.04,0
ACC-02581,Starter,E-commerce,2,346,9,0.739,0.318,50,1,1,53,4.3,119,47.21,0
ACC-02582,Growth,FinTech,27,531,11,0.491,0.725,267,1,1,26,3.7,213,1304.02,0
ACC-02583,Starter,FinTech,2,726,15,0.42,0.36,62,2,0,48,3.9,70,37.49,0
ACC-02584,Starter,Healthcare,2,467,11,0.496,0.442,15,0,0,2,3.3,91,47.94,0
ACC-02585,Starter,Healthcare,1,702,2,0.442,0.173,75,1,0,48,5.0,350,18.65,0
ACC-02586,Starter,Other,6,486,2,0.365,0.454,45,1,0,57,5.0,319,89.27,0
ACC-02587,Starter,E-commerce,6,623,5,0.208,0.358,34,0,0,63,5.0,151,90.2,0
ACC-02588,Starter,SaaS,2,153,14,0.376,0.416,15,0,0,57,2.7,118,40.67,0
ACC-02589,Growth,FinTech,19,69,17,0.448,0.586,266,0,0,23,4.1,227,733.96,0
ACC-02590,Starter,E-commerce,5,498,14,0.732,0.289,32,1,1,10,4.2,258,105.41,0
ACC-02591,Growth,FinTech,14,712,14,0.53,0.297,107,2,0,63,3.4,16,508.22,0
ACC-02592,Enterprise,Healthcare,106,545,21,0.729,0.716,522,1,0,51,4.2,274,8614.06,0
ACC-02593,Growth,E-commerce,16,270,10,0.717,0.604,209,2,0,53,2.9,18,794.21,0
ACC-02594,Starter,SaaS,5,372,9,0.591,0.455,25,1,0,79,4.9,21,119.82,0
ACC-02595,Starter,E-commerce,1,108,7,0.333,0.285,50,0,0,7,2.8,175,13.34,0
ACC-02596,Enterprise,E-commerce,75,268,21,0.964,0.74,985,1,0,82,4.1,239,4861.29,0
ACC-02597,Starter,Other,5,508,14,0.386,0.166,0,5,0,30,4.5,128,83.26,1
ACC-02598,Starter,FinTech,7,146,8,0.405,0.186,29,2,1,60,3.5,340,137.21,0
ACC-02599,Enterprise,E-commerce,132,367,27,0.882,0.824,349,1,0,42,4.9,153,12969.05,0
ACC-02600,Enterprise,FinTech,148,232,16,0.89,0.73,1110,0,0,34,2.6,254,14698.5,0
ACC-02601,Starter,E-commerce,2,373,17,0.375,0.598,65,2,0,9,3.9,189,42.55,0
ACC-02602,Growth,SaaS,9,564,13,0.873,0.45,231,3,1,27,2.7,176,339.64,0
ACC-02603,Growth,Other,28,649,16,0.664,0.524,176,0,0,52,3.4,110,1033.0,0
ACC-02604,Growth,Other,12,316,17,0.343,0.592,266,1,0,50,3.6,149,344.01,0
ACC-02605,Starter,E-commerce,1,609,6,0.145,0.377,22,0,0,63,3.5,138,20.85,0
ACC-02606,Starter,E-commerce,7,521,11,0.622,0.284,15,0,0,27,4.8,58,120.38,0
ACC-02607,Growth,SaaS,29,675,17,0.814,0.382,234,1,0,58,3.1,274,929.13,0
ACC-02608,Starter,E-commerce,4,548,6,0.649,0.474,50,3,0,43,2.8,85,88.58,0
ACC-02609,Growth,FinTech,14,415,12,0.397,0.653,202,3,0,56,3.6,5,649.56,0
ACC-02610,Starter,Healthcare,4,501,8,0.396,0.523,68,1,0,53,4.0,325,49.29,0
ACC-02611,Enterprise,SaaS,77,252,22,0.882,0.57,0,1,0,32,4.3,256,4818.21,0
ACC-02612,Growth,Healthcare,18,501,19,0.575,0.541,200,1,0,48,4.7,145,598.09,0
ACC-02613,Growth,SaaS,24,526,16,0.609,0.676,84,1,0,52,2.4,271,920.48,0
ACC-02614,Growth,E-commerce,5,457,14,0.815,0.653,131,1,0,59,5.0,63,243.39,0
ACC-02615,Starter,E-commerce,6,102,10,0.753,0.258,8,0,0,75,3.3,134,102.42,0
ACC-02616,Growth,SaaS,24,392,7,0.682,0.379,225,1,0,28,3.7,148,820.04,0
ACC-02617,Starter,FinTech,6,527,6,0.683,0.612,34,2,0,16,3.9,174,97.61,0
ACC-02618,Enterprise,Healthcare,111,168,23,0.943,0.842,774,0,0,70,2.4,162,11607.85,0
ACC-02619,Growth,E-commerce,28,581,18,0.711,0.476,153,0,0,14,3.6,158,1451.86,0
ACC-02620,Enterprise,SaaS,37,619,23,0.895,0.616,650,1,0,65,4.6,127,2832.79,0
ACC-02621,Enterprise,FinTech,27,407,27,0.902,0.717,943,0,0,22,4.3,148,2696.93,0
ACC-02622,Enterprise,FinTech,23,704,25,0.702,0.661,546,1,0,28,3.5,11,2302.1,0
ACC-02623,Starter,E-commerce,4,630,6,0.29,0.27,69,1,0,40,4.0,9,82.21,0
ACC-02624,Enterprise,E-commerce,83,356,22,0.836,0.652,753,0,0,10,4.2,137,5366.06,0
ACC-02625,Growth,SaaS,13,649,15,0.407,0.45,182,2,0,21,3.7,247,500.07,0
ACC-02626,Starter,E-commerce,3,683,6,0.182,0.229,32,0,0,5,4.2,327,69.9,0
ACC-02627,Growth,Healthcare,5,105,19,0.548,0.568,200,1,0,57,3.3,330,229.47,0
ACC-02628,Starter,Healthcare,5,728,4,0.428,0.48,101,1,0,42,3.2,103,61.78,0
ACC-02629,Starter,SaaS,3,33,9,0.608,0.555,22,4,0,42,3.7,201,56.09,1
ACC-02630,Starter,FinTech,3,370,11,0.523,0.501,25,0,0,41,2.2,135,53.85,0
ACC-02631,Starter,FinTech,5,686,7,0.697,0.152,53,1,0,42,4.4,27,62.68,0
ACC-02632,Growth,SaaS,12,537,12,0.471,0.815,160,0,0,31,4.0,262,477.09,0
ACC-02633,Enterprise,FinTech,67,216,22,0.873,0.606,726,3,0,63,3.7,21,6036.8,0
ACC-02634,Growth,SaaS,26,480,17,0.765,0.276,170,0,0,3,4.5,61,1202.23,0
ACC-02635,Growth,SaaS,18,180,12,0.93,0.594,150,0,0,10,4.2,315,521.7,0
ACC-02636,Starter,E-commerce,7,196,4,0.553,0.377,72,1,0,72,4.6,307,90.0,0
ACC-02637,Growth,SaaS,10,668,18,0.479,0.582,229,3,0,48,5.0,218,425.78,0
ACC-02638,Starter,Healthcare,4,62,9,0.386,0.363,0,0,0,-3,4.1,201,79.52,0
ACC-02639,Growth,SaaS,23,703,18,0.656,0.621,157,0,0,49,3.4,270,951.11,0
ACC-02640,Starter,E-commerce,3,347,11,0.549,0.489,16,2,1,7,4.4,197,64.98,0
ACC-02641,Growth,FinTech,6,75,22,0.66,0.521,103,2,0,71,3.4,271,317.08,0
ACC-02642,Growth,Healthcare,14,581,18,0.889,0.699,244,0,0,62,3.4,50,529.46,0
ACC-02643,Growth,Healthcare,7,63,11,0.787,0.262,146,2,0,88,3.7,358,321.08,0
ACC-02644,Enterprise,FinTech,88,257,24,0.577,0.703,150,0,0,35,4.7,29,6003.3,0
ACC-02645,Starter,E-commerce,4,198,6,0.559,0.539,27,1,1,15,4.4,270,69.7,0
ACC-02646,Enterprise,SaaS,49,579,20,0.929,0.695,976,1,0,30,4.5,310,5229.55,0
ACC-02647,Growth,E-commerce,23,307,9,0.378,0.488,111,0,0,31,4.0,15,1117.94,0
ACC-02648,Growth,SaaS,23,488,13,0.383,0.475,229,2,1,50,4.3,84,1221.13,0
ACC-02649,Growth,FinTech,29,80,16,0.642,0.677,230,0,0,2,4.3,104,912.81,0
ACC-02650,Growth,SaaS,26,516,14,0.643,0.539,337,0,0,42,3.4,161,1055.44,0
ACC-02651,Enterprise,Other,87,527,18,0.724,0.718,563,3,0,20,4.3,65,7217.12,0
ACC-02652,Starter,FinTech,3,230,3,0.317,0.07,51,1,0,31,3.9,187,65.17,0
ACC-02653,Growth,E-commerce,6,646,21,0.772,0.413,131,0,0,72,3.6,349,252.38,0
ACC-02654,Growth,FinTech,23,359,15,0.589,0.666,219,1,1,64,3.7,13,879.76,0
ACC-02655,Growth,SaaS,18,497,11,0.628,0.707,179,0,0,58,3.5,323,508.36,0
ACC-02656,Enterprise,SaaS,45,157,24,0.635,0.728,501,1,0,56,3.7,258,3122.48,0
ACC-02657,Starter,Other,1,682,16,0.255,0.538,25,1,0,36,3.9,163,23.83,0
ACC-02658,Growth,Healthcare,9,202,16,0.386,0.463,217,3,0,41,4.4,200,278.33,1
ACC-02659,Starter,SaaS,5,468,0,0.545,0.581,31,1,0,7,5.0,60,124.03,0
ACC-02660,Starter,Healthcare,3,92,17,0.534,0.271,21,0,0,15,4.3,332,41.89,0
ACC-02661,Growth,FinTech,5,61,8,0.499,0.623,230,2,0,45,4.0,21,199.36,0
ACC-02662,Starter,SaaS,2,118,7,0.622,0.495,7,1,0,17,2.5,52,33.26,0
ACC-02663,Starter,E-commerce,1,689,4,0.413,0.346,51,0,0,57,5.0,259,16.47,0
ACC-02664,Starter,SaaS,7,177,5,0.493,0.172,75,1,0,41,3.4,65,114.52,0
ACC-02665,Growth,SaaS,18,645,15,0.59,0.469,179,1,0,35,3.4,33,897.12,0
ACC-02666,Growth,E-commerce,7,436,7,0.778,0.541,183,1,0,29,4.8,98,334.73,0
ACC-02667,Enterprise,SaaS,98,92,22,0.766,0.682,229,0,0,52,3.1,209,7018.14,0
ACC-02668,Starter,Other,5,338,12,0.301,0.407,14,1,0,57,4.2,114,105.47,0
ACC-02669,Growth,E-commerce,26,365,11,0.814,0.49,171,0,0,23,3.6,308,1241.11,0
ACC-02670,Growth,Healthcare,14,216,9,0.79,0.683,389,0,0,30,3.7,344,516.49,0
ACC-02671,Growth,E-commerce,13,452,14,0.645,0.619,152,0,0,38,3.9,155,535.14,0
ACC-02672,Starter,Other,7,632,7,0.774,0.386,20,2,1,49,3.1,209,88.83,1
ACC-02673,Starter,FinTech,2,648,6,0.591,0.283,79,0,0,49,3.8,220,35.83,0
ACC-02674,Growth,E-commerce,21,397,10,0.968,0.592,232,1,0,40,4.6,102,1104.9,0
ACC-02675,Growth,E-commerce,12,655,16,0.654,0.513,52,0,0,58,3.8,178,432.78,0
ACC-02676,Growth,Other,23,676,16,0.781,0.845,83,0,0,39,5.0,82,884.76,0
ACC-02677,Growth,SaaS,28,91,10,0.569,0.655,71,2,0,11,4.0,352,1167.76,0
ACC-02678,Growth,E-commerce,9,474,11,0.69,0.547,216,1,0,71,3.1,192,321.06,0
ACC-02679,Growth,Healthcare,19,571,14,0.696,0.587,286,1,0,64,3.5,156,1028.97,0
ACC-02680,Starter,FinTech,7,41,5,0.525,0.299,19,1,0,12,2.5,77,89.52,1
ACC-02681,Growth,Other,5,452,15,0.486,0.641,213,1,0,46,4.7,57,156.58,0
ACC-02682,Enterprise,FinTech,120,669,27,0.725,0.802,621,1,0,71,5.0,33,7223.14,0
ACC-02683,Starter,SaaS,4,217,8,0.715,0.532,66,4,0,35,4.5,113,91.82,0
ACC-02684,Growth,E-commerce,8,630,10,0.364,0.378,228,0,0,59,3.3,229,285.47,0
ACC-02685,Starter,FinTech,5,683,9,0.6,0.301,28,1,0,66,3.3,341,124.88,0
ACC-02686,Growth,SaaS,8,474,13,0.803,0.443,259,2,0,48,4.4,245,252.42,0
ACC-02687,Starter,SaaS,2,470,7,0.351,0.351,0,0,0,89,3.5,63,32.13,0
ACC-02688,Growth,SaaS,19,404,16,0.796,0.678,121,2,0,56,3.3,31,737.19,1
ACC-02689,Starter,Healthcare,3,316,10,0.225,0.38,61,1,0,44,3.2,190,44.56,0
ACC-02690,Growth,Other,24,347,14,0.492,0.528,215,1,1,38,5.0,186,1073.5,0
ACC-02691,Enterprise,E-commerce,146,395,22,0.865,0.702,1132,2,0,41,3.6,31,12748.16,0
ACC-02692,Starter,SaaS,4,367,15,0.356,0.377,22,1,0,30,4.5,210,79.56,0
ACC-02693,Enterprise,E-commerce,80,608,26,0.54,0.671,418,3,0,18,4.3,43,9100.24,0
ACC-02694,Enterprise,Other,90,568,25,0.879,0.594,787,0,0,22,3.3,233,5738.6,0
ACC-02695,Enterprise,Healthcare,23,273,22,0.916,0.748,581,1,0,39,3.9,359,2262.35,0
ACC-02696,Starter,SaaS,4,389,4,0.373,0.461,44,1,0,60,3.2,7,89.7,0
ACC-02697,Growth,SaaS,24,180,18,0.43,0.71,66,1,0,49,4.9,104,1065.82,0
ACC-02698,Starter,Other,2,153,9,0.444,0.443,39,0,0,46,3.3,290,41.79,0
ACC-02699,Starter,Other,3,288,6,0.55,0.404,27,2,0,89,4.2,268,56.78,0
ACC-02700,Enterprise,SaaS,127,70,21,0.911,0.805,870,4,0,79,3.6,195,12745.05,0
ACC-02701,Growth,Healthcare,11,628,11,0.662,0.43,398,0,0,22,3.3,341,466.65,0
ACC-02702,Growth,SaaS,14,118,18,0.508,0.737,160,0,0,57,4.7,153,509.85,0
ACC-02703,Starter,SaaS,5,258,10,0.637,0.336,50,1,0,16,3.5,244,80.38,0
ACC-02704,Growth,Healthcare,8,206,15,0.453,0.423,34,3,1,48,2.6,163,340.23,0
ACC-02705,Growth,E-commerce,11,174,14,0.809,0.589,262,2,0,12,4.2,353,540.29,0
ACC-02706,Growth,FinTech,8,287,12,0.476,0.541,0,2,0,29,3.4,168,356.59,0
ACC-02707,Enterprise,Other,131,533,15,0.849,0.788,648,0,0,56,4.0,45,15038.61,0
ACC-02708,Starter,Healthcare,5,654,3,0.342,0.418,0,1,0,32,4.5,311,113.53,0
ACC-02709,Starter,SaaS,1,162,5,0.231,0.35,43,2,0,18,4.1,152,18.95,0
ACC-02710,Growth,E-commerce,18,197,11,0.568,0.586,61,1,0,27,4.5,252,539.03,0
ACC-02711,Enterprise,Healthcare,90,358,23,0.729,0.608,575,0,0,21,3.0,150,10592.74,0
ACC-02712,Starter,E-commerce,3,253,11,0.492,0.295,54,3,0,51,4.7,107,53.13,0
ACC-02713,Starter,Other,6,589,8,0.524,0.268,15,3,0,68,3.7,94,99.84,0
ACC-02714,Starter,E-commerce,5,186,13,0.531,0.393,0,0,0,38,2.9,9,79.08,0
ACC-02715,Enterprise,SaaS,60,311,19,0.992,0.751,282,1,0,65,2.2,37,5022.87,0
ACC-02716,Starter,SaaS,1,412,8,0.431,0.232,70,3,0,29,3.7,140,22.93,0
ACC-02717,Growth,Healthcare,29,297,14,0.879,0.497,202,2,0,40,3.3,284,1406.67,0
ACC-02718,Enterprise,Other,107,461,26,0.771,0.78,566,0,0,81,3.4,73,7462.83,0
ACC-02719,Starter,SaaS,3,589,8,0.633,0.393,38,0,0,38,4.1,255,70.41,0
ACC-02720,Growth,SaaS,10,402,14,0.493,0.527,237,3,0,66,5.0,223,455.72,0
ACC-02721,Growth,Healthcare,19,349,8,0.592,0.528,177,0,0,26,3.3,252,591.6,0
ACC-02722,Growth,SaaS,10,696,11,0.649,0.472,140,0,0,42,4.0,235,543.6,0
ACC-02723,Starter,SaaS,6,717,12,0.273,0.478,13,2,0,23,3.5,311,78.6,0
ACC-02724,Starter,Other,6,726,1,0.447,0.248,52,0,0,43,3.2,121,129.58,0
ACC-02725,Starter,Healthcare,5,41,13,0.478,0.138,33,0,0,47,3.2,245,117.92,0
ACC-02726,Growth,Other,26,616,16,0.696,0.56,265,0,0,59,5.0,315,1059.31,0
ACC-02727,Growth,E-commerce,15,659,11,0.599,0.674,257,0,0,29,3.9,242,428.77,0
ACC-02728,Starter,FinTech,6,593,5,0.465,0.5,0,1,1,38,3.8,358,116.41,0
ACC-02729,Starter,Other,3,554,15,0.411,0.109,0,0,0,68,3.4,301,37.41,0
ACC-02730,Enterprise,SaaS,30,286,27,0.911,0.535,1049,3,1,15,3.9,174,2518.31,0
ACC-02731,Starter,SaaS,2,538,8,0.263,0.112,31,1,0,-12,3.5,283,27.29,0
ACC-02732,Starter,Other,1,435,8,0.416,0.347,46,0,0,28,5.0,175,24.53,0
ACC-02733,Growth,E-commerce,14,612,12,0.382,0.545,179,2,0,55,4.1,332,746.73,0
ACC-02734,Starter,Other,2,276,8,0.326,0.457,75,2,2,44,4.0,33,25.08,0
ACC-02735,Starter,SaaS,6,549,6,0.528,0.417,0,0,0,21,4.0,362,100.8,0
ACC-02736,Growth,Other,15,579,14,0.8,0.485,213,1,0,44,4.8,321,703.15,0
ACC-02737,Starter,E-commerce,4,613,14,0.433,0.315,71,0,0,34,3.9,112,76.76,0
ACC-02738,Growth,E-commerce,15,150,14,0.874,0.881,167,0,0,8,3.6,56,473.55,0
ACC-02739,Growth,Other,17,634,10,0.624,0.515,276,2,0,35,4.0,213,477.96,0
ACC-02740,Growth,FinTech,21,181,9,0.604,0.689,56,0,0,58,4.5,231,1134.6,0
ACC-02741,Starter,Healthcare,4,685,8,0.518,0.464,0,5,1,36,4.7,138,65.18,0
ACC-02742,Growth,E-commerce,18,57,11,0.893,0.771,212,0,0,9,4.1,237,670.85,0
ACC-02743,Starter,Healthcare,1,186,9,0.574,0.363,46,1,1,80,4.1,197,24.09,0
ACC-02744,Growth,Other,26,456,8,0.434,0.557,152,1,0,20,4.6,129,1352.99,0
ACC-02745,Starter,E-commerce,7,410,10,0.749,0.194,52,0,0,50,2.0,177,121.25,0
ACC-02746,Growth,SaaS,5,511,10,0.675,0.695,76,1,0,60,4.0,40,212.19,0
ACC-02747,Starter,SaaS,1,312,8,0.3,0.209,77,1,0,51,3.5,200,23.32,0
ACC-02748,Starter,Other,6,32,7,0.362,0.527,40,1,0,37,3.9,240,112.36,0
ACC-02749,Growth,Other,14,462,20,0.706,0.703,306,0,0,2,4.1,352,598.77,0
ACC-02750,Starter,Other,4,387,9,0.429,0.466,33,1,0,68,4.8,128,62.85,0
ACC-02751,Starter,SaaS,5,386,15,0.562,0.266,66,1,0,16,2.9,36,104.84,0
ACC-02752,Growth,FinTech,12,293,16,0.723,0.513,185,1,0,63,3.4,60,399.08,1
ACC-02753,Growth,Healthcare,29,653,19,0.615,0.724,50,2,0,66,3.3,321,1238.14,0
ACC-02754,Starter,Healthcare,1,584,7,0.481,0.402,70,0,0,15,3.5,334,21.78,0
ACC-02755,Enterprise,SaaS,68,156,23,0.87,0.958,512,0,0,15,2.9,287,6635.2,0
ACC-02756,Growth,E-commerce,22,57,18,0.564,0.711,205,1,1,33,5.0,180,651.59,0
ACC-02757,Enterprise,SaaS,142,156,25,0.686,0.752,540,1,0,62,4.5,358,13142.17,0
ACC-02758,Growth,FinTech,9,63,16,0.69,0.546,230,2,0,29,3.4,257,446.17,0
ACC-02759,Growth,SaaS,13,526,13,0.735,0.406,200,2,0,44,3.9,85,428.63,0
ACC-02760,Growth,SaaS,17,464,13,0.71,0.511,180,2,0,31,3.6,113,858.1,0
ACC-02761,Growth,SaaS,8,354,18,0.9,0.801,214,1,0,59,4.0,345,438.64,0
ACC-02762,Enterprise,Other,108,444,27,0.887,0.771,1035,0,0,28,3.4,58,12107.81,0
ACC-02763,Starter,Healthcare,5,595,6,0.209,0.372,48,1,0,26,2.8,263,99.45,0
ACC-02764,Starter,Other,3,611,5,0.474,0.469,35,2,0,19,3.5,17,61.0,1
ACC-02765,Starter,FinTech,5,334,5,0.687,0.383,67,4,0,19,4.9,256,122.09,0
ACC-02766,Enterprise,FinTech,22,444,25,0.83,0.813,773,1,0,65,2.9,129,2580.73,0
ACC-02767,Starter,FinTech,2,433,5,0.736,0.168,40,3,0,34,4.7,10,45.35,1
ACC-02768,Growth,E-commerce,5,694,17,0.512,0.605,84,1,0,21,4.3,23,171.14,0
ACC-02769,Growth,FinTech,8,563,16,0.746,0.29,73,3,2,5,3.6,72,303.61,0
ACC-02770,Enterprise,Healthcare,119,250,20,0.585,0.595,1264,1,0,36,4.4,361,12960.1,0
ACC-02771,Starter,Healthcare,2,650,13,0.708,0.338,33,2,0,24,4.0,355,31.27,0
ACC-02772,Growth,Other,8,308,9,0.438,0.682,230,2,0,20,2.4,88,259.57,0
ACC-02773,Enterprise,SaaS,34,560,28,0.693,0.768,760,1,0,25,3.6,113,2647.88,0
ACC-02774,Starter,E-commerce,4,714,9,0.501,0.428,45,5,1,45,3.6,50,54.81,0
ACC-02775,Growth,SaaS,11,596,7,0.418,0.571,340,0,0,16,4.9,185,519.95,0
ACC-02776,Starter,SaaS,1,105,14,0.522,0.341,59,3,0,35,3.6,300,16.35,0
ACC-02777,Growth,Healthcare,25,173,17,0.871,0.552,193,0,0,61,3.8,196,1222.77,0
ACC-02778,Growth,E-commerce,24,587,13,0.527,0.587,189,0,0,30,3.1,292,1245.56,0
ACC-02779,Starter,Healthcare,4,116,5,0.532,0.445,51,1,0,19,3.9,354,48.35,0
ACC-02780,Starter,SaaS,2,38,3,0.473,0.362,69,1,0,65,3.1,363,30.04,0
ACC-02781,Starter,Other,7,210,16,0.18,0.398,0,0,0,40,4.7,124,168.53,0
ACC-02782,Starter,Other,2,370,5,0.729,0.488,34,1,0,38,3.6,92,44.98,0
ACC-02783,Growth,FinTech,7,119,10,0.597,0.477,48,3,0,53,3.1,180,229.29,0
ACC-02784,Starter,Other,1,137,9,0.387,0.176,33,0,0,40,4.8,22,23.4,1
ACC-02785,Starter,SaaS,1,267,2,0.684,0.318,103,2,2,44,3.0,167,17.46,0
ACC-02786,Growth,Healthcare,23,449,11,0.45,0.456,218,1,0,7,4.1,265,1253.33,0
ACC-02787,Growth,Other,10,411,17,0.784,0.841,117,1,0,24,2.9,74,495.15,0
ACC-02788,Growth,Healthcare,11,588,16,0.697,0.573,183,1,0,83,4.1,295,589.0,0
ACC-02789,Enterprise,Healthcare,107,716,21,0.855,0.778,737,0,0,19,4.6,312,11916.36,0
ACC-02790,Starter,FinTech,6,53,8,0.468,0.472,0,1,0,44,3.4,131,132.32,0
ACC-02791,Growth,Healthcare,18,511,12,0.886,0.695,88,0,0,80,3.1,115,716.31,0
ACC-02792,Starter,E-commerce,7,144,8,0.378,0.361,43,1,0,57,3.1,341,103.81,0
ACC-02793,Growth,SaaS,19,282,11,0.416,0.453,188,2,0,48,3.9,299,559.86,0
ACC-02794,Enterprise,SaaS,27,269,20,0.852,0.88,470,0,0,24,5.0,282,2046.06,0
ACC-02795,Growth,Healthcare,19,520,12,0.503,0.73,113,0,0,28,4.6,126,563.56,0
ACC-02796,Growth,E-commerce,12,209,11,0.633,0.611,168,0,0,35,4.7,152,367.61,0
ACC-02797,Growth,E-commerce,28,656,18,0.489,0.434,154,2,1,49,3.2,255,1061.14,0
ACC-02798,Starter,Other,7,298,11,0.098,0.383,50,3,0,70,4.7,264,167.45,0
ACC-02799,Growth,E-commerce,26,600,11,0.303,0.733,186,1,0,45,4.6,92,800.81,0
ACC-02800,Growth,FinTech,9,696,10,0.643,0.519,324,4,1,29,4.1,5,407.68,0
ACC-02801,Enterprise,FinTech,95,387,21,0.657,0.613,648,1,0,40,3.5,25,8662.1,0
ACC-02802,Growth,E-commerce,9,100,22,0.575,0.655,63,3,1,53,4.6,127,323.79,0
ACC-02803,Starter,Healthcare,3,520,4,0.633,0.562,40,1,0,49,3.4,172,70.17,0
ACC-02804,Growth,E-commerce,27,326,13,0.519,0.714,280,0,0,37,4.4,66,1473.88,0
ACC-02805,Starter,E-commerce,2,266,8,0.527,0.572,7,1,0,17,3.6,16,27.44,0
ACC-02806,Starter,Healthcare,3,349,8,0.526,0.386,81,1,0,66,3.2,114,57.79,0
ACC-02807,Starter,Healthcare,6,239,6,0.171,0.186,63,2,0,36,3.6,318,81.28,0
ACC-02808,Growth,Healthcare,13,226,18,0.646,0.738,108,0,0,47,5.0,80,427.02,0
ACC-02809,Starter,SaaS,2,722,10,0.412,0.472,0,1,0,27,3.1,243,49.64,0
ACC-02810,Starter,Healthcare,4,224,11,0.368,0.47,0,3,0,27,4.6,262,66.05,0
ACC-02811,Starter,E-commerce,6,351,10,0.439,0.313,90,0,0,53,4.5,228,146.94,0
ACC-02812,Enterprise,SaaS,46,530,25,0.774,0.793,338,1,0,14,3.8,303,4738.07,0
ACC-02813,Growth,E-commerce,27,184,20,0.849,0.752,178,1,1,16,3.5,108,1465.28,0
ACC-02814,Starter,Healthcare,7,462,13,0.258,0.405,16,3,0,75,3.0,69,105.95,0
ACC-02815,Starter,E-commerce,6,656,16,0.479,0.402,32,0,0,60,4.8,63,73.65,0
ACC-02816,Growth,Healthcare,25,598,18,0.533,0.517,160,0,0,51,3.1,155,774.97,0
ACC-02817,Starter,FinTech,7,49,6,0.341,0.337,46,1,0,18,1.9,193,124.14,0
ACC-02818,Growth,SaaS,16,313,17,0.582,0.543,117,1,0,47,4.1,220,583.61,0
ACC-02819,Starter,FinTech,4,30,10,0.55,0.239,16,1,0,40,3.0,323,74.87,0
ACC-02820,Enterprise,FinTech,54,454,29,0.733,0.75,535,1,0,32,3.8,57,4172.91,0
ACC-02821,Starter,E-commerce,6,257,5,0.581,0.211,37,4,0,40,3.0,224,135.51,0
ACC-02822,Growth,Healthcare,14,655,16,0.564,0.561,223,4,0,11,3.5,134,416.86,0
ACC-02823,Starter,Healthcare,3,152,6,0.433,0.18,19,5,1,-4,3.9,253,52.36,0
ACC-02824,Enterprise,SaaS,22,625,24,0.962,0.841,529,2,0,49,4.1,75,1970.12,0
ACC-02825,Enterprise,FinTech,41,269,21,0.789,0.451,935,2,0,46,4.8,11,3102.45,0
ACC-02826,Growth,SaaS,20,674,16,0.569,0.643,196,2,1,48,3.9,207,909.35,0
ACC-02827,Growth,E-commerce,23,169,9,0.83,0.839,183,1,1,59,4.0,114,917.02,0
ACC-02828,Starter,SaaS,5,218,11,0.567,0.365,40,1,0,53,3.7,329,121.0,0
ACC-02829,Growth,E-commerce,24,275,15,0.54,0.586,214,0,0,75,4.5,267,758.89,0
ACC-02830,Growth,Healthcare,15,719,15,0.661,0.578,86,0,0,68,3.1,171,431.29,0
ACC-02831,Starter,E-commerce,3,543,15,0.371,0.374,17,0,0,43,3.6,142,71.07,0
ACC-02832,Growth,SaaS,11,601,13,0.583,0.386,189,2,0,45,3.9,246,586.44,0
ACC-02833,Growth,FinTech,22,417,15,0.481,0.396,230,1,0,47,3.3,170,1167.9,0
ACC-02834,Growth,E-commerce,18,586,14,0.863,0.551,163,2,0,8,4.9,264,537.34,0
ACC-02835,Growth,E-commerce,28,468,15,0.716,0.345,232,1,0,62,4.1,268,1179.59,0
ACC-02836,Growth,SaaS,10,497,22,0.665,0.507,99,1,0,55,3.0,361,464.8,0
ACC-02837,Growth,Other,9,616,14,0.823,0.466,152,1,0,6,4.2,117,253.04,0
ACC-02838,Starter,E-commerce,4,718,6,0.422,0.279,71,1,0,76,4.8,231,98.71,0
ACC-02839,Starter,FinTech,2,433,15,0.376,0.202,76,1,0,33,3.4,182,35.43,0
ACC-02840,Starter,SaaS,1,339,7,0.696,0.312,80,0,0,39,4.9,71,18.53,1
ACC-02841,Growth,FinTech,16,487,8,0.551,0.663,344,1,0,39,4.1,88,854.1,0
ACC-02842,Starter,FinTech,1,549,5,0.249,0.398,50,2,1,38,4.0,8,22.15,0
ACC-02843,Starter,SaaS,4,720,4,0.563,0.22,0,2,1,95,4.7,112,84.49,0
ACC-02844,Starter,E-commerce,2,519,2,0.464,0.467,72,2,1,36,4.0,55,47.85,0
ACC-02845,Starter,FinTech,1,698,7,0.447,0.376,76,4,0,35,4.2,71,18.11,0
ACC-02846,Growth,Other,5,542,14,0.598,0.434,283,4,1,42,4.0,49,168.66,0
ACC-02847,Starter,Other,5,696,12,0.501,0.059,29,1,0,23,2.7,5,87.0,0
ACC-02848,Starter,SaaS,4,556,10,0.473,0.139,53,1,0,48,4.2,193,89.05,0
ACC-02849,Growth,SaaS,22,649,16,0.891,0.6,281,1,0,24,4.1,340,764.83,0
ACC-02850,Starter,Healthcare,6,163,5,0.23,0.264,40,2,0,53,3.6,163,146.48,0
ACC-02851,Starter,Other,4,724,11,0.375,0.174,37,3,0,19,2.1,187,98.34,0
ACC-02852,Starter,Other,2,274,13,0.317,0.326,0,0,0,29,4.3,226,38.55,0
ACC-02853,Growth,SaaS,11,588,15,0.618,0.758,120,1,0,20,3.3,214,557.99,0
ACC-02854,Starter,SaaS,7,304,9,0.21,0.331,96,0,0,30,3.1,32,137.38,0
ACC-02855,Growth,SaaS,23,350,10,0.429,0.672,117,1,0,3,3.0,165,1155.89,0
ACC-02856,Enterprise,Healthcare,122,553,26,0.852,0.817,888,1,0,-12,2.5,300,12928.67,0
ACC-02857,Growth,E-commerce,25,408,20,0.545,0.832,36,1,0,35,4.2,82,1132.53,0
ACC-02858,Starter,E-commerce,5,531,9,0.54,0.512,29,2,1,8,5.0,44,116.38,0
ACC-02859,Growth,E-commerce,22,85,12,0.608,0.303,116,2,0,80,3.5,236,984.02,0
ACC-02860,Growth,SaaS,13,613,13,0.627,0.791,167,3,0,34,4.5,251,536.23,0
ACC-02861,Starter,E-commerce,7,315,7,0.667,0.446,0,0,0,58,3.8,265,113.38,0
ACC-02862,Growth,SaaS,20,581,13,0.863,0.306,109,1,0,49,4.1,254,633.82,0
ACC-02863,Starter,E-commerce,5,229,10,0.693,0.242,80,2,0,19,3.9,111,103.81,0
ACC-02864,Starter,Healthcare,5,447,9,0.431,0.339,10,4,1,33,4.4,209,108.68,0
ACC-02865,Starter,E-commerce,6,441,12,0.478,0.403,29,0,0,58,3.1,311,118.77,0
ACC-02866,Starter,FinTech,6,127,9,0.459,0.28,77,2,1,57,4.0,67,114.42,0
ACC-02867,Starter,Healthcare,5,361,5,0.515,0.285,20,2,1,61,4.7,254,107.25,0
ACC-02868,Growth,Healthcare,29,474,12,0.541,0.829,210,2,0,28,4.4,225,1495.29,0
ACC-02869,Enterprise,SaaS,118,615,20,0.655,0.708,884,0,0,55,4.1,103,9062.56,0
ACC-02870,Starter,SaaS,1,650,7,0.71,0.305,55,0,0,29,4.0,337,24.35,0
ACC-02871,Growth,E-commerce,16,299,20,0.308,0.667,103,1,1,64,3.6,64,508.13,0
ACC-02872,Growth,SaaS,28,480,21,0.521,0.477,197,2,0,64,3.7,294,833.55,0
ACC-02873,Starter,SaaS,7,152,11,0.279,0.515,59,0,0,12,2.8,209,156.9,0
ACC-02874,Starter,SaaS,1,656,8,0.303,0.224,23,2,0,48,4.3,51,22.2,0
ACC-02875,Starter,SaaS,4,637,3,0.513,0.46,0,1,0,18,4.9,163,96.15,0
ACC-02876,Starter,FinTech,3,729,9,0.596,0.4,54,1,0,60,4.1,124,65.83,0
ACC-02877,Starter,E-commerce,1,370,5,0.402,0.611,58,0,0,17,3.9,155,13.18,0
ACC-02878,Starter,SaaS,2,281,14,0.375,0.415,32,0,0,49,4.3,289,38.98,0
ACC-02879,Growth,Healthcare,12,560,8,0.357,0.668,65,1,0,58,2.4,236,642.55,0
ACC-02880,Starter,SaaS,7,536,9,0.583,0.477,76,0,0,43,3.5,75,100.17,0
ACC-02881,Starter,FinTech,3,178,5,0.639,0.554,59,4,1,61,3.8,272,62.46,0
ACC-02882,Starter,SaaS,7,407,8,0.414,0.137,33,2,0,48,2.7,262,167.91,0
ACC-02883,Growth,Healthcare,8,480,16,0.669,0.545,141,0,0,76,4.0,38,302.64,0
ACC-02884,Starter,Other,6,348,12,0.622,0.453,35,0,0,18,2.6,335,130.99,0
ACC-02885,Growth,FinTech,12,289,14,0.569,0.346,176,1,0,34,4.4,7,653.22,0
ACC-02886,Starter,SaaS,5,197,11,0.388,0.059,0,3,1,0,4.1,107,113.48,0
ACC-02887,Starter,SaaS,6,318,6,0.343,0.314,56,1,0,35,3.8,109,121.42,0
ACC-02888,Enterprise,SaaS,100,202,23,0.808,0.695,568,2,1,16,4.4,38,11461.66,0
ACC-02889,Starter,Healthcare,6,240,12,0.611,0.534,0,1,1,11,4.0,243,105.23,0
ACC-02890,Starter,SaaS,1,159,9,0.254,0.339,33,2,1,8,4.2,170,16.53,0
ACC-02891,Starter,Other,6,293,6,0.574,0.301,39,2,0,32,4.1,298,111.22,0
ACC-02892,Enterprise,E-commerce,24,472,21,0.58,0.727,401,1,0,48,3.3,117,1993.15,0
ACC-02893,Growth,E-commerce,28,294,18,0.677,0.458,86,0,0,53,5.0,312,836.04,0
ACC-02894,Growth,Healthcare,6,129,10,0.905,0.685,119,1,0,64,4.8,188,172.17,0
ACC-02895,Enterprise,SaaS,139,590,19,0.692,0.692,557,0,0,63,4.2,6,13646.75,0
ACC-02896,Starter,Healthcare,3,331,10,0.437,0.382,0,0,0,17,4.0,113,36.12,0
ACC-02897,Enterprise,SaaS,49,438,20,0.88,0.813,699,3,1,26,4.4,135,3858.17,0
ACC-02898,Starter,Healthcare,4,396,3,0.394,0.05,52,3,1,46,4.8,186,57.59,1
ACC-02899,Growth,E-commerce,15,384,19,0.323,0.662,130,2,0,47,5.0,258,424.86,0
ACC-02900,Starter,SaaS,4,336,4,0.484,0.419,20,1,0,72,3.5,61,94.78,0
ACC-02901,Starter,Healthcare,4,558,7,0.461,0.374,53,0,0,36,4.6,295,57.35,0
ACC-02902,Enterprise,SaaS,81,628,20,0.817,0.776,771,0,0,59,3.8,67,5176.51,0
ACC-02903,Starter,SaaS,5,662,7,0.419,0.341,0,2,0,39,2.8,363,87.08,0
ACC-02904,Enterprise,Healthcare,136,340,19,0.73,0.733,861,1,0,50,4.5,143,13062.69,0
ACC-02905,Starter,FinTech,2,268,10,0.595,0.274,69,0,0,51,4.9,342,34.67,0
ACC-02906,Growth,Other,13,87,14,0.307,0.468,146,0,0,42,4.6,37,595.87,0
ACC-02907,Enterprise,E-commerce,57,339,25,0.733,0.809,322,1,0,21,3.8,78,5555.09,0
ACC-02908,Starter,E-commerce,5,724,6,0.489,0.37,87,1,0,48,4.2,359,78.84,0
ACC-02909,Enterprise,SaaS,33,212,29,0.964,0.675,529,0,0,56,4.4,65,2835.04,0
ACC-02910,Growth,SaaS,16,621,7,0.634,0.494,69,0,0,44,4.3,121,473.06,0
ACC-02911,Growth,Other,23,559,8,0.579,0.585,369,2,0,-19,4.8,206,811.85,0
ACC-02912,Starter,SaaS,4,492,14,0.07,0.253,41,1,0,38,4.6,76,97.77,1
ACC-02913,Growth,E-commerce,10,425,16,0.467,0.501,112,0,0,57,3.5,130,326.84,0
ACC-02914,Growth,SaaS,21,559,15,0.591,0.468,344,0,0,20,3.9,258,882.83,0
ACC-02915,Growth,SaaS,24,98,16,0.65,0.636,140,0,0,65,3.5,177,1121.07,0
ACC-02916,Starter,E-commerce,6,119,10,0.412,0.134,60,5,0,29,4.0,156,97.08,1
ACC-02917,Starter,Healthcare,6,166,9,0.556,0.297,38,0,0,35,2.6,246,125.52,0
ACC-02918,Enterprise,Healthcare,71,566,19,0.882,0.673,176,0,0,47,5.0,349,5061.08,0
ACC-02919,Starter,Other,3,332,11,0.385,0.338,21,0,0,22,3.4,308,63.24,0
ACC-02920,Growth,SaaS,20,175,16,0.599,0.631,294,0,0,62,3.5,24,588.27,0
ACC-02921,Enterprise,FinTech,141,61,27,0.829,0.727,728,0,0,70,4.0,231,15040.76,0
ACC-02922,Starter,SaaS,4,372,14,0.623,0.338,100,1,0,18,2.9,177,50.46,0
ACC-02923,Starter,Healthcare,2,309,9,0.504,0.353,39,1,0,38,3.7,159,36.23,0
ACC-02924,Growth,FinTech,14,154,10,0.664,0.444,204,0,0,84,4.0,89,511.44,0
ACC-02925,Starter,E-commerce,6,46,14,0.573,0.368,44,0,0,66,5.0,101,104.62,0
ACC-02926,Growth,SaaS,22,557,10,0.781,0.792,223,4,1,7,4.0,258,743.2,0
ACC-02927,Growth,Healthcare,17,575,15,0.659,0.21,122,3,1,68,3.6,355,761.99,0
ACC-02928,Growth,Healthcare,18,202,13,0.92,0.465,131,2,0,-33,3.1,201,972.11,0
ACC-02929,Starter,Other,5,375,6,0.412,0.467,34,1,0,56,5.0,79,104.37,0
ACC-02930,Growth,SaaS,14,207,17,0.454,0.55,261,3,0,23,4.0,90,397.62,0
ACC-02931,Growth,Other,8,316,15,0.618,0.672,38,1,0,52,4.0,73,281.36,0
ACC-02932,Starter,SaaS,1,106,10,0.211,0.568,19,1,0,47,2.9,194,14.54,0
ACC-02933,Growth,FinTech,28,692,11,0.275,0.481,207,2,0,45,4.3,260,847.45,0
ACC-02934,Enterprise,SaaS,69,534,21,0.778,0.701,518,0,0,55,3.5,285,7910.17,0
ACC-02935,Growth,SaaS,15,660,11,0.668,0.395,144,0,0,31,4.9,237,684.11,0
ACC-02936,Growth,E-commerce,12,237,13,0.612,0.453,218,2,0,29,4.2,355,576.56,0
ACC-02937,Starter,SaaS,7,641,8,0.725,0.242,49,0,0,62,4.0,326,137.9,0
ACC-02938,Starter,FinTech,6,392,14,0.437,0.32,72,1,0,42,3.0,86,96.36,0
ACC-02939,Starter,E-commerce,2,168,7,0.605,0.419,27,1,0,29,3.8,333,46.02,0
ACC-02940,Starter,Healthcare,5,262,1,0.587,0.397,48,0,0,38,3.8,24,81.19,0
ACC-02941,Enterprise,E-commerce,123,598,27,1.0,0.764,824,3,0,36,4.0,273,10248.92,0
ACC-02942,Starter,E-commerce,2,572,10,0.476,0.496,68,0,0,34,2.5,208,36.97,0
ACC-02943,Growth,SaaS,26,534,14,0.467,0.477,168,1,1,52,3.3,15,1275.05,0
ACC-02944,Starter,Healthcare,6,188,6,0.32,0.373,59,2,0,23,3.6,116,93.53,0
ACC-02945,Starter,SaaS,3,483,5,0.31,0.122,18,0,0,75,4.3,317,70.9,0
ACC-02946,Starter,SaaS,3,688,15,0.532,0.621,25,1,0,47,2.5,273,38.4,0
ACC-02947,Starter,SaaS,6,64,8,0.472,0.3,31,3,0,2,4.9,208,118.49,0
ACC-02948,Growth,E-commerce,6,254,8,0.445,0.696,78,1,0,48,4.8,281,275.65,0
ACC-02949,Enterprise,FinTech,55,86,23,0.573,0.85,676,2,0,22,3.2,75,5389.9,0
ACC-02950,Enterprise,E-commerce,71,102,26,0.835,0.551,425,1,0,41,5.0,73,5385.03,0
ACC-02951,Starter,FinTech,4,728,9,0.343,0.322,23,4,0,39,4.1,227,50.18,0
ACC-02952,Growth,FinTech,6,198,11,0.617,0.528,133,0,0,57,3.8,166,228.15,0
ACC-02953,Starter,FinTech,1,155,5,0.603,0.052,16,2,0,57,4.3,86,18.26,0
ACC-02954,Enterprise,SaaS,82,81,19,0.856,0.868,788,2,0,47,4.2,13,7613.04,0
ACC-02955,Growth,FinTech,9,716,19,0.518,0.556,214,0,0,84,4.0,163,253.79,0
ACC-02956,Starter,E-commerce,2,358,8,0.472,0.24,56,0,0,26,3.1,266,46.17,0
ACC-02957,Starter,E-commerce,3,583,2,0.366,0.404,41,0,0,72,3.6,142,67.71,0
ACC-02958,Starter,SaaS,3,205,9,0.436,0.449,83,2,0,73,4.2,201,73.2,0
ACC-02959,Starter,E-commerce,3,478,8,0.244,0.267,43,1,0,49,4.5,74,41.91,0
ACC-02960,Enterprise,FinTech,136,650,20,0.872,0.692,907,2,0,52,4.9,357,15752.14,0
ACC-02961,Growth,SaaS,24,499,10,0.743,0.462,210,0,0,63,3.6,296,944.65,0
ACC-02962,Enterprise,SaaS,146,391,18,0.752,0.764,789,1,0,35,4.0,126,15915.9,0
ACC-02963,Starter,FinTech,2,177,12,0.466,0.414,17,1,0,31,3.4,180,46.31,0
ACC-02964,Growth,FinTech,19,193,15,0.477,0.49,148,1,1,32,4.7,241,879.99,0
ACC-02965,Starter,E-commerce,1,447,10,0.654,0.576,32,3,0,48,3.7,57,16.16,0
ACC-02966,Growth,SaaS,20,345,15,0.555,0.585,81,2,1,32,3.5,211,596.73,0
ACC-02967,Starter,Healthcare,2,62,9,0.368,0.301,44,0,0,26,3.9,90,45.77,0
ACC-02968,Starter,SaaS,6,167,6,0.206,0.315,17,1,0,19,2.7,204,104.16,1
ACC-02969,Growth,E-commerce,17,332,13,0.823,0.646,113,1,1,20,4.3,184,893.58,0
ACC-02970,Starter,Healthcare,3,155,12,0.761,0.307,59,4,0,28,3.7,157,70.39,0
ACC-02971,Growth,FinTech,29,417,19,0.865,0.539,170,0,0,28,5.0,234,1563.53,0
ACC-02972,Growth,SaaS,23,240,10,0.614,0.562,146,1,1,44,3.5,139,1025.58,0
ACC-02973,Starter,E-commerce,3,234,7,0.49,0.48,27,2,1,25,3.7,282,59.87,0
ACC-02974,Enterprise,Other,36,105,25,0.721,0.586,769,0,0,53,4.6,87,2618.14,0
ACC-02975,Growth,Other,27,382,21,0.764,0.61,7,0,0,85,4.4,21,1143.69,0
ACC-02976,Growth,SaaS,29,162,20,0.52,0.344,283,1,0,69,4.6,253,818.66,0
ACC-02977,Growth,Healthcare,6,471,11,0.34,0.453,130,1,0,19,3.7,220,267.15,0
ACC-02978,Growth,FinTech,5,686,18,0.364,0.499,117,2,0,35,3.1,258,257.98,0
ACC-02979,Growth,SaaS,7,668,14,0.657,0.927,147,0,0,14,5.0,145,256.24,0
ACC-02980,Enterprise,E-commerce,102,496,26,0.909,0.934,427,0,0,46,4.3,245,6308.5,0
ACC-02981,Growth,E-commerce,8,595,17,0.438,0.693,96,3,0,48,4.1,21,423.69,0
ACC-02982,Starter,E-commerce,7,674,4,0.219,0.13,52,1,0,46,4.5,357,119.54,0
ACC-02983,Starter,Healthcare,4,507,10,0.419,0.375,64,0,0,19,3.0,323,63.23,0
ACC-02984,Growth,FinTech,9,209,18,0.889,0.321,26,3,0,28,3.6,122,328.22,0
ACC-02985,Starter,E-commerce,2,380,8,0.622,0.397,67,0,0,63,3.2,114,28.37,0
ACC-02986,Starter,FinTech,6,629,7,0.471,0.231,40,2,0,51,4.0,63,84.44,0
ACC-02987,Starter,SaaS,1,497,2,0.498,0.398,77,0,0,23,2.9,353,21.77,0
ACC-02988,Growth,FinTech,14,283,16,0.742,0.601,194,0,0,14,4.4,26,691.83,0
ACC-02989,Starter,Other,1,147,9,0.161,0.454,38,2,0,40,4.7,301,12.6,0
ACC-02990,Growth,FinTech,15,130,11,0.718,0.472,51,1,0,39,4.7,52,538.86,0
ACC-02991,Growth,SaaS,25,293,13,0.477,0.441,202,1,0,14,4.2,353,724.04,0
ACC-02992,Growth,E-commerce,28,593,15,0.596,0.457,125,1,0,35,4.0,100,1351.7,0
ACC-02993,Starter,Other,7,416,6,0.445,0.364,69,0,0,31,3.6,163,123.84,0
ACC-02994,Growth,Other,25,71,14,0.631,0.509,105,0,0,29,4.2,26,891.25,0
ACC-02995,Growth,E-commerce,12,672,8,0.774,0.616,263,0,0,33,3.8,110,599.85,0
ACC-02996,Growth,FinTech,16,313,19,0.802,0.481,160,1,0,48,2.6,344,775.38,0
ACC-02997,Growth,E-commerce,7,303,14,0.374,0.758,130,0,0,44,3.5,217,213.5,0
ACC-02998,Starter,Healthcare,5,603,4,0.588,0.372,29,0,0,70,4.5,122,74.44,0
ACC-02999,Enterprise,Other,97,293,13,0.961,0.657,432,0,0,46,3.1,325,9314.64,0
ACC-03000,Starter,Healthcare,1,462,12,0.473,0.206,40,1,0,60,3.1,340,19.16,0
