account_id,plan,industry,seats_purchased,days_since_onboarding,login_freq_30d,seat_utilization,feature_adoption_pct,api_calls_daily,support_tickets_30d,escalated_tickets_30d,nps_score,csat_score,days_to_renewal,monthly_revenue,churned_90d
ACC-00001,Growth,Other,33,371,15,0.566,0.391,264.0,2,0,3.0,3.8,240,1410.74,0
ACC-00002,Growth,SaaS,23,478,9,,0.513,162.0,2,0,51.0,3.5,378,783.33,0
ACC-00003,Enterprise,FinTech,89,125,16,0.643,,571.0,2,0,,3.2,250,8466.68,0
ACC-00004,Growth,SaaS,12,755,18,0.557,0.438,88.0,1,0,41.0,3.9,220,656.22,0
ACC-00005,Starter,SaaS,6,573,5,0.184,0.537,37.0,1,0,59.0,4.2,312,142.77,0
ACC-00006,Enterprise,Healthcare,88,467,18,0.582,0.629,285.0,0,0,,3.4,94,5482.35,0
ACC-00007,Growth,SaaS,28,556,12,0.373,0.613,,4,1,17.0,5.0,140,1011.43,0
ACC-00008,Growth,E-commerce,30,533,12,0.408,0.347,84.0,0,0,27.0,4.3,188,1018.74,0
ACC-00009,Starter,Healthcare,7,398,10,0.136,0.326,6.0,1,0,28.0,4.4,144,129.03,0
ACC-00010,Growth,SaaS,18,174,8,1.0,0.443,102.0,3,0,47.0,4.3,30,1076.51,0
ACC-00011,Starter,FinTech,6,439,6,0.27,0.4,48.0,1,0,38.0,5.0,340,162.93,0
ACC-00012,Enterprise,Healthcare,21,730,25,0.859,0.752,704.0,1,0,35.0,,47,1514.93,0
ACC-00013,Growth,Other,15,61,23,,0.521,,3,0,24.0,5.0,125,477.82,0
ACC-00014,Enterprise,FinTech,63,370,14,0.847,0.748,1117.0,4,0,13.0,,96,5824.86,0
ACC-00015,Growth,Other,11,741,14,0.704,0.411,86.0,2,0,18.0,3.5,352,547.28,0
ACC-00016,Starter,Other,4,527,6,0.541,0.309,0.0,0,0,24.0,,251,73.88,0
ACC-00017,Growth,E-commerce,35,35,13,0.725,0.679,204.0,3,1,54.0,4.3,167,1476.43,0
ACC-00018,Starter,FinTech,1,763,3,0.609,0.225,56.0,2,0,17.0,2.6,396,12.79,0
ACC-00019,Enterprise,Healthcare,118,61,23,0.455,0.545,,1,1,84.0,3.8,154,7428.97,0
ACC-00020,Growth,Healthcare,31,438,16,0.534,0.739,160.0,1,1,-11.0,3.7,16,894.6,0
ACC-00021,Growth,FinTech,34,115,24,0.594,0.884,0.0,1,0,27.0,3.7,217,1144.07,0
ACC-00022,Starter,Other,7,257,1,0.425,0.232,0.0,1,1,39.0,4.5,172,113.84,0
ACC-00023,Enterprise,Other,47,362,12,,0.679,572.0,1,0,45.0,2.8,109,3972.16,0
ACC-00024,Enterprise,FinTech,36,249,29,0.982,,492.0,2,1,44.0,4.5,204,4274.92,0
ACC-00025,Growth,Healthcare,5,789,13,0.624,0.467,99.0,1,0,,2.7,206,277.46,0
ACC-00026,Starter,E-commerce,5,515,5,0.702,0.269,63.0,2,0,55.0,4.5,118,138.3,0
ACC-00027,Growth,Healthcare,30,334,14,0.517,0.709,292.0,1,0,,3.9,254,798.03,0
ACC-00028,Starter,Healthcare,1,272,1,0.455,,33.0,3,1,67.0,4.3,74,16.12,1
ACC-00029,Starter,SaaS,8,454,9,0.225,0.215,77.0,1,0,8.0,,188,140.52,0
ACC-00030,Growth,SaaS,22,313,13,0.455,0.327,163.0,3,1,21.0,2.8,362,62308.11350374388,0
ACC-00031,Growth,FinTech,37,728,18,0.722,0.663,,1,0,34.0,2.3,158,1263.01,0
ACC-00032,Enterprise,Other,75,222,24,0.436,0.691,290.0,0,0,59.0,4.1,327,4177.78,0
ACC-00033,Starter,FinTech,5,625,11,0.403,0.383,35.0,1,0,50.0,3.2,254,122.79,0
ACC-00034,Starter,Other,9,409,8,0.475,0.58,55.0,1,0,71.0,4.7,332,153.44,0
ACC-00035,Growth,FinTech,16,247,20,0.701,0.531,219.0,0,0,29.0,3.0,329,821.98,0
ACC-00036,Starter,FinTech,4,426,10,0.351,0.231,0.0,0,0,53.0,4.5,142,66.61,0
ACC-00037,Starter,Other,4,120,5,0.677,,48.0,1,0,,4.0,76,70.44,1
ACC-00038,Growth,E-commerce,14,479,9,,0.664,265.0,1,0,,3.1,87,742.82,0
ACC-00039,Starter,FinTech,8,649,4,0.537,,22.0,3,1,48.0,4.7,278,126.4,0
ACC-00040,Growth,SaaS,18,539,16,,,194.0,2,0,28.0,2.9,116,803.15,0
ACC-00041,Growth,SaaS,28,27,7,0.783,,80.0,1,0,24.0,3.8,297,1597.08,0
ACC-00042,Enterprise,SaaS,91,534,21,1.0,0.601,241.0,3,1,68.0,3.2,317,10751.86,0
ACC-00043,Growth,FinTech,514,36,9,0.753,0.571,278.0,1,0,46.0,4.2,122,1771.69,0
ACC-00044,Starter,E-commerce,8,339,1,0.447,0.211,58.0,2,0,,4.1,382,163.11,0
ACC-00045,Enterprise,FinTech,1,576,15,0.711,0.648,614.0,0,0,36.0,3.7,65,1267.97,0
ACC-00046,Enterprise,SaaS,181,812,20,0.631,0.667,1143.0,0,0,59.0,2.5,83,17783.2,0
ACC-00047,Starter,SaaS,9,879,10,0.324,0.302,31.0,2,0,82.0,3.5,185,231.43,0
ACC-00048,Starter,FinTech,7,467,4,0.447,0.211,54.0,2,1,56.0,3.1,166,115.65,0
ACC-00049,Growth,Other,31,202,4,0.576,0.545,,0,0,72.0,3.4,62,1755.57,0
ACC-00050,Starter,FinTech,8,751,21,0.316,0.152,26.0,1,1,71.0,3.3,277,84.9,0
ACC-00051,Starter,SaaS,1,329,12,0.02,0.186,37.0,2,0,63.0,,116,14.37,0
ACC-00052,Starter,E-commerce,9,507,11,0.699,0.095,0.0,0,0,44.0,3.8,129,98.14,0
ACC-00053,Growth,Other,29,189,20,0.66,0.132,243.0,0,0,73.0,4.2,126,1169.17,0
ACC-00054,Growth,Healthcare,30,342,13,0.376,0.805,327.0,3,1,48.0,4.7,209,1297.56,0
ACC-00055,Growth,Healthcare,31,439,12,0.762,0.472,148.0,4,1,37.0,2.9,14,1818.86,1
ACC-00056,Growth,Other,25,668,19,,0.636,239.0,2,1,36.0,5.0,83,757.97,0
ACC-00057,Growth,E-commerce,31,811,19,0.478,0.713,155.0,2,1,51.0,,14,1229.15,0
ACC-00058,Growth,Other,7,170,16,0.377,0.336,188.0,1,0,,,323,306.29,0
ACC-00059,Starter,SaaS,2,509,11,0.678,0.44,19.0,1,0,,4.0,349,24.96,0
ACC-00060,Starter,Healthcare,6,873,1,0.48,,14.0,0,0,90.0,4.0,53,120.68,0
ACC-00061,Growth,Other,19,28,12,0.546,0.8,,0,0,38.0,3.0,6,480.12,1
ACC-00062,Growth,Other,31,521,21,,0.545,170.0,2,0,51.0,5.0,267,1798.05,0
ACC-00063,Growth,FinTech,8,694,17,0.431,,264.0,3,0,76.0,2.3,216,220.04,0
ACC-00064,Growth,Healthcare,31,106,6,,0.422,184.0,1,0,10.0,4.0,122,1827.58,0
ACC-00065,Growth,SaaS,14,605,11,0.477,0.428,67.0,3,2,59.0,4.0,18,786.63,0
ACC-00066,Growth,E-commerce,1,387,20,0.73,0.524,208.0,1,0,18.0,4.7,132,1248.16,0
ACC-00067,Growth,FinTech,31,546,15,0.438,0.621,106.0,2,0,41.0,4.4,377,1081.54,0
ACC-00068,Starter,E-commerce,9,645,8,0.423,0.561,,3,1,70.0,3.5,386,164.9,0
ACC-00069,Starter,E-commerce,5,141,8,0.403,0.422,50.0,3,0,64.0,2.9,92,63.92,0
ACC-00070,Growth,FinTech,33,74,13,0.602,,223.0,2,1,26.0,4.4,93,55821.21079670955,0
ACC-00071,Starter,SaaS,8,294,5,0.515,,50.0,2,0,2.0,3.4,158,203.06,0
ACC-00072,Starter,FinTech,1,245,3,0.61,0.225,0.0,3,0,-17.0,4.3,271,18.61,0
ACC-00073,Enterprise,E-commerce,26,269,25,0.674,0.725,550.0,2,0,79.0,3.5,328,2855.49,0
ACC-00074,Starter,E-commerce,5,832,8,0.552,0.257,66.0,1,0,-16.0,3.7,20,79.3,0
ACC-00075,Starter,Healthcare,6,623,10,0.241,0.222,3.0,0,0,37.0,5.0,144,126.12,0
ACC-00076,Starter,SaaS,6,329,9,,0.182,13.0,0,0,17.0,2.7,381,109.57,0
ACC-00077,Starter,Healthcare,4,550,13,0.43,,64.0,0,0,-6.0,3.0,320,41.09,0
ACC-00078,Growth,Healthcare,31,155,15,0.675,0.402,121.0,2,0,18.0,4.2,341,1223.9,0
ACC-00079,Growth,SaaS,22,176,17,,0.189,,2,1,29.0,3.1,223,740.19,0
ACC-00080,Growth,FinTech,39,101,14,0.508,0.52,51.0,0,0,58.0,5.0,80,1912.0,1
ACC-00081,Growth,FinTech,23,391,9,0.291,0.695,175.0,1,0,45.0,1.0,79,1094.24,0
ACC-00082,Starter,FinTech,1,562,6,0.373,0.362,20.0,1,0,18.0,2.5,214,21.52,0
ACC-00083,Enterprise,SaaS,130,464,23,0.632,0.562,,1,1,3.0,3.6,260,11929.1,1
ACC-00084,Starter,SaaS,9,508,10,0.112,0.178,54.0,5,0,67.0,4.3,9,173.68,1
ACC-00085,Starter,SaaS,6,158,14,0.411,0.179,81.0,0,0,27.0,,304,122.46,1
ACC-00086,Starter,SaaS,6,587,5,0.281,0.488,92.0,2,1,20.0,3.8,140,135.51,0
ACC-00087,Growth,SaaS,17,503,14,0.622,0.553,268.0,1,1,66.0,4.9,354,833.93,0
ACC-00088,Growth,Healthcare,14,862,12,0.518,0.806,84.0,2,1,24.0,4.6,301,552.13,0
ACC-00089,Starter,E-commerce,5,232,14,0.255,0.416,39.0,0,0,36.0,3.5,226,117.25,0
ACC-00090,Growth,FinTech,15,67,15,0.487,0.566,85.0,0,0,55.0,3.9,185,622.26,0
ACC-00091,Starter,E-commerce,5,417,9,0.162,0.672,64.0,1,0,50.0,3.4,246,73.43,1
ACC-00092,Growth,E-commerce,30,189,13,,0.238,234.0,1,0,17.0,5.0,124,1629.29,0
ACC-00093,Growth,SaaS,33,168,12,0.144,0.579,209.0,1,0,,2.7,263,1509.07,0
ACC-00094,Starter,SaaS,1,221,0,0.836,0.175,23.0,3,0,50.0,3.3,16,19.91,0
ACC-00095,Starter,SaaS,9,616,1,,0.175,67.0,1,0,19.0,4.6,279,99.15,0
ACC-00096,Growth,E-commerce,6,392,14,0.503,0.694,152.0,0,0,44.0,3.8,151,239.74,0
ACC-00097,Starter,FinTech,2,788,7,,0.166,0.0,1,0,13.0,5.0,97,24.67,0
ACC-00098,Starter,FinTech,6,121,8,0.418,0.346,0.0,2,0,56.0,5.0,343,100.59,0
ACC-00099,Starter,E-commerce,5,839,11,0.233,0.329,40.0,1,0,74.0,4.0,279,90.7,0
ACC-00100,Enterprise,Other,73,377,20,0.548,0.6,869.0,5,2,50.0,3.4,113,7776.86,0
ACC-00101,Enterprise,FinTech,30,486,18,1.0,0.792,1516.0,2,0,51.0,2.5,312,2019.78,0
ACC-00102,Growth,E-commerce,31,737,12,0.65,0.126,189.0,0,0,5.0,2.6,124,852.69,0
ACC-00103,Starter,FinTech,8,449,8,0.517,0.437,8.0,2,0,-9.0,1.6,116,160.77,0
ACC-00104,Enterprise,Healthcare,161,159,18,1.0,0.665,128.0,2,0,24.0,3.7,61,18797.39,0
ACC-00105,Growth,Healthcare,5,227,18,0.638,0.555,284.0,1,0,12.0,5.0,141,187.26,0
ACC-00106,Growth,Healthcare,23,826,13,0.535,,263.0,2,0,41.0,2.9,41,884.03,0
ACC-00107,Growth,SaaS,29,75,14,,0.465,90.0,1,1,68.0,4.3,302,1144.34,0
ACC-00108,Starter,FinTech,1,821,3,0.628,0.228,0.0,2,0,-24.0,4.2,52,27.37,0
ACC-00109,Starter,Healthcare,5,612,12,0.454,0.33,45.0,0,0,49.0,2.7,114,67.7,0
ACC-00110,Enterprise,FinTech,80,468,26,0.754,0.532,405.0,1,0,,4.5,35,8763.87,0
ACC-00111,Growth,Other,34,294,7,0.556,0.354,206.0,2,0,,3.7,353,2034.29,0
ACC-00112,Starter,FinTech,2,776,9,0.731,0.427,57.0,2,0,75.0,5.0,191,46.48,0
ACC-00113,Starter,FinTech,3,42,7,0.332,0.522,73.0,2,0,25.0,,75,54.25,0
ACC-00114,Growth,FinTech,26,644,14,0.789,0.702,128.0,1,0,46.0,5.0,372,1442.38,0
ACC-00115,Starter,FinTech,8,199,9,0.857,0.223,0.0,0,0,30.0,1.6,390,161.17,0
ACC-00116,Enterprise,Other,21,330,10,1.0,0.738,468.0,3,0,77.0,4.0,356,1779.46,0
ACC-00117,Growth,SaaS,34,70,16,0.638,0.395,65.0,1,0,33.0,1.8,51,1178.18,0
ACC-00118,Growth,E-commerce,18,511,18,0.5,0.498,146.0,3,0,48.0,,53,843.24,0
ACC-00119,Growth,E-commerce,11,144,19,0.709,0.446,210.0,3,1,27.0,4.0,24,379.4,1
ACC-00120,Growth,Other,39,117,9,0.519,0.446,151.0,0,0,,2.3,330,2117.98,0
ACC-00121,Growth,E-commerce,29,305,13,0.29,0.244,140.0,1,0,51.0,2.3,387,1645.6,0
ACC-00122,Growth,Other,31,453,11,0.031,0.557,230.0,0,0,34.0,3.1,117,1772.71,0
ACC-00123,Starter,Other,9,851,0,0.548,0.53,28.0,1,0,17.0,4.1,399,125.41,0
ACC-00124,Starter,FinTech,1,749,4,0.525,0.306,52.0,0,0,16.0,4.1,64,10.86,0
ACC-00125,Starter,Other,8,368,2,0.434,0.02,,2,0,83.0,3.9,62,133.98,1
ACC-00126,Growth,Other,20,532,15,0.676,0.504,155.0,1,0,32.0,3.8,228,1126.07,0
ACC-00127,Starter,SaaS,8,696,0,,0.208,63.0,3,1,80.0,2.7,218,211.99,1
ACC-00128,Starter,E-commerce,4,352,3,0.396,0.28,65.0,0,0,,2.5,340,88.43,0
ACC-00129,Starter,FinTech,2,694,5,0.218,0.403,50.0,1,1,58.0,4.7,365,20.93,0
ACC-00130,Growth,E-commerce,26,601,16,0.545,0.653,0.0,1,0,25.0,3.7,355,1153.88,0
ACC-00131,Starter,SaaS,6,636,19,0.655,0.427,38.0,1,0,,4.2,32,130.48,0
ACC-00132,Enterprise,Healthcare,79,879,21,0.72,0.903,101.0,2,0,58.0,,264,6472.84,0
ACC-00133,Growth,FinTech,12,347,8,0.315,0.695,237.0,1,0,82.0,3.7,340,466.8,0
ACC-00134,Starter,E-commerce,2,73,4,0.162,0.365,0.0,3,0,20.0,4.2,314,36.03,0
ACC-00135,Growth,SaaS,35,489,16,0.691,0.576,165.0,2,0,48.0,3.8,66,946.8,0
ACC-00136,Starter,Healthcare,5,306,1,0.439,0.148,0.0,1,0,81.0,2.8,224,56.73,0
ACC-00137,Enterprise,FinTech,68,66,25,0.702,0.566,379.0,3,2,20.0,3.2,244,7826.06,0
ACC-00138,Growth,E-commerce,38,152,14,0.711,,292.0,0,0,19.0,2.0,249,1295.44,0
ACC-00139,Growth,FinTech,8,486,12,0.638,0.302,189.0,3,2,54.0,4.1,65,433.58,0
ACC-00140,Starter,SaaS,3,861,0,0.393,0.407,,0,0,35.0,3.1,261,45.59,0
ACC-00141,Growth,FinTech,14,313,17,0.451,,244.0,0,0,45.0,3.8,211,700.77,0
ACC-00142,Growth,Other,22,497,10,0.742,0.371,82.0,1,0,18.0,2.9,74,838.51,0
ACC-00143,Enterprise,SaaS,109,171,21,0.582,0.561,373.0,1,0,40.0,3.7,346,13779.35,0
ACC-00144,Growth,E-commerce,18,128,12,0.331,0.284,119.0,1,0,62.0,5.0,347,1079.73,1
ACC-00145,Growth,SaaS,28,707,6,0.462,0.466,211.0,1,0,38.0,3.3,63,1038.22,0
ACC-00146,Starter,Healthcare,4,556,6,0.685,0.372,44.0,1,0,68.0,3.9,283,50.11,0
ACC-00147,Starter,SaaS,1,181,2,0.51,0.405,55.0,1,0,-6.0,4.5,149,26.15,0
ACC-00148,Growth,FinTech,17,457,10,0.493,0.607,211.0,2,0,51.0,4.5,287,604.94,0
ACC-00149,Growth,FinTech,37,528,15,0.525,0.62,284.0,5,0,48.0,3.2,133,2167.28,0
ACC-00150,Starter,SaaS,5,66,10,,0.559,0.0,1,0,38.0,4.8,172,122.26,0
ACC-00151,Enterprise,FinTech,185,279,20,0.77,0.69,1162.0,0,0,83.0,4.5,123,14665.91,0
ACC-00152,Enterprise,FinTech,52,779,16,0.661,0.683,264.0,2,1,42.0,4.0,61,4017.29,0
ACC-00153,Starter,E-commerce,5,335,4,0.855,,128.0,3,0,26.0,1.7,9,56.41,0
ACC-00154,Growth,Other,20,642,10,,0.348,178.0,1,0,48.0,4.4,60,726.69,0
ACC-00155,Starter,FinTech,8,550,0,0.212,0.388,60.0,2,1,0.0,4.1,233,217.39,0
ACC-00156,Growth,Other,33,18,13,0.68,0.225,160.0,1,0,27.0,4.8,206,1823.66,0
ACC-00157,Starter,FinTech,9,853,0,0.534,0.456,25.0,0,0,,4.5,294,121.98,0
ACC-00158,Growth,SaaS,5,864,13,0.498,0.701,145.0,1,0,-14.0,4.2,309,200.21,0
ACC-00159,Growth,SaaS,11,606,6,0.656,0.889,134.0,0,0,21.0,2.6,205,404.42,0
ACC-00160,Growth,FinTech,33,155,8,0.486,0.691,94.0,0,0,52.0,1.9,321,1908.98,0
ACC-00161,Starter,FinTech,7,762,10,0.47,0.18,40.0,1,0,38.0,4.4,58,102.79,0
ACC-00162,Enterprise,Other,75,14,20,0.987,0.927,566.0,0,0,69.0,4.5,333,6229.94,0
ACC-00163,Starter,E-commerce,7,465,0,0.574,0.234,77.0,0,0,26.0,3.2,74,158.22,0
ACC-00164,Starter,E-commerce,6,392,4,0.25,0.141,20.0,0,0,16.0,3.1,250,139.24,0
ACC-00165,Growth,FinTech,35,632,14,0.723,0.351,146.0,2,1,,3.0,229,1954.96,0
ACC-00166,Starter,FinTech,9,138,4,,0.277,37.0,0,0,59.0,3.4,63,248.8,0
ACC-00167,Enterprise,E-commerce,151,789,18,0.638,0.847,,1,0,45.0,3.3,38,14160.28,0
ACC-00168,Enterprise,SaaS,26,519,21,0.751,0.715,177.0,0,0,35.0,4.1,143,1974.56,0
ACC-00169,Starter,SaaS,1,244,7,0.264,0.606,45.0,0,0,56.0,3.3,50,22.9,1
ACC-00170,Enterprise,FinTech,72,289,16,0.573,0.455,2901.0,0,0,32.0,2.7,251,9124.4,0
ACC-00171,Starter,SaaS,399,622,7,0.542,0.238,85.0,2,0,58.0,4.4,32,126.26,0
ACC-00172,Growth,E-commerce,23,178,12,0.524,0.668,0.0,3,1,18.0,3.8,114,961.41,1
ACC-00173,Starter,SaaS,3,276,15,0.627,0.29,16.0,1,0,33.0,4.7,12,42.05,0
ACC-00174,Enterprise,SaaS,181,887,20,0.728,0.762,411.0,1,1,32.0,4.0,25,20067.15,0
ACC-00175,Starter,Other,3,793,8,0.368,0.132,35.0,1,0,77.0,3.5,160,63.92,0
ACC-00176,Starter,Other,8,308,8,0.615,0.44,18.0,2,0,51.0,2.9,295,131.32,0
ACC-00177,Growth,FinTech,8,506,12,0.298,0.709,105.0,0,0,-20.0,5.0,67,257.59,0
ACC-00178,Enterprise,FinTech,18,381,17,0.872,0.766,980.0,2,1,82.0,3.9,269,1977.17,1
ACC-00179,Enterprise,Healthcare,91,191,22,0.947,0.802,214.0,3,0,60.0,3.5,206,11047.18,0
ACC-00180,Growth,SaaS,21,274,15,0.638,0.551,0.0,0,0,75.0,2.8,358,1109.15,0
ACC-00181,Enterprise,FinTech,74,109,29,0.754,0.657,523.0,3,2,,2.4,125,7209.29,0
ACC-00182,Enterprise,SaaS,144,755,23,1.0,0.728,551.0,0,0,16.0,3.3,268,15399.4,0
ACC-00183,Growth,FinTech,11,232,16,0.423,0.188,106.0,1,1,21.0,5.0,9,433.3,0
ACC-00184,Starter,Other,6,188,10,0.68,0.485,50.0,2,1,12.0,4.6,58,77.01,0
ACC-00185,Growth,Healthcare,9,579,10,0.645,0.764,74.0,1,1,42.0,2.1,385,402.31,0
ACC-00186,Growth,Other,5,127,7,0.661,0.497,221.0,2,0,-7.0,2.9,191,176.88,0
ACC-00187,Starter,Healthcare,9,861,2,0.544,0.319,68.0,4,0,47.0,3.2,176,94.74,0
ACC-00188,Starter,E-commerce,4,794,10,0.295,0.185,90.0,1,0,41.0,3.6,12,43.75,1
ACC-00189,Growth,Healthcare,27,379,19,0.71,0.772,195.0,4,0,19.0,4.1,230,1008.28,0
ACC-00190,Starter,E-commerce,4,176,10,0.621,0.407,,1,1,85.0,2.5,331,66.0,0
ACC-00191,Enterprise,FinTech,19,138,19,0.626,0.679,376.0,0,0,59.0,4.4,182,2614.88,0
ACC-00192,Starter,FinTech,2,774,15,0.306,0.321,24.0,0,0,-39.0,3.4,161,27.9,0
ACC-00193,Starter,E-commerce,7,404,5,0.283,0.264,19.0,0,0,56.0,3.9,159,161.29,0
ACC-00194,Enterprise,SaaS,129,526,15,0.818,0.41,461.0,0,0,29.0,4.0,347,8143.82,0
ACC-00195,Starter,FinTech,1,123,8,0.401,0.415,0.0,2,0,34.0,,340,18.78,0
ACC-00196,Starter,SaaS,5,743,13,0.63,0.559,60.0,0,0,62.0,3.9,79,59.25,0
ACC-00197,Growth,E-commerce,21,472,9,0.447,0.764,,1,0,38.0,3.5,174,658.47,0
ACC-00198,Enterprise,SaaS,187,76,12,0.578,0.657,147.0,3,0,30.0,4.1,22,14938.95,0
ACC-00199,Starter,FinTech,1,81,7,0.461,0.287,,2,0,9.0,4.0,333,25.49,0
ACC-00200,Starter,FinTech,4,867,10,0.608,0.22,78.0,4,2,40.0,4.3,233,106.68,0
ACC-00201,Growth,SaaS,31,64,0,0.555,0.334,251.0,1,0,26.0,5.0,3,1655.16,0
ACC-00202,Enterprise,Other,44,279,24,0.931,0.748,819.0,2,1,52.0,3.3,112,3604.28,0
ACC-00203,Growth,FinTech,13,25,7,0.312,0.336,180.0,1,0,48.0,4.1,19,542.55,0
ACC-00204,Starter,FinTech,6,65,10,,0.471,45.0,1,0,94.0,3.4,36,151.45,0
ACC-00205,Starter,SaaS,5,734,0,0.778,0.335,53.0,0,0,18.0,3.8,271,100.44,0
ACC-00206,Starter,Other,2,691,0,0.208,0.341,59.0,2,0,20.0,3.5,306,52.81,0
ACC-00207,Starter,E-commerce,3,307,10,0.449,0.375,16.0,2,0,52.0,3.7,95,44.3,0
ACC-00208,Growth,FinTech,26,172,18,0.444,0.354,89.0,1,0,18.0,2.8,309,875.46,0
ACC-00209,Starter,SaaS,6,234,7,0.566,0.381,1.0,2,0,15.0,3.1,153,122.02,0
ACC-00210,Growth,Healthcare,13,325,24,0.573,0.501,192.0,0,0,9.0,5.0,122,554.92,0
ACC-00211,Growth,Other,38,702,8,0.631,0.548,157.0,1,0,79.0,5.0,333,1568.72,0
ACC-00212,Growth,FinTech,24,540,8,0.32,0.622,395.0,2,0,26.0,4.2,397,1382.81,0
ACC-00213,Starter,SaaS,3,407,6,0.045,0.412,62.0,0,0,37.0,3.1,217,68.69,1
ACC-00214,Enterprise,SaaS,123,74,18,0.662,0.498,114.0,2,0,,4.4,370,16114.78,0
ACC-00215,Growth,SaaS,28,116,14,0.539,0.428,38.0,1,0,55.0,5.0,33,941.35,0
ACC-00216,Growth,Healthcare,37,192,10,0.716,0.64,244.0,2,1,48.0,3.2,34,1420.15,0
ACC-00217,Starter,Other,7,201,10,0.621,0.316,1.0,3,0,49.0,3.6,307,126.84,0
ACC-00218,Starter,Other,6,447,9,0.39,0.282,73.0,0,0,24.0,3.7,65,127.14,0
ACC-00219,Enterprise,Healthcare,183,778,27,0.408,0.692,1030.0,3,0,43.0,4.1,278,22153.78,0
ACC-00220,Starter,SaaS,8,387,5,0.399,0.216,79.0,1,0,41.0,3.6,384,90.94,0
ACC-00221,Starter,Other,5,305,9,0.643,0.148,70.0,3,0,39.0,3.9,282,52.0,0
ACC-00222,Growth,FinTech,27,508,16,0.471,0.461,259.0,2,0,62.0,4.0,158,1243.9,0
ACC-00223,Growth,FinTech,11,81,13,,0.508,142.0,2,0,33.0,2.2,183,654.07,0
ACC-00224,Enterprise,Healthcare,155,659,19,0.921,0.884,696.0,3,1,52.0,3.0,151,16372.78,0
ACC-00225,Starter,SaaS,4,63,0,0.509,0.283,53.0,1,0,19.0,,375,51.49,0
ACC-00226,Enterprise,Healthcare,69,326,20,0.784,0.556,338.0,3,0,51.0,4.0,147,7789.15,0
ACC-00227,Starter,Other,9,858,10,0.703,0.227,92.0,0,0,16.0,3.1,327,179.57,0
ACC-00228,Growth,Healthcare,35,372,13,0.439,0.412,47.0,3,1,100.0,3.0,291,899.61,0
ACC-00229,Growth,Healthcare,9,676,9,0.77,0.481,172.0,0,0,57.0,3.1,366,385.8,0
ACC-00230,Starter,FinTech,3,255,0,0.738,0.218,82.0,1,0,14.0,3.4,84,74.02,0
ACC-00231,Starter,SaaS,3,768,9,0.616,0.099,17.0,0,0,38.0,3.9,44,58115.87463937008,0
ACC-00232,Starter,Healthcare,1,314,7,0.414,0.573,52.0,1,1,37.0,3.7,95,10.94,0
ACC-00233,Enterprise,E-commerce,50,215,26,0.746,0.657,2153.0,0,0,42.0,4.2,324,4132.17,0
ACC-00234,Growth,Other,21,59,6,0.636,0.36,272.0,0,0,18.0,4.5,94,1048.06,1
ACC-00235,Enterprise,SaaS,45,285,18,0.693,0.735,508.0,0,0,-14.0,,284,3904.5,0
ACC-00236,Enterprise,FinTech,167,527,14,0.509,0.764,591.0,2,0,78.0,4.5,335,18435.12,0
ACC-00237,Growth,FinTech,24,70,18,0.388,1.0,205.0,1,1,37.0,3.1,161,862.95,0
ACC-00238,Growth,Healthcare,5,167,19,0.489,0.402,97.0,1,0,58.0,3.4,388,172.51,0
ACC-00239,Starter,Healthcare,9,321,16,0.362,0.208,81.0,2,0,8.0,5.0,75,108.57,0
ACC-00240,Starter,Other,7,648,9,0.368,0.326,14.0,1,0,58.0,3.3,317,171.41,0
ACC-00241,Enterprise,FinTech,74,542,24,,0.906,1128.0,1,0,37.0,3.9,214,5315.24,0
ACC-00242,Growth,FinTech,25,51,15,0.404,0.43,213.0,1,1,36.0,3.3,279,1486.71,0
ACC-00243,Starter,SaaS,8,46,10,0.482,0.234,8.0,0,0,6.0,3.9,350,81.73,0
ACC-00244,Growth,SaaS,3,67,13,0.649,0.383,374.0,2,1,38.0,5.0,215,191.71,0
ACC-00245,Growth,FinTech,29,306,16,,0.577,261.0,2,1,59.0,3.3,316,1497.49,0
ACC-00246,Enterprise,E-commerce,147,266,30,0.745,0.747,789.0,0,0,37.0,3.4,196,10246.65,0
ACC-00247,Growth,FinTech,32,117,14,0.582,0.669,48.0,1,0,85.0,4.9,182,1708.88,0
ACC-00248,Starter,FinTech,2,402,7,0.709,0.383,41.0,1,0,51.0,3.1,300,33.78,0
ACC-00249,Starter,E-commerce,7,537,8,0.259,0.266,65.0,1,0,83.0,4.5,27,176.7,0
ACC-00250,Growth,Healthcare,388,628,12,0.413,0.352,2.0,2,0,20.0,3.6,319,499.87,0
ACC-00251,Growth,SaaS,36,895,14,0.611,0.644,191.0,0,0,9.0,3.6,20,1056.64,0
ACC-00252,Enterprise,FinTech,94,627,19,0.806,0.563,453.0,2,0,25.0,4.5,214,11290.75,0
ACC-00253,Growth,Healthcare,20,887,18,0.56,0.126,120.0,1,0,19.0,3.4,207,582.17,0
ACC-00254,Starter,Healthcare,3,876,12,0.476,0.223,26.0,1,0,26.0,4.4,216,33.64,0
ACC-00255,Starter,Healthcare,2,764,17,0.351,0.259,75.0,1,0,44.0,3.8,84,31.0,0
ACC-00256,Growth,SaaS,21,325,13,0.62,0.5,266.0,0,0,47.0,2.6,189,1031.11,0
ACC-00257,Enterprise,E-commerce,16,52,21,,0.734,625.0,1,0,23.0,4.0,53,1942.27,0
ACC-00258,Starter,Other,9,66,8,0.584,0.287,25.0,4,0,43.0,3.7,266,102.95,0
ACC-00259,Starter,FinTech,1,785,8,0.443,0.413,62.0,1,1,12.0,2.4,8,27.73,0
ACC-00260,Growth,FinTech,11,777,18,0.264,0.668,107.0,2,1,33.0,,324,450.56,0
ACC-00261,Starter,Other,5,288,0,0.571,0.214,70.0,2,1,24.0,,196,79.2,0
ACC-00262,Enterprise,SaaS,170,661,22,0.756,0.631,505.0,1,0,20.0,3.7,145,14025.34,0
ACC-00263,Starter,Healthcare,3,416,16,0.505,0.469,81.0,1,0,58.0,2.3,157,80.04,0
ACC-00264,Starter,Other,1,74,13,0.362,0.322,71.0,2,0,28.0,5.0,317,16.64,1
ACC-00265,Enterprise,SaaS,145,593,26,0.832,0.724,450.0,2,0,47.0,4.2,179,8478.09,0
ACC-00266,Starter,Healthcare,2,87,11,0.539,0.212,59.0,1,0,19.0,2.3,38,25.97,0
ACC-00267,Starter,FinTech,1,129,4,0.481,0.554,0.0,2,1,40.0,3.1,19,18.41,0
ACC-00268,Starter,Other,4,436,4,0.635,0.294,37.0,1,1,50.0,4.6,247,86.78,0
ACC-00269,Starter,Other,7,76,4,,,35.0,0,0,64.0,4.4,371,115.72,0
ACC-00270,Starter,Other,9,316,2,,0.379,0.0,3,0,26.0,4.4,214,195.88,0
ACC-00271,Starter,SaaS,6,681,11,0.45,0.02,0.0,1,1,10.0,1.5,285,61.27,0
ACC-00272,Starter,Healthcare,2,542,14,0.657,0.192,71.0,0,0,37.0,4.6,244,26.62,0
ACC-00273,Starter,Other,4,63,9,0.53,0.628,34.0,3,0,0.0,,363,64.14,0
ACC-00274,Growth,E-commerce,16,208,17,0.566,0.739,214.0,0,0,55.0,5.0,65,629.77,0
ACC-00275,Growth,E-commerce,18,894,14,0.433,0.624,,1,0,34.0,3.4,395,478.55,0
ACC-00276,Starter,SaaS,9,863,10,,0.257,73.0,2,0,5.0,3.8,392,128.67,0
ACC-00277,Starter,Other,6,828,0,0.539,0.181,0.0,2,0,25.0,5.0,333,62.99,0
ACC-00278,Growth,SaaS,18,467,14,0.448,0.75,37.0,1,0,59.0,4.2,4,606.21,0
ACC-00279,Enterprise,FinTech,50,395,18,0.759,0.671,788.0,0,0,12.0,2.2,311,3952.41,0
ACC-00280,Enterprise,Other,111,679,20,0.85,0.696,558.0,0,0,54.0,4.3,344,15398.57,0
ACC-00281,Starter,Other,4,861,8,0.673,0.37,6.0,1,0,78.0,,301,56.04,0
ACC-00282,Starter,Other,6,125,4,0.464,0.376,46.0,2,0,64.0,3.6,66,157.81,0
ACC-00283,Starter,FinTech,9,807,2,0.462,0.205,54.0,2,0,48.0,4.2,337,124.74,0
ACC-00284,Starter,SaaS,5,560,4,0.259,0.456,0.0,0,0,37.0,3.5,21,66.98,0
ACC-00285,Growth,FinTech,14,138,6,,0.546,228.0,2,1,18.0,3.6,224,518.26,0
ACC-00286,Starter,SaaS,9,780,2,0.649,0.47,80.0,1,0,61.0,4.4,149,140.29,0
ACC-00287,Starter,Other,3,42,2,0.67,0.36,92.0,2,0,54.0,3.3,394,48.08,0
ACC-00288,Starter,E-commerce,1,34,1,0.189,0.283,30.0,3,0,80.0,4.6,103,15.79,0
ACC-00289,Growth,FinTech,30,339,15,0.479,0.401,126.0,1,0,46.0,4.6,237,1779.63,0
ACC-00290,Starter,SaaS,8,492,3,0.281,0.369,44.0,2,0,42.0,4.5,13,121.71,0
ACC-00291,Enterprise,FinTech,68,392,12,0.969,0.588,477.0,2,0,67.0,4.4,225,5951.09,0
ACC-00292,Starter,Other,3,232,5,0.508,0.338,12.0,2,0,66.0,5.0,86,67.58,0
ACC-00293,Enterprise,Healthcare,91,596,15,0.791,0.898,1181.0,1,0,-11.0,5.0,65,8278.36,0
ACC-00294,Starter,SaaS,8,437,14,0.321,0.399,105.0,2,0,70.0,3.1,25,167.94,0
ACC-00295,Enterprise,SaaS,81,120,21,0.807,0.533,,1,0,58.0,1.4,324,8515.32,0
ACC-00296,Enterprise,FinTech,1,736,13,0.837,0.752,570.0,4,0,28.0,3.4,128,9388.04,0
ACC-00297,Enterprise,SaaS,108,287,23,0.814,0.66,289.0,0,0,44.0,5.0,69,8574.65,0
ACC-00298,Enterprise,Other,198,625,20,0.753,0.704,530.0,0,0,62.0,3.6,351,18602.73,0
ACC-00299,Growth,E-commerce,38,325,12,0.454,0.813,226.0,1,0,69.0,4.4,317,2160.91,0
ACC-00300,Growth,SaaS,10,682,20,0.576,,246.0,0,0,55.0,3.9,50,274.2,0
ACC-00301,Growth,Healthcare,34,263,9,0.623,0.706,139.0,0,0,47.0,3.3,192,1765.5,0
ACC-00302,Starter,FinTech,7,201,12,0.701,0.295,21.0,1,0,54.0,4.7,114,160.44,0
ACC-00303,Growth,SaaS,23,79,11,0.687,0.413,76.0,0,0,55.0,4.2,63,742.69,0
ACC-00304,Growth,E-commerce,15,751,13,0.773,,300.0,3,0,98.0,4.3,61,452.42,0
ACC-00305,Enterprise,SaaS,154,653,17,0.719,,528.0,0,0,73.0,5.0,365,21103.3,0
ACC-00306,Growth,FinTech,28,557,10,,0.624,125.0,1,1,54.0,3.1,209,785.88,0
ACC-00307,Starter,Other,6,552,5,0.744,0.385,7.0,1,0,17.0,3.9,158,98.28,0
ACC-00308,Growth,Other,23,75,4,0.377,,252.0,3,1,57.0,3.0,365,920.4,0
ACC-00309,Starter,FinTech,9,379,9,0.482,0.261,10.0,6,1,32.0,3.9,351,143.75,1
ACC-00310,Starter,E-commerce,5,778,8,,0.201,62.0,1,0,33.0,2.9,345,89.88,0
ACC-00311,Growth,SaaS,31,270,6,0.579,0.22,142.0,1,0,16.0,3.3,69,1202.91,0
ACC-00312,Starter,E-commerce,3,63,10,0.226,0.291,59.0,1,0,42.0,4.1,258,76.81,1
ACC-00313,Starter,SaaS,1,757,14,0.46,0.449,18.0,1,0,42.0,4.6,382,25.72,0
ACC-00314,Starter,E-commerce,7,39,4,0.852,0.723,21.0,2,0,77.0,3.9,81,187.42,0
ACC-00315,Starter,SaaS,2,624,3,0.748,0.341,32.0,1,0,31.0,3.4,3,35.07,1
ACC-00316,Starter,Other,7,752,12,0.431,0.396,29.0,3,0,48.0,3.9,378,189.89,0
ACC-00317,Starter,Other,5,674,9,0.581,0.02,72.0,2,1,62.0,3.7,47,61.86,0
ACC-00318,Growth,FinTech,3,25,12,0.62,0.545,248.0,2,0,52.0,2.8,389,1353.93,0
ACC-00319,Starter,Healthcare,4,808,11,0.514,0.534,71.0,3,1,40.0,4.2,283,76.48,0
ACC-00320,Enterprise,SaaS,94,92,21,0.69,0.748,948.0,0,0,74.0,3.7,172,5948.77,0
ACC-00321,Enterprise,Healthcare,138,768,26,0.507,0.755,1064.0,1,0,-34.0,3.1,386,12918.93,0
ACC-00322,Growth,FinTech,29,29,13,0.755,0.331,171.0,1,0,79.0,4.0,265,865.08,0
ACC-00323,Starter,SaaS,2,448,9,0.753,0.487,0.0,1,0,,2.0,18,33.92,0
ACC-00324,Growth,E-commerce,24,793,18,0.645,0.351,252.0,0,0,68.0,2.2,297,671.42,0
ACC-00325,Enterprise,FinTech,119,247,9,0.954,0.785,774.0,5,1,58.0,4.2,302,10457.12,0
ACC-00326,Growth,E-commerce,33,53,18,0.377,0.54,88.0,1,0,45.0,,188,1569.05,0
ACC-00327,Enterprise,E-commerce,23,92,18,0.927,0.631,467.0,2,0,,5.0,59,3062.27,0
ACC-00328,Growth,SaaS,20,344,15,0.691,0.607,174.0,3,0,39.0,3.8,347,645.48,0
ACC-00329,Growth,SaaS,30,333,20,0.667,0.718,161.0,0,0,49.0,2.7,388,1249.11,0
ACC-00330,Starter,E-commerce,3,206,6,0.57,0.093,47.0,0,0,,3.2,341,76.44,0
ACC-00331,Growth,E-commerce,19,419,11,0.53,0.39,220.0,2,0,40.0,3.8,9,1062.83,0
ACC-00332,Starter,SaaS,1,316,7,0.351,0.427,70.0,2,1,74.0,3.7,362,12.31,0
ACC-00333,Growth,FinTech,29,537,6,0.581,0.537,62.0,3,0,54.0,2.5,33,1142.12,0
ACC-00334,Enterprise,E-commerce,82,271,30,0.616,0.668,493.0,2,1,60.0,3.9,373,6674.95,0
ACC-00335,Starter,E-commerce,9,292,7,0.444,0.271,28.0,1,0,40.0,2.1,267,173.68,0
ACC-00336,Growth,Healthcare,33,800,20,0.54,0.612,322.0,1,0,,4.9,101,1710.61,0
ACC-00337,Starter,FinTech,5,709,6,0.607,0.191,52.0,1,0,20.0,3.1,137,126.52,0
ACC-00338,Growth,E-commerce,18,695,13,0.71,0.692,158.0,0,0,43.0,3.3,188,889.45,0
ACC-00339,Starter,E-commerce,1,350,11,0.654,0.321,76.0,3,1,6.0,4.5,193,27.69,0
ACC-00340,Enterprise,FinTech,104,798,15,0.498,0.607,453.0,3,0,,4.2,26,9241.08,0
ACC-00341,Starter,SaaS,2,316,7,0.201,0.499,29.0,0,0,17.0,4.5,25,23.59,0
ACC-00342,Enterprise,SaaS,150,651,24,0.767,0.299,627.0,5,1,66.0,4.4,306,8281.99,0
ACC-00343,Enterprise,Healthcare,26,679,19,0.69,0.866,212.0,2,1,61.0,3.9,109,2299.92,0
ACC-00344,Growth,SaaS,19,306,11,0.123,0.426,,0,0,65.0,2.6,87,1045.56,0
ACC-00345,Growth,E-commerce,26,559,18,0.43,0.854,268.0,3,0,44.0,2.3,300,1250.86,0
ACC-00346,Growth,E-commerce,10,178,19,0.34,0.657,57.0,0,0,64.0,3.7,127,498.04,0
ACC-00347,Enterprise,FinTech,19,354,27,0.944,0.739,911.0,3,2,56.0,3.6,377,1930.21,0
ACC-00348,Starter,Healthcare,2,483,4,0.458,,0.0,2,0,15.0,4.2,75,225.07,0
ACC-00349,Growth,Healthcare,34,603,10,0.236,0.607,199.0,1,0,-14.0,,215,1044.17,0
ACC-00350,Starter,SaaS,4,330,5,0.66,0.479,35.0,2,0,25.0,2.9,32,46.12,0
ACC-00351,Growth,Healthcare,26,644,16,0.358,0.436,166.0,0,0,52.0,3.6,261,1435.64,0
ACC-00352,Starter,E-commerce,1,584,2,0.54,0.241,22.0,0,0,83.0,3.3,252,19.46,0
ACC-00353,Growth,FinTech,32,779,8,0.427,0.635,58.0,0,0,57.0,2.4,183,1184.74,0
ACC-00354,Growth,Healthcare,17,48,10,0.538,0.427,122.0,0,0,15.0,,32,624.86,0
ACC-00355,Growth,Healthcare,28,468,9,0.36,0.485,196.0,2,0,45.0,5.0,350,928.56,0
ACC-00356,Growth,FinTech,20,645,17,0.649,0.505,128.0,1,0,57.0,3.8,281,994.64,0
ACC-00357,Growth,Other,14,388,17,0.311,0.391,8.0,0,0,60.0,4.7,78,744.12,0
ACC-00358,Growth,E-commerce,25,279,11,,0.598,56.0,1,0,36.0,5.0,132,820.15,0
ACC-00359,Growth,E-commerce,26,529,12,0.821,0.394,36.0,2,0,15.0,3.8,395,72190.27673490874,0
ACC-00360,Growth,SaaS,28,423,2,0.977,0.28,119.0,1,1,65.0,4.2,399,797.01,1
ACC-00361,Enterprise,SaaS,145,394,18,0.619,0.65,693.0,2,0,7.0,3.3,213,13058.45,0
ACC-00362,Starter,FinTech,4,881,13,0.181,0.317,31.0,2,0,,2.7,179,40.85,0
ACC-00363,Starter,E-commerce,9,388,5,0.566,0.302,31.0,0,0,18.0,3.1,397,219.42,0
ACC-00364,Starter,E-commerce,3,204,2,0.367,0.242,61.0,0,0,-26.0,5.0,56,34.8,0
ACC-00365,Growth,Healthcare,22,28,19,0.52,0.545,175.0,0,0,37.0,3.4,83,1227.95,0
ACC-00366,Starter,SaaS,5,118,2,0.547,0.374,66.0,0,0,35.0,3.6,242,109.32,0
ACC-00367,Growth,Healthcare,25,489,20,0.764,0.729,,1,0,19.0,3.0,34,1067.78,0
ACC-00368,Growth,Healthcare,9,199,26,0.579,,131.0,1,0,69.0,3.8,383,359.94,0
ACC-00369,Starter,Healthcare,1,111,7,0.619,0.214,23.0,0,0,-4.0,4.5,162,18.51,1
ACC-00370,Enterprise,Healthcare,43,325,26,0.917,0.874,750.0,0,0,51.0,,331,5706.1,0
ACC-00371,Growth,Other,24,227,5,0.514,0.438,88.0,0,0,55.0,2.1,72,1132.62,0
ACC-00372,Starter,SaaS,2,489,0,0.325,0.341,0.0,1,0,44.0,3.5,43,35.26,0
ACC-00373,Starter,Healthcare,5,63,3,0.244,0.466,4.0,1,0,34.0,4.2,296,86.51,0
ACC-00374,Starter,Other,4,882,11,0.301,0.397,9.0,1,0,13.0,4.4,87,54.02,0
ACC-00375,Starter,E-commerce,1,821,7,0.582,0.518,64.0,0,0,34.0,4.6,170,11.9,0
ACC-00376,Starter,SaaS,5,784,6,0.05,0.177,0.0,5,1,56.0,3.3,352,138.98,0
ACC-00377,Enterprise,Other,168,165,14,0.479,0.584,539.0,4,0,,2.3,88,13070.52,0
ACC-00378,Growth,SaaS,10,647,12,0.687,0.203,102.0,2,1,-16.0,,362,420.4,0
ACC-00379,Starter,FinTech,3,26,4,0.67,0.479,0.0,2,0,25.0,4.1,332,53.41,0
ACC-00380,Growth,SaaS,30,652,9,0.751,0.458,134.0,1,0,25.0,3.8,23,1383.25,0
ACC-00381,Growth,FinTech,5,720,8,0.818,0.639,91.0,2,0,,4.3,65,253.33,0
ACC-00382,Enterprise,FinTech,51,265,21,0.831,0.86,715.0,0,0,21.0,,140,4062.65,0
ACC-00383,Growth,FinTech,35,424,10,0.736,0.372,3.0,1,1,81.0,4.2,164,1690.24,0
ACC-00384,Growth,Other,28,836,13,0.473,0.679,28.0,0,0,,2.0,151,785.79,0
ACC-00385,Starter,FinTech,5,189,0,0.362,,0.0,1,1,53.0,4.3,343,139.09,0
ACC-00386,Enterprise,E-commerce,145,492,22,,0.735,592.0,1,0,45.0,4.5,263,9266.38,0
ACC-00387,Growth,Other,20,283,14,0.442,0.595,18.0,0,0,-21.0,4.0,26,906.68,0
ACC-00388,Enterprise,Healthcare,50,157,19,0.806,1.0,445.0,1,0,68.0,3.2,245,5654.86,0
ACC-00389,Starter,SaaS,4,618,8,0.711,0.429,34.0,2,1,2.0,3.6,4,57.97,0
ACC-00390,Enterprise,SaaS,61,855,24,0.972,0.681,669.0,1,1,19.0,4.6,307,5061.44,0
ACC-00391,Growth,E-commerce,24,514,6,0.52,0.475,122.0,4,1,28.0,4.3,181,645.9,0
ACC-00392,Starter,Other,4,462,7,0.271,,54.0,1,0,41.0,,399,45.93,1
ACC-00393,Growth,E-commerce,32,486,7,0.369,0.43,108.0,4,1,11.0,4.3,138,1542.81,0
ACC-00394,Growth,SaaS,23,151,13,0.603,,,0,0,14.0,4.2,57,863.93,0
ACC-00395,Starter,Healthcare,5,192,6,0.384,,0.0,2,1,62.0,,198,86.42,1
ACC-00396,Growth,E-commerce,6,665,13,0.817,0.337,266.0,1,1,,3.7,3,345.56,0
ACC-00397,Enterprise,E-commerce,101,533,24,0.991,0.724,2497.0,5,0,32.0,4.6,80,6183.08,0
ACC-00398,Starter,Other,8,221,11,0.215,0.554,68.0,4,1,57.0,,146,82.54,0
ACC-00399,Growth,Healthcare,19,31,18,0.544,0.613,374.0,0,0,33.0,2.8,180,975.61,0
ACC-00400,Growth,E-commerce,36,180,11,0.554,0.417,,2,1,61.0,3.0,285,2124.08,0
ACC-00401,Starter,E-commerce,5,461,10,0.579,0.092,,1,0,51.0,3.0,353,66.73,0
ACC-00402,Enterprise,E-commerce,131,251,22,0.86,0.672,636.0,2,0,52.0,2.7,225,7710.13,0
ACC-00403,Growth,E-commerce,7,661,11,0.565,0.467,188.0,2,1,15.0,2.9,244,406.05,0
ACC-00404,Starter,FinTech,3,526,8,0.602,0.619,44.0,0,0,26.0,5.0,21,64.83,0
ACC-00405,Enterprise,Healthcare,42,144,19,0.695,0.518,3137.0,1,1,39.0,3.6,163,4110.75,0
ACC-00406,Enterprise,E-commerce,74,273,26,0.915,,223.0,0,0,30.0,5.0,101,8134.42,0
ACC-00407,Starter,FinTech,9,45,11,0.214,0.313,0.0,0,0,53.0,4.6,276,118.1,0
ACC-00408,Enterprise,SaaS,72,50,18,0.609,0.812,297.0,1,0,-5.0,2.7,271,7334.02,0
ACC-00409,Starter,Healthcare,7,680,5,0.363,0.02,78.0,2,1,78.0,3.3,229,166.0,0
ACC-00410,Enterprise,E-commerce,180,357,24,0.35,0.56,1088.0,3,1,76.0,2.9,388,24177.81,0
ACC-00411,Growth,FinTech,6,795,19,0.731,0.774,239.0,4,1,51.0,4.2,350,292.72,0
ACC-00412,Growth,FinTech,37,221,14,0.472,0.531,217.0,4,1,31.0,3.8,178,1847.97,0
ACC-00413,Starter,SaaS,1,298,10,0.318,0.353,,2,0,30.0,2.4,290,25.47,1
ACC-00414,Enterprise,Other,44,467,26,,0.774,693.0,0,0,27.0,3.5,363,6122.95,0
ACC-00415,Starter,Other,9,262,6,0.564,0.104,70.0,2,1,,3.8,89,114.51,0
ACC-00416,Starter,E-commerce,9,421,7,0.232,0.327,2.0,1,0,25.0,3.9,293,190.1,0
ACC-00417,Starter,FinTech,5,122,9,0.357,0.392,52.0,3,1,27.0,2.8,293,55.6,0
ACC-00418,Growth,Healthcare,7,83,11,0.328,0.661,65.0,2,1,-3.0,3.2,224,239.0,0
ACC-00419,Starter,E-commerce,3,776,15,0.02,0.378,45.0,2,0,40.0,3.8,22,54.21,0
ACC-00420,Enterprise,Other,99,231,18,0.84,0.608,,1,0,30.0,3.8,248,13488.19,0
ACC-00421,Growth,SaaS,11,104,13,0.464,0.393,223.0,0,0,81.0,2.9,142,542.49,0
ACC-00422,Starter,SaaS,2,263,16,0.481,0.113,48.0,1,0,39.0,3.6,188,40.62,0
ACC-00423,Starter,E-commerce,6,385,0,0.736,0.237,56.0,0,0,-22.0,3.3,106,97.02,0
ACC-00424,Starter,SaaS,520,443,8,0.148,0.249,0.0,0,0,48.0,,375,173.16,0
ACC-00425,Growth,E-commerce,13,692,10,0.462,0.259,143.0,4,1,44.0,3.5,299,464.04,0
ACC-00426,Enterprise,Healthcare,97,742,20,0.738,0.597,857.0,4,1,21.0,4.2,236,7456.71,0
ACC-00427,Starter,SaaS,6,272,2,0.068,0.531,0.0,4,1,89.0,4.4,367,119.1,0
ACC-00428,Enterprise,FinTech,149,207,18,0.677,0.745,553.0,2,1,45.0,,373,19567.87,0
ACC-00429,Starter,Healthcare,5,123,7,0.555,0.29,78.0,2,0,17.0,4.4,312,65.71,1
ACC-00430,Enterprise,Healthcare,175,154,21,0.565,0.693,388.0,3,0,72.0,3.5,148,20477.7,0
ACC-00431,Enterprise,FinTech,176,39,24,0.591,0.378,513.0,2,0,42.0,2.7,194,23756.6,0
ACC-00432,Growth,SaaS,2,14,3,0.69,0.733,76.0,1,0,35.0,2.7,246,1139.82,0
ACC-00433,Growth,E-commerce,32,384,12,0.554,0.57,128.0,0,0,22.0,4.1,90,1062.73,0
ACC-00434,Enterprise,FinTech,146,551,19,0.861,,558.0,0,0,31.0,5.0,177,19538.14,0
ACC-00435,Starter,Healthcare,3,739,7,0.529,0.168,22.0,2,0,1.0,3.1,331,46.86,0
ACC-00436,Starter,E-commerce,2,302,7,0.175,0.227,97.0,1,0,30.0,4.9,51,30.64,0
ACC-00437,Starter,SaaS,5,270,3,,0.347,0.0,3,1,13.0,2.5,171,64.89,0
ACC-00438,Growth,Healthcare,14,607,6,,,47.0,2,1,66.0,3.8,149,772.97,0
ACC-00439,Growth,E-commerce,35,578,14,0.805,0.299,169.0,0,0,39.0,2.4,43,1075.19,0
ACC-00440,Growth,SaaS,21,625,9,0.362,0.424,258.0,0,0,76.0,3.1,157,1171.43,0
ACC-00441,Enterprise,E-commerce,114,164,22,0.405,0.642,,2,0,73.0,2.8,82,8133.49,0
ACC-00442,Starter,Other,7,53,3,0.506,0.342,70.0,2,0,15.0,4.6,5,76.99,1
ACC-00443,Growth,Healthcare,26,496,16,0.277,0.494,160.0,2,0,41.0,,192,1460.7,0
ACC-00444,Starter,FinTech,8,384,7,0.304,0.09,31.0,1,0,39.0,,126,159.57,0
ACC-00445,Starter,Healthcare,7,242,7,0.4,0.352,2.0,2,0,42.0,3.0,353,149.91,0
ACC-00446,Growth,FinTech,11,871,12,0.663,0.597,104.0,3,0,66.0,5.0,12,408.41,0
ACC-00447,Enterprise,E-commerce,75,154,18,0.797,0.817,558.0,0,0,36.0,5.0,220,4734.49,0
ACC-00448,Growth,E-commerce,22,257,12,0.783,0.624,117.0,3,1,41.0,4.2,277,1276.19,0
ACC-00449,Starter,SaaS,1,678,12,0.469,0.225,43.0,1,0,39.0,3.4,76,19.97,0
ACC-00450,Growth,FinTech,38,483,6,0.522,1.0,313.0,2,2,39.0,2.9,267,1920.94,0
ACC-00451,Starter,Other,2,219,4,0.659,,20.0,1,0,14.0,3.3,348,51.95,1
ACC-00452,Enterprise,SaaS,33,490,25,,0.796,,2,0,24.0,3.1,148,4170.18,0
ACC-00453,Growth,Healthcare,355,385,17,0.432,0.422,219.0,2,1,-19.0,4.5,173,1122.78,0
ACC-00454,Starter,E-commerce,1,244,13,0.55,0.298,47.0,0,0,48.0,3.4,273,20.48,0
ACC-00455,Starter,E-commerce,8,608,7,0.54,0.316,57.0,1,0,42.0,3.8,81,141.83,0
ACC-00456,Starter,SaaS,4,704,1,0.366,0.192,45.0,1,0,44.0,5.0,209,96.54,0
ACC-00457,Enterprise,SaaS,80,74,15,0.76,0.643,67.0,1,0,75.0,3.6,381,9795.01,0
ACC-00458,Growth,SaaS,13,17,12,0.55,0.423,184.0,2,0,54.0,3.6,189,617.58,1
ACC-00459,Growth,E-commerce,8,814,16,0.571,0.322,80.0,1,0,68.0,4.7,143,208.58,1
ACC-00460,Growth,Other,31,214,12,0.357,0.518,,2,1,65.0,4.4,173,1761.68,0
ACC-00461,Growth,Other,36,90,12,0.652,0.318,141.0,2,1,81.0,4.1,353,1184.83,0
ACC-00462,Starter,SaaS,1,538,9,0.551,0.275,21.0,1,0,70.0,2.2,375,10.59,0
ACC-00463,Enterprise,SaaS,108,299,20,0.842,0.798,1302.0,3,1,17.0,5.0,48,14519.52,0
ACC-00464,Starter,SaaS,4,826,5,0.384,0.342,2122.0,1,0,54.0,4.3,253,79.76,0
ACC-00465,Growth,Other,13,864,8,0.666,,209.0,2,0,56.0,4.3,315,476.19,0
ACC-00466,Growth,SaaS,11,22,17,0.736,0.288,125.0,1,1,49.0,4.8,396,67412.39655272345,1
ACC-00467,Growth,SaaS,18,183,18,0.634,0.703,217.0,1,0,89.0,4.6,46,618.03,0
ACC-00468,Enterprise,E-commerce,109,546,15,0.791,0.705,414.0,1,0,,3.5,3,8755.65,0
ACC-00469,Starter,E-commerce,5,311,5,0.542,0.17,33.0,1,0,53.0,5.0,142,115.82,0
ACC-00470,Growth,SaaS,38,16,16,0.668,0.743,129.0,0,0,37.0,3.2,57,1535.12,0
ACC-00471,Starter,E-commerce,6,423,2,0.087,0.336,53.0,0,0,34.0,2.0,47,117.05,0
ACC-00472,Growth,SaaS,25,565,15,0.761,0.712,2214.0,2,0,30.0,3.5,350,791.87,1
ACC-00473,Starter,SaaS,5,891,6,0.434,0.265,59.0,1,0,16.0,,57,98.33,1
ACC-00474,Starter,SaaS,6,378,2,0.536,0.096,38.0,1,0,49.0,,309,77.39,0
ACC-00475,Starter,FinTech,6,713,15,0.827,0.364,0.0,3,0,81.0,3.1,308,84.18,0
ACC-00476,Starter,Other,6,398,5,0.274,,48.0,1,0,34.0,,358,73.92,0
ACC-00477,Growth,E-commerce,18,608,15,0.356,0.456,256.0,5,1,46.0,3.4,252,478.04,1
ACC-00478,Growth,Healthcare,5,871,8,0.534,0.623,,0,0,17.0,3.9,200,143.81,0
ACC-00479,Growth,FinTech,25,733,20,0.334,0.378,174.0,3,1,-6.0,3.0,73,1002.62,0
ACC-00480,Starter,Healthcare,1,618,16,0.29,0.312,42.0,1,0,38.0,3.2,239,22.39,0
ACC-00481,Starter,Other,5,747,0,,0.155,20.0,3,0,22.0,2.3,166,119.56,0
ACC-00482,Starter,FinTech,4,188,6,0.627,0.514,35.0,1,0,14.0,,61,40.48,0
ACC-00483,Growth,Other,38,719,19,0.529,0.692,274.0,2,0,-4.0,4.4,67,1102.04,0
ACC-00484,Starter,E-commerce,1,897,5,0.295,0.472,26.0,2,0,0.0,4.3,100,18.06,0
ACC-00485,Starter,Healthcare,2,876,9,0.415,0.328,53.0,1,0,,,262,43.64,0
ACC-00486,Starter,SaaS,5,241,0,0.263,0.355,48.0,2,0,85.0,4.0,136,133.83,0
ACC-00487,Growth,E-commerce,15,392,9,,,241.0,2,0,24.0,,251,514.45,0
ACC-00488,Starter,E-commerce,5,621,8,0.715,0.383,23.0,4,1,51.0,3.3,325,103.91,0
ACC-00489,Growth,Other,32,79,10,0.622,0.474,107.0,2,1,,2.0,277,845.55,0
ACC-00490,Growth,Other,37,616,11,0.326,0.33,153.0,1,0,20.0,3.9,34,1803.05,0
ACC-00491,Growth,FinTech,27,258,6,0.594,0.374,77.0,3,0,1.0,3.8,326,897.35,0
ACC-00492,Growth,Other,22,766,16,0.566,0.725,80.0,1,0,30.0,4.0,11,800.45,0
ACC-00493,Growth,Other,18,557,7,0.501,0.319,297.0,2,2,-19.0,5.0,299,656.3,0
ACC-00494,Starter,E-commerce,7,367,14,0.209,0.299,,4,2,13.0,,314,143.6,1
ACC-00495,Growth,SaaS,32,58,10,,0.411,211.0,1,0,27.0,4.8,82,1312.91,0
ACC-00496,Growth,SaaS,24,630,17,0.458,0.725,84.0,4,0,24.0,4.1,346,1396.63,0
ACC-00497,Growth,SaaS,6,489,16,0.682,0.379,146.0,3,2,48.0,3.2,15,285.61,0
ACC-00498,Growth,SaaS,18,568,9,0.699,0.474,192.0,1,0,55.0,4.5,126,844.08,0
ACC-00499,Starter,Other,1,29,4,0.293,0.429,53.0,2,0,34.0,3.7,318,15.12,0
ACC-00500,Growth,SaaS,12,400,11,0.404,0.599,84.0,3,1,65.0,4.0,27,676.8,1
ACC-00501,Growth,Healthcare,21,683,11,0.428,0.503,3695.0,2,0,-7.0,3.0,133,707.53,0
ACC-00502,Enterprise,E-commerce,114,825,14,0.776,,755.0,0,0,56.0,3.4,393,11559.76,0
ACC-00503,Enterprise,E-commerce,130,325,22,0.84,0.622,559.0,0,0,34.0,2.7,360,16313.04,0
ACC-00504,Growth,SaaS,28,237,10,0.534,0.327,242.0,2,0,,4.3,9,946.03,0
ACC-00505,Growth,E-commerce,32,639,12,0.791,0.418,166.0,1,0,58.0,5.0,298,1266.93,0
ACC-00506,Growth,E-commerce,638,212,18,0.819,,145.0,2,1,45.0,3.2,106,532.16,0
ACC-00507,Starter,E-commerce,7,800,10,0.354,0.653,35.0,3,1,25.0,4.0,184,78.14,0
ACC-00508,Enterprise,SaaS,198,572,17,,0.761,589.0,1,0,64.0,3.2,128,17069.12,0
ACC-00509,Growth,Healthcare,15,833,18,0.577,0.666,86.0,1,0,39.0,,280,773.96,0
ACC-00510,Starter,SaaS,8,182,10,0.758,0.27,56.0,1,0,59.0,3.4,358,198.83,0
ACC-00511,Starter,E-commerce,1,88,4,0.527,0.426,0.0,1,0,47.0,3.7,34,46786.2893963841,0
ACC-00512,Enterprise,FinTech,152,749,18,0.722,0.841,447.0,3,0,10.0,4.6,48,8364.29,0
ACC-00513,Starter,SaaS,6,269,12,0.57,0.196,14.0,2,0,-3.0,4.3,5,126.17,0
ACC-00514,Starter,Healthcare,5,314,11,0.702,0.274,72.0,2,0,11.0,3.9,69,133.81,0
ACC-00515,Starter,SaaS,3,251,0,0.248,0.436,37.0,0,0,45.0,4.1,237,56.09,0
ACC-00516,Starter,Other,5,387,2,0.258,0.349,41.0,2,0,24.0,2.2,224,133.24,0
ACC-00517,Starter,Other,9,810,10,0.194,0.09,9.0,1,0,47.0,5.0,54,170.49,0
ACC-00518,Growth,FinTech,23,618,8,0.961,0.361,77.0,2,0,24.0,2.2,191,975.24,0
ACC-00519,Starter,FinTech,2,77,11,0.517,0.078,0.0,2,1,,5.0,146,55.24,0
ACC-00520,Enterprise,SaaS,191,798,29,0.71,,581.0,1,0,49.0,2.8,110,19818.55,0
ACC-00521,Enterprise,Other,146,404,22,0.757,0.831,336.0,2,0,61.0,3.7,170,11234.17,0
ACC-00522,Starter,E-commerce,7,625,3,0.519,0.338,0.0,1,0,34.0,4.8,174,172.78,0
ACC-00523,Starter,SaaS,6,337,8,0.458,0.336,43.0,0,0,31.0,5.0,210,91.77,0
ACC-00524,Growth,E-commerce,36,97,18,0.542,0.303,84.0,3,2,62.0,3.7,262,1305.99,1
ACC-00525,Starter,SaaS,7,385,7,0.531,0.344,37.0,1,0,52.0,3.2,105,182.71,0
ACC-00526,Starter,E-commerce,6,313,9,0.685,0.521,42.0,1,1,70.0,2.8,3,65.84,0
ACC-00527,Enterprise,E-commerce,175,29,16,0.52,0.608,572.0,1,0,62.0,3.3,244,18317.64,0
ACC-00528,Enterprise,SaaS,55,678,17,0.697,0.685,,1,0,,3.1,286,3655.9,0
ACC-00529,Growth,Healthcare,19,777,17,0.852,0.838,32.0,1,0,29.0,5.0,24,958.61,0
ACC-00530,Starter,SaaS,5,818,4,0.47,0.232,32.0,0,0,,2.9,23,89.83,0
ACC-00531,Growth,E-commerce,22,230,1,0.499,0.313,48.0,1,0,32.0,2.5,188,909.69,0
ACC-00532,Growth,E-commerce,28,575,12,0.73,0.475,0.0,0,0,26.0,3.1,45,1351.39,0
ACC-00533,Starter,Other,7,485,8,0.607,0.345,57.0,2,1,50.0,5.0,119,140.37,0
ACC-00534,Growth,FinTech,33,542,18,0.53,0.502,86.0,2,1,43.0,3.0,71,1399.57,1
ACC-00535,Starter,Other,7,721,14,0.443,0.211,55.0,2,1,25.0,4.2,140,122.26,0
ACC-00536,Starter,FinTech,4,349,7,0.51,0.349,10.0,2,0,11.0,4.4,39,54.0,0
ACC-00537,Growth,Other,22,257,16,0.317,0.43,310.0,2,0,43.0,2.7,160,659.1,0
ACC-00538,Starter,SaaS,2,437,8,0.424,0.424,0.0,1,0,23.0,3.7,69,30.78,0
ACC-00539,Starter,Healthcare,3,603,9,0.484,0.252,0.0,2,1,24.0,3.8,204,31.14,0
ACC-00540,Enterprise,SaaS,29,396,19,0.933,0.813,609.0,1,0,,4.2,338,3042.89,0
ACC-00541,Enterprise,Other,41,282,22,0.553,0.565,871.0,2,1,,4.4,286,3601.87,0
ACC-00542,Growth,Other,15,62,10,0.611,0.36,186.0,0,0,24.0,3.2,141,770.11,0
ACC-00543,Enterprise,FinTech,123,521,29,0.724,0.888,407.0,2,0,65.0,3.4,319,13592.36,0
ACC-00544,Enterprise,E-commerce,483,33,9,0.783,0.765,567.0,0,0,32.0,3.6,231,6517.13,0
ACC-00545,Starter,E-commerce,2,431,10,0.449,0.438,74.0,1,0,2.0,5.0,143,37.98,0
ACC-00546,Growth,SaaS,13,561,14,0.72,0.598,,2,0,40.0,2.5,326,339.24,0
ACC-00547,Starter,E-commerce,4,422,9,0.649,0.457,0.0,2,0,68.0,3.6,168,76.47,0
ACC-00548,Starter,Healthcare,4,465,2,0.318,,39.0,1,0,,3.9,171,97.13,0
ACC-00549,Growth,E-commerce,36,259,5,0.711,0.588,135.0,0,0,33.0,2.9,358,1554.7,0
ACC-00550,Growth,SaaS,22,230,16,0.742,0.522,188.0,2,1,-3.0,4.3,171,735.08,0
ACC-00551,Growth,Other,38,762,19,0.598,0.573,,0,0,33.0,2.9,38,1167.5,0
ACC-00552,Starter,SaaS,3,804,8,0.411,0.499,,2,1,,3.6,260,45.36,0
ACC-00553,Starter,E-commerce,3,156,11,0.561,0.211,61.0,1,0,-7.0,2.7,68,83.06,0
ACC-00554,Enterprise,SaaS,49,197,18,0.612,0.635,553.0,4,0,12.0,2.6,312,5981.33,0
ACC-00555,Starter,SaaS,3,330,8,0.691,0.397,11.0,2,0,68.0,3.4,371,65.4,0
ACC-00556,Starter,SaaS,7,634,13,0.68,0.329,34.0,1,0,61.0,3.3,320,185.84,0
ACC-00557,Starter,FinTech,8,68,6,0.61,0.118,41.0,2,1,69.0,3.8,52,212.91,0
ACC-00558,Growth,E-commerce,10,712,18,0.266,0.67,252.0,4,1,39.0,3.9,362,378.92,0
ACC-00559,Growth,E-commerce,27,20,6,0.737,0.526,133.0,4,1,-14.0,5.0,262,798.11,0
ACC-00560,Growth,E-commerce,28,758,10,0.615,0.217,217.0,1,1,45.0,3.1,97,766.16,0
ACC-00561,Starter,E-commerce,8,50,9,0.752,0.224,41.0,0,0,97.0,1.9,144,108.63,0
ACC-00562,Starter,SaaS,1,757,16,0.341,0.227,23.0,1,0,,2.4,201,15.64,0
ACC-00563,Enterprise,SaaS,197,850,20,0.65,0.56,1084.0,2,0,-4.0,3.3,185,11697.07,0
ACC-00564,Growth,E-commerce,5,717,8,0.707,0.475,0.0,0,0,12.0,2.7,264,203.23,0
ACC-00565,Growth,E-commerce,13,885,21,0.604,0.518,135.0,3,0,53.0,4.0,293,360.51,0
ACC-00566,Growth,E-commerce,38,419,12,0.789,0.68,72.0,1,1,-16.0,2.1,370,1379.52,0
ACC-00567,Growth,SaaS,24,582,16,0.498,0.585,,1,0,51.0,2.7,379,982.53,0
ACC-00568,Starter,Healthcare,4,566,5,0.982,0.297,22.0,1,0,27.0,2.7,25,88.79,0
ACC-00569,Starter,SaaS,8,24,8,0.15,0.377,71.0,3,0,36.0,3.1,313,125.16,1
ACC-00570,Growth,E-commerce,16,773,10,0.903,0.136,275.0,0,0,49.0,3.0,166,693.17,0
ACC-00571,Starter,SaaS,2,638,17,0.553,0.129,0.0,1,0,28.0,3.6,220,49.43,0
ACC-00572,Enterprise,E-commerce,112,386,25,0.99,0.643,466.0,1,0,35.0,3.9,7,9911.07,0
ACC-00573,Growth,FinTech,17,204,21,0.362,0.632,305.0,3,1,39.0,,356,795.31,0
ACC-00574,Growth,Healthcare,17,608,9,0.596,,,2,0,64.0,3.6,50,902.15,0
ACC-00575,Enterprise,SaaS,75,883,12,0.733,0.717,335.0,2,1,35.0,3.6,127,66172.45934857932,0
ACC-00576,Growth,E-commerce,18,155,12,0.417,0.468,118.0,2,0,-3.0,2.5,327,709.28,0
ACC-00577,Enterprise,SaaS,162,829,30,0.614,0.653,329.0,3,0,45.0,4.1,345,18492.32,0
ACC-00578,Growth,Healthcare,30,514,12,0.66,0.226,174.0,1,1,52.0,3.3,155,992.92,0
ACC-00579,Enterprise,SaaS,4,712,25,0.671,,1060.0,1,0,98.0,1.8,257,14374.06,0
ACC-00580,Starter,SaaS,8,138,2,0.368,0.375,28.0,1,0,42.0,3.0,117,197.75,0
ACC-00581,Growth,Healthcare,30,106,9,0.724,0.677,292.0,1,0,60.0,2.7,47,799.37,0
ACC-00582,Growth,SaaS,23,599,13,0.577,0.598,31.0,3,0,40.0,3.7,191,1132.83,0
ACC-00583,Starter,SaaS,1,265,16,0.306,0.284,,2,1,43.0,4.1,225,13.79,0
ACC-00584,Starter,Healthcare,4,347,12,0.253,0.537,31.0,0,0,70.0,2.8,274,74.91,0
ACC-00585,Enterprise,Healthcare,60,565,11,0.742,0.91,609.0,1,0,89.0,3.6,249,8391.89,0
ACC-00586,Growth,Other,8,215,16,0.214,0.275,222.0,0,0,52.0,4.5,247,282.52,1
ACC-00587,Starter,FinTech,1,316,2,,0.085,33.0,1,0,70.0,3.1,328,11.93,0
ACC-00588,Starter,E-commerce,4,333,4,0.497,0.481,47.0,0,0,-27.0,3.8,69,76.72,0
ACC-00589,Starter,Healthcare,5,326,9,0.305,0.339,1.0,1,1,10.0,3.6,150,61.42,0
ACC-00590,Starter,SaaS,9,635,13,0.442,0.319,14.0,4,1,22.0,3.7,5,182.28,0
ACC-00591,Enterprise,Healthcare,57,148,26,1.0,0.537,3577.0,1,0,48.0,3.9,24,6756.07,0
ACC-00592,Growth,SaaS,6,818,14,0.48,0.836,142.0,3,0,11.0,4.0,269,212.69,0
ACC-00593,Starter,Other,3,648,9,0.381,0.22,0.0,1,0,27.0,3.6,124,40.06,0
ACC-00594,Growth,E-commerce,39,23,19,0.756,0.534,,0,0,41.0,2.8,185,2084.15,0
ACC-00595,Starter,FinTech,6,514,0,0.578,0.186,,1,0,63.0,3.7,143,111.29,0
ACC-00596,Starter,FinTech,4,162,15,0.204,0.301,45.0,2,0,42.0,3.8,41,40.07,0
ACC-00597,Growth,SaaS,6,149,10,0.446,0.644,82.0,4,0,54.0,3.0,206,223.48,0
ACC-00598,Growth,FinTech,12,639,14,0.545,0.785,218.0,2,0,33.0,3.4,18,41170.198620033756,1
ACC-00599,Enterprise,Healthcare,110,234,18,0.808,0.449,637.0,3,2,23.0,3.6,394,11030.74,0
ACC-00600,Growth,E-commerce,19,517,8,0.687,0.709,141.0,3,2,75.0,4.3,219,926.19,0
ACC-00601,Growth,E-commerce,5,265,15,0.647,0.37,67.0,1,0,42.0,5.0,324,276.57,0
ACC-00602,Growth,SaaS,12,296,14,,0.758,0.0,0,0,8.0,3.7,218,456.69,0
ACC-00603,Enterprise,Healthcare,128,608,20,0.886,0.891,410.0,1,0,33.0,4.2,180,8595.64,0
ACC-00604,Growth,FinTech,28,591,12,0.635,0.682,196.0,2,1,63.0,4.2,136,1227.65,0
ACC-00605,Enterprise,SaaS,115,33,27,0.878,0.545,1274.0,5,0,5.0,3.9,83,7920.05,0
ACC-00606,Growth,Other,17,782,23,0.438,0.628,,2,0,14.0,2.5,322,673.4,0
ACC-00607,Enterprise,E-commerce,45,534,26,0.872,0.594,1022.0,5,1,12.0,2.7,109,4376.56,0
ACC-00608,Starter,E-commerce,5,242,8,0.845,0.368,9.0,2,0,46.0,3.4,87,50.68,0
ACC-00609,Growth,Other,17,113,6,0.617,0.891,,1,0,24.0,2.9,44,589.89,0
ACC-00610,Growth,FinTech,12,444,16,0.566,0.802,194.0,2,0,5.0,3.0,11,367.35,0
ACC-00611,Growth,Other,38,630,16,0.454,0.613,96.0,0,0,7.0,2.6,153,1305.04,1
ACC-00612,Growth,Healthcare,17,32,16,0.458,0.558,246.0,0,0,65.0,4.2,46,442.56,0
ACC-00613,Enterprise,E-commerce,147,270,15,0.649,0.753,422.0,1,1,37.0,2.0,260,13409.08,0
ACC-00614,Enterprise,SaaS,113,852,24,1.0,0.645,306.0,2,0,47.0,4.3,22,12206.31,0
ACC-00615,Starter,SaaS,2,102,14,0.431,0.116,29.0,1,0,32.0,4.8,195,24.55,0
ACC-00616,Growth,FinTech,35,724,9,0.589,0.538,118.0,0,0,3.0,4.3,64,1167.37,0
ACC-00617,Growth,SaaS,10,225,16,0.435,0.385,178.0,1,0,56.0,2.9,48,593.11,0
ACC-00618,Starter,SaaS,4,461,3,0.694,0.244,46.0,4,1,23.0,4.0,330,66.13,0
ACC-00619,Starter,E-commerce,8,690,7,0.546,0.375,0.0,1,0,49.0,4.1,188,83.31,0
ACC-00620,Starter,Healthcare,3,892,3,0.725,0.469,25.0,2,1,27.0,2.4,146,53.28,1
ACC-00621,Growth,SaaS,13,548,11,,0.8,141.0,0,0,19.0,4.6,370,756.69,0
ACC-00622,Growth,Healthcare,35,209,11,0.668,0.714,184.0,3,1,48.0,,84,1199.71,0
ACC-00623,Enterprise,Other,136,86,22,0.485,0.743,149.0,1,1,26.0,4.6,20,12129.46,0
ACC-00624,Growth,Healthcare,28,673,17,0.706,0.495,311.0,3,0,85.0,2.4,384,1365.3,0
ACC-00625,Enterprise,Healthcare,81,526,25,0.953,0.593,,3,0,67.0,4.5,135,5119.3,0
ACC-00626,Starter,Healthcare,6,695,4,,0.044,74.0,1,0,4.0,4.4,209,75.54,1
ACC-00627,Growth,SaaS,27,888,15,0.575,0.616,244.0,0,0,40.0,5.0,109,1144.65,0
ACC-00628,Starter,FinTech,2,750,2,0.47,0.053,19.0,3,0,32.0,3.1,297,53.54,1
ACC-00629,Growth,Other,30,458,13,0.773,0.381,174.0,2,2,20.0,1.6,378,68457.02508575506,0
ACC-00630,Enterprise,E-commerce,195,620,20,0.805,0.72,844.0,2,1,15.0,4.4,159,16420.64,0
ACC-00631,Enterprise,Healthcare,182,567,16,0.702,,401.0,1,0,27.0,,39,17029.29,0
ACC-00632,Enterprise,Other,56,182,23,0.752,0.829,162.0,1,0,74.0,4.5,72,4872.32,0
ACC-00633,Starter,SaaS,5,287,6,0.475,0.328,10.0,0,0,49.0,2.7,224,77.73,0
ACC-00634,Starter,FinTech,1,94,8,0.538,0.229,54.0,2,0,40.0,4.3,265,25.84,0
ACC-00635,Starter,E-commerce,2,340,13,0.692,0.136,77.0,2,1,4.0,3.3,125,29.03,0
ACC-00636,Starter,SaaS,4,173,5,0.238,0.315,,0,0,-52.0,4.3,322,174.93,0
ACC-00637,Growth,E-commerce,29,808,17,0.695,0.493,64.0,1,0,11.0,4.0,257,1076.76,0
ACC-00638,Growth,Healthcare,30,774,19,0.227,0.442,371.0,1,0,73.0,4.3,94,1486.71,0
ACC-00639,Growth,E-commerce,6,658,19,,0.402,304.0,2,0,27.0,4.4,174,298.44,0
ACC-00640,Enterprise,FinTech,70,370,19,0.807,0.578,1040.0,1,1,24.0,4.1,247,4894.67,0
ACC-00641,Growth,Healthcare,11,20,9,0.52,0.54,130.0,1,0,56.0,2.7,7,427.66,0
ACC-00642,Enterprise,SaaS,169,497,17,0.777,0.694,641.0,1,0,39.0,4.9,198,17575.74,0
ACC-00643,Starter,Other,7,35,0,0.319,0.25,39.0,2,1,19.0,3.7,152,131.75,0
ACC-00644,Starter,SaaS,6,36,10,0.536,0.423,,0,0,49.0,4.1,250,95.22,0
ACC-00645,Growth,Other,9,151,16,0.341,0.481,220.0,1,0,51.0,3.4,386,249.35,0
ACC-00646,Enterprise,FinTech,150,449,21,0.893,,961.0,2,0,95.0,4.4,6,8629.39,0
ACC-00647,Starter,FinTech,6,677,1,0.592,0.11,11.0,2,1,71.0,3.9,368,166.75,0
ACC-00648,Growth,E-commerce,38,376,11,0.516,0.337,124.0,1,1,29.0,4.1,196,1835.64,0
ACC-00649,Growth,SaaS,32,700,19,0.454,0.788,123.0,4,1,38.0,3.0,13,808.68,0
ACC-00650,Starter,FinTech,4,487,10,0.592,0.23,39.0,1,1,5.0,4.5,205,84.27,0
ACC-00651,Starter,Other,6,805,11,0.258,0.278,2.0,2,0,33.0,3.9,294,75.87,0
ACC-00652,Enterprise,Healthcare,108,346,30,0.598,0.507,597.0,3,1,50.0,2.3,154,10831.03,0
ACC-00653,Growth,SaaS,27,280,14,0.634,0.468,91.0,1,0,37.0,3.1,88,1077.94,0
ACC-00654,Starter,E-commerce,4,80,0,0.596,0.319,78.0,1,0,9.0,,5,90.62,0
ACC-00655,Enterprise,Other,140,208,15,0.813,0.629,328.0,2,0,22.0,4.4,398,10306.16,0
ACC-00656,Starter,Healthcare,6,52,8,0.356,0.479,25.0,0,0,20.0,,179,72.86,0
ACC-00657,Enterprise,FinTech,544,167,20,0.708,0.702,1029.0,4,0,,2.8,281,14699.88,0
ACC-00658,Starter,SaaS,3,855,6,0.762,0.541,9.0,0,0,52.0,3.8,61,41.42,0
ACC-00659,Growth,Other,34,496,12,0.515,0.526,137.0,1,0,40.0,2.9,106,1451.26,1
ACC-00660,Starter,FinTech,3,548,3,1.0,0.109,43.0,1,0,,3.5,252,53.59,0
ACC-00661,Starter,FinTech,1,354,9,0.477,0.196,40.0,4,1,30.0,3.0,221,11.61,1
ACC-00662,Enterprise,Healthcare,496,584,26,0.928,0.701,31.0,1,1,16.0,4.0,131,7285.54,0
ACC-00663,Starter,SaaS,9,512,15,0.165,0.336,0.0,1,1,32.0,4.6,254,246.03,0
ACC-00664,Starter,Healthcare,8,825,15,0.672,0.533,44.0,4,1,40.0,,130,107.18,0
ACC-00665,Starter,SaaS,1,718,3,0.415,0.346,44.0,1,0,44.0,3.9,397,22.5,0
ACC-00666,Growth,Healthcare,6,502,13,0.61,0.513,165.0,3,1,23.0,3.3,329,335.82,0
ACC-00667,Enterprise,Other,68,706,19,0.857,0.886,1229.0,3,1,-5.0,2.2,4,5112.81,0
ACC-00668,Enterprise,Other,189,559,23,0.935,0.629,216.0,0,0,43.0,4.2,175,23493.53,0
ACC-00669,Starter,Other,4,895,7,0.511,0.378,30.0,1,0,-9.0,4.7,350,110.4,1
ACC-00670,Starter,Other,3,477,6,0.671,0.432,56.0,1,0,28.0,4.9,70,48.36,0
ACC-00671,Starter,SaaS,6,768,14,0.595,0.221,38.0,0,0,-3.0,3.3,246,144.88,0
ACC-00672,Growth,Other,14,169,13,0.32,0.369,174.0,4,1,65.0,3.6,54,825.89,0
ACC-00673,Enterprise,Other,68,163,21,0.572,0.653,,2,1,57.0,4.0,230,4855.61,0
ACC-00674,Growth,E-commerce,36,289,15,0.501,0.406,174.0,1,0,59.0,3.8,269,1101.92,0
ACC-00675,Growth,FinTech,17,743,16,0.638,0.327,98.0,3,1,7.0,2.7,299,967.71,1
ACC-00676,Starter,SaaS,7,797,10,0.541,,86.0,2,0,1.0,2.6,188,133.37,0
ACC-00677,Enterprise,E-commerce,169,369,27,0.941,0.567,1663.0,2,1,91.0,4.5,290,13714.26,0
ACC-00678,Growth,Healthcare,5,407,7,0.462,0.38,0.0,1,0,40.0,4.8,377,227.68,0
ACC-00679,Starter,FinTech,4,447,8,0.177,0.26,5.0,1,0,-10.0,3.2,10,111.23,0
ACC-00680,Starter,FinTech,5,194,7,0.551,0.379,59.0,2,1,27.0,4.5,243,52.96,0
ACC-00681,Starter,E-commerce,1,489,6,0.626,0.353,76.0,2,0,15.0,4.1,3,15.93,1
ACC-00682,Starter,SaaS,4,747,10,0.35,0.676,10.0,1,0,56.0,3.6,270,99.75,0
ACC-00683,Starter,Other,1,679,13,0.413,0.515,43.0,2,1,9.0,3.8,292,15.77,0
ACC-00684,Growth,FinTech,35,91,10,0.377,0.165,202.0,1,0,25.0,4.7,297,1746.46,0
ACC-00685,Growth,SaaS,13,327,21,0.698,0.559,215.0,1,0,54.0,3.2,122,461.15,0
ACC-00686,Starter,SaaS,2,580,1,0.225,0.145,38.0,1,0,43.0,3.6,170,31.17,0
ACC-00687,Growth,Other,455,539,16,0.777,0.652,135.0,1,0,26.0,3.0,329,861.32,0
ACC-00688,Enterprise,Other,181,634,16,0.681,0.564,869.0,1,0,10.0,2.4,103,12520.81,0
ACC-00689,Growth,SaaS,5,676,10,0.593,0.744,100.0,1,0,44.0,4.5,277,169.6,0
ACC-00690,Growth,SaaS,28,283,13,0.421,0.684,278.0,3,0,-10.0,2.8,244,1123.95,0
ACC-00691,Starter,FinTech,7,430,5,0.493,0.08,3367.0,2,0,46.0,3.9,343,165.68,0
ACC-00692,Enterprise,SaaS,165,161,7,0.831,0.655,324.0,3,1,38.0,4.3,345,10312.16,0
ACC-00693,Starter,Healthcare,8,649,10,0.508,0.338,3.0,1,0,29.0,3.5,380,127.19,0
ACC-00694,Starter,SaaS,6,411,11,0.345,0.45,67.0,1,0,12.0,4.2,383,162.77,0
ACC-00695,Enterprise,E-commerce,114,322,19,0.819,,567.0,0,0,46.0,3.2,319,11321.63,0
ACC-00696,Growth,FinTech,28,682,12,,0.53,309.0,2,1,43.0,5.0,36,832.7,0
ACC-00697,Growth,FinTech,20,844,11,0.688,0.513,0.0,2,0,16.0,3.1,347,706.17,0
ACC-00698,Growth,FinTech,34,799,5,0.465,,87.0,3,0,-23.0,5.0,102,1722.1,0
ACC-00699,Growth,SaaS,29,133,5,,0.418,309.0,2,0,39.0,2.7,258,1120.88,0
ACC-00700,Starter,SaaS,3,736,11,0.208,0.506,81.0,2,1,66.0,2.9,363,67.69,0
ACC-00701,Starter,SaaS,1,516,12,0.262,0.429,73.0,2,0,29.0,3.3,148,17.64,0
ACC-00702,Starter,SaaS,4,111,10,0.777,0.7,,0,0,29.0,4.3,318,83.15,0
ACC-00703,Starter,Other,5,357,9,0.34,0.246,7.0,0,0,43.0,3.3,230,76.39,0
ACC-00704,Enterprise,SaaS,42,211,24,,0.753,,1,0,16.0,5.0,215,5715.48,0
ACC-00705,Starter,FinTech,2,242,10,0.516,0.15,21.0,4,0,31.0,3.6,34,25.3,0
ACC-00706,Growth,SaaS,20,560,9,0.194,0.321,451.0,2,0,63.0,4.2,208,616.42,0
ACC-00707,Growth,Healthcare,38,371,14,0.515,0.575,173.0,0,0,43.0,3.6,181,952.6,0
ACC-00708,Growth,Other,16,642,12,,0.489,230.0,0,0,80.0,3.0,253,779.61,0
ACC-00709,Growth,Healthcare,28,728,12,0.803,,254.0,4,1,,2.9,14,954.48,0
ACC-00710,Growth,E-commerce,19,21,18,0.768,0.413,204.0,1,0,53.0,4.1,27,601.11,0
ACC-00711,Enterprise,Healthcare,62,744,27,0.728,0.499,384.0,1,1,25.0,3.8,44,6990.01,0
ACC-00712,Growth,FinTech,18,140,2,0.39,0.711,278.0,1,1,31.0,1.1,203,921.68,1
ACC-00713,Enterprise,Other,180,19,19,1.0,0.619,895.0,2,0,42.0,4.2,103,20204.18,0
ACC-00714,Enterprise,Healthcare,162,97,19,0.843,0.693,690.0,2,1,,3.6,222,12735.48,0
ACC-00715,Growth,SaaS,28,59,18,0.355,0.653,248.0,1,0,34.0,4.7,190,845.77,0
ACC-00716,Starter,FinTech,3,316,0,,0.395,0.0,1,0,60.0,3.4,146,38.13,0
ACC-00717,Growth,SaaS,11,757,0,0.463,,95.0,3,0,69.0,3.9,215,422.43,0
ACC-00718,Starter,SaaS,2,617,11,0.431,0.413,25.0,0,0,87.0,3.8,230,30.16,0
ACC-00719,Growth,Other,27,405,17,0.729,0.457,,1,0,42.0,3.1,184,946.9,0
ACC-00720,Enterprise,SaaS,39,849,12,1.0,,475.0,3,1,48.0,3.8,41,3316.99,0
ACC-00721,Growth,Healthcare,11,445,12,0.572,0.824,22.0,1,0,25.0,3.8,222,385.57,0
ACC-00722,Growth,Other,38,93,20,0.641,0.569,0.0,1,0,,4.7,35,1532.1,0
ACC-00723,Starter,FinTech,4,31,2,0.246,0.569,9.0,0,0,51.0,3.1,367,55.28,1
ACC-00724,Enterprise,FinTech,74,462,20,0.675,0.781,538.0,2,0,34.0,2.9,184,4812.8,0
ACC-00725,Starter,E-commerce,8,213,9,0.358,0.241,50.0,2,1,5.0,4.7,22,111.44,0
ACC-00726,Starter,Healthcare,1,344,1,0.388,0.146,57.0,2,0,29.0,4.8,306,14.34,0
ACC-00727,Starter,SaaS,4,288,4,0.439,0.296,42.0,2,0,-25.0,2.9,280,65.61,0
ACC-00728,Starter,SaaS,6,366,0,0.872,0.371,37.0,0,0,35.0,3.4,172,92.85,0
ACC-00729,Growth,E-commerce,27,866,12,0.67,0.467,94.0,1,1,11.0,4.3,319,1251.09,0
ACC-00730,Growth,Other,436,74,9,,,121.0,2,0,48.0,2.4,98,607.22,0
ACC-00731,Starter,FinTech,2,110,8,0.686,0.02,76.0,2,0,95.0,3.2,183,39.45,0
ACC-00732,Starter,FinTech,4,269,10,0.595,0.186,11.0,3,0,61.0,3.5,252,44.84,0
ACC-00733,Starter,Other,6,672,13,,0.02,9.0,1,0,20.0,3.7,393,163.08,0
ACC-00734,Starter,SaaS,9,237,17,0.475,0.183,2.0,2,0,66.0,3.9,309,215.83,0
ACC-00735,Starter,SaaS,4,234,8,0.38,0.354,53.0,0,0,46.0,3.0,269,49.9,0
ACC-00736,Growth,E-commerce,27,650,12,,0.819,269.0,3,1,54.0,4.5,162,1177.79,0
ACC-00737,Starter,SaaS,3,547,5,0.524,0.02,31.0,0,0,33.0,3.5,395,42.94,0
ACC-00738,Starter,SaaS,1,582,3,0.412,0.176,0.0,0,0,63.0,3.1,132,10.41,0
ACC-00739,Starter,E-commerce,4,598,9,0.771,0.375,47.0,3,2,18.0,4.3,142,105.87,0
ACC-00740,Starter,E-commerce,4,577,5,0.387,0.257,21.0,4,1,-8.0,4.4,94,64.34,1
ACC-00741,Starter,E-commerce,2,506,9,,0.343,41.0,3,0,23.0,4.0,365,50.19,0
ACC-00742,Starter,FinTech,7,474,3,0.576,0.373,9.0,1,0,46.0,5.0,201,98.84,0
ACC-00743,Enterprise,E-commerce,75,693,18,0.714,0.584,854.0,4,0,24.0,2.7,291,8285.84,0
ACC-00744,Starter,E-commerce,3,317,9,0.431,0.489,17.0,3,1,,4.1,352,68.08,0
ACC-00745,Growth,Healthcare,11,299,12,0.468,0.439,148.0,2,1,43.0,3.0,238,406.59,0
ACC-00746,Growth,Healthcare,36,229,4,0.263,0.703,,1,0,25.0,4.9,19,1877.11,1
ACC-00747,Starter,E-commerce,6,749,7,0.65,0.45,0.0,1,1,39.0,4.1,22,154.89,0
ACC-00748,Growth,Other,33,23,9,0.54,0.589,73.0,1,0,-40.0,4.6,7,1027.78,0
ACC-00749,Growth,Healthcare,5,199,18,0.671,0.634,103.0,2,1,53.0,4.9,210,270.1,0
ACC-00750,Enterprise,SaaS,197,145,24,0.696,0.671,370.0,1,0,44.0,4.2,13,13700.61,0
ACC-00751,Starter,Other,4,344,0,0.549,,57.0,2,0,18.0,3.4,148,87.08,0
ACC-00752,Starter,Other,5,208,11,0.434,0.077,79.0,0,0,62.0,2.6,375,51.87,0
ACC-00753,Starter,FinTech,5,461,9,0.648,0.24,13.0,4,2,26.0,3.5,301,57.91,0
ACC-00754,Growth,SaaS,9,878,6,0.662,0.636,86.0,1,0,42.0,,111,442.63,0
ACC-00755,Growth,E-commerce,26,392,17,0.522,0.5,160.0,1,0,29.0,3.5,292,1135.23,0
ACC-00756,Starter,FinTech,5,873,1,0.303,0.161,15.0,1,0,-6.0,4.3,49,77.05,0
ACC-00757,Starter,Healthcare,9,287,12,0.48,,0.0,4,0,30.0,3.4,299,141.35,0
ACC-00758,Enterprise,E-commerce,178,694,17,0.554,0.763,664.0,3,0,-7.0,4.7,117,22178.76,0
ACC-00759,Starter,SaaS,5,136,0,0.577,0.255,45.0,0,0,39.0,3.7,94,104.44,0
ACC-00760,Growth,SaaS,20,554,23,0.683,0.301,,0,0,40.0,3.1,3,951.82,0
ACC-00761,Growth,Other,6,679,6,0.589,0.605,109.0,3,0,48.0,4.2,222,263.4,0
ACC-00762,Starter,SaaS,2,606,3,0.075,0.366,107.0,0,0,19.0,3.3,82,24.22,0
ACC-00763,Starter,Healthcare,2,844,4,,0.138,28.0,4,0,12.0,4.2,302,35.2,1
ACC-00764,Starter,FinTech,1,546,5,0.669,0.211,36.0,1,0,47.0,3.5,127,19.14,0
ACC-00765,Enterprise,FinTech,82,533,23,0.952,0.824,368.0,2,1,-18.0,2.8,147,8733.93,0
ACC-00766,Starter,E-commerce,3,587,7,0.487,0.086,67.0,2,1,42.0,4.5,33,81.58,1
ACC-00767,Starter,SaaS,1,327,12,0.361,0.425,43.0,0,0,67.0,2.4,278,15.49,0
ACC-00768,Starter,E-commerce,6,208,9,0.621,0.274,0.0,0,0,27.0,4.4,191,77.0,0
ACC-00769,Starter,Healthcare,4,816,0,0.386,0.036,0.0,1,1,66.0,,126,47.87,0
ACC-00770,Growth,SaaS,602,879,15,0.536,0.867,42.0,0,0,,4.3,33,399.72,0
ACC-00771,Starter,FinTech,5,839,8,0.527,0.423,42.0,3,0,70.0,4.7,312,59.27,0
ACC-00772,Growth,Healthcare,23,684,10,0.617,0.456,0.0,0,0,52.0,,248,1111.01,0
ACC-00773,Growth,Healthcare,30,212,22,0.522,0.536,301.0,0,0,30.0,5.0,304,1586.09,0
ACC-00774,Enterprise,E-commerce,192,221,23,0.663,,449.0,1,1,36.0,3.8,122,14509.57,0
ACC-00775,Starter,Healthcare,3,288,11,0.68,0.432,41.0,1,0,23.0,2.9,358,54.01,0
ACC-00776,Enterprise,SaaS,99,469,24,0.735,0.67,1128.0,0,0,17.0,3.7,309,6666.18,0
ACC-00777,Growth,SaaS,30,223,11,0.425,0.884,375.0,0,0,49.0,3.1,151,1523.86,0
ACC-00778,Starter,E-commerce,8,713,10,0.312,0.461,47.0,1,0,36.0,4.5,8,163.06,0
ACC-00779,Growth,Healthcare,13,88,14,,0.654,210.0,0,0,19.0,,390,660.48,0
ACC-00780,Enterprise,Healthcare,49,821,17,0.778,0.635,150.0,0,0,67.0,3.4,113,4998.39,0
ACC-00781,Starter,SaaS,1,414,2,,0.085,54.0,2,0,49.0,4.8,225,51624.204817501755,1
ACC-00782,Enterprise,E-commerce,161,354,20,0.57,0.498,907.0,1,1,-28.0,3.9,161,14167.7,0
ACC-00783,Growth,E-commerce,23,412,16,0.41,0.258,160.0,1,0,,4.3,88,1103.88,0
ACC-00784,Growth,SaaS,8,442,13,0.534,0.396,116.0,2,1,19.0,3.2,116,271.39,0
ACC-00785,Enterprise,E-commerce,117,502,19,0.791,0.909,302.0,1,1,63.0,5.0,129,13889.57,0
ACC-00786,Starter,E-commerce,2,288,7,0.571,,10.0,1,0,59.0,1.9,177,55.02,0
ACC-00787,Enterprise,SaaS,47,283,19,,0.748,568.0,1,0,67.0,4.0,312,4076.5,0
ACC-00788,Starter,FinTech,9,347,14,0.409,0.566,27.0,0,0,55.0,4.6,71,203.05,0
ACC-00789,Growth,SaaS,28,152,14,0.486,0.575,39.0,0,0,68.0,3.7,306,1400.39,0
ACC-00790,Growth,Other,20,215,11,0.375,0.659,196.0,1,0,-17.0,3.5,57,865.08,0
ACC-00791,Starter,SaaS,9,384,0,0.465,0.304,9.0,2,0,-3.0,5.0,163,178.69,1
ACC-00792,Starter,SaaS,8,40,6,0.262,0.355,93.0,3,0,61.0,4.6,378,144.19,0
ACC-00793,Starter,SaaS,3,385,4,0.558,0.418,72.0,2,1,4.0,3.5,83,59.73,1
ACC-00794,Starter,SaaS,5,382,4,0.658,0.465,0.0,2,1,29.0,3.0,89,84.46,0
ACC-00795,Starter,SaaS,9,16,11,0.605,0.286,44.0,2,0,60.0,3.2,358,114.93,0
ACC-00796,Starter,E-commerce,5,430,7,0.507,0.332,0.0,0,0,100.0,2.4,324,121.39,0
ACC-00797,Starter,SaaS,4,600,0,0.369,0.192,45.0,1,1,46.0,4.3,136,43.17,1
ACC-00798,Starter,FinTech,9,704,10,0.473,0.415,0.0,3,0,41.0,,107,102.55,0
ACC-00799,Growth,SaaS,19,357,6,0.783,0.576,238.0,2,0,-13.0,4.3,126,1108.99,0
ACC-00800,Growth,FinTech,22,477,16,0.565,0.598,177.0,0,0,48.0,4.0,51,948.9,0
ACC-00801,Growth,SaaS,10,83,11,0.508,0.458,73.0,0,0,37.0,2.5,242,537.02,0
ACC-00802,Starter,E-commerce,7,303,7,0.431,0.343,39.0,0,0,61.0,5.0,333,113.95,0
ACC-00803,Enterprise,Healthcare,137,601,20,0.57,0.727,1196.0,1,0,52.0,4.5,221,12445.14,0
ACC-00804,Growth,Healthcare,12,424,12,0.739,,148.0,2,0,62.0,3.4,249,617.56,0
ACC-00805,Starter,SaaS,1,859,8,,0.139,29.0,2,1,11.0,2.6,369,26.64,0
ACC-00806,Starter,Other,1,719,7,0.477,0.451,0.0,4,1,58.0,2.5,119,14.1,0
ACC-00807,Growth,Healthcare,21,817,21,0.776,0.657,118.0,1,0,23.0,3.9,275,1244.99,0
ACC-00808,Starter,SaaS,1,440,8,0.3,0.514,38.0,2,0,10.0,4.4,97,12.2,0
ACC-00809,Growth,FinTech,348,81,14,0.599,0.352,110.0,1,0,29.0,3.7,394,295.76,0
ACC-00810,Enterprise,Healthcare,50,505,17,0.481,0.479,340.0,4,1,38.0,3.1,200,4649.46,0
ACC-00811,Starter,FinTech,5,852,9,0.362,0.43,13.0,1,0,43.0,2.6,132,70.01,0
ACC-00812,Starter,FinTech,7,167,2,0.237,0.02,,2,1,6.0,5.0,213,95.56,1
ACC-00813,Enterprise,E-commerce,50,864,25,0.913,0.695,924.0,0,0,68.0,4.1,385,6286.79,0
ACC-00814,Growth,SaaS,25,20,6,0.291,0.738,88.0,0,0,58.0,3.0,277,1444.23,0
ACC-00815,Starter,Other,9,558,3,0.5,0.226,41.0,3,0,66.0,3.6,11,98.16,0
ACC-00816,Enterprise,SaaS,24,837,13,0.82,0.634,439.0,1,0,79.0,4.9,249,2996.44,0
ACC-00817,Enterprise,SaaS,92,201,22,0.593,0.509,844.0,1,0,25.0,3.8,181,12802.47,0
ACC-00818,Growth,SaaS,15,251,11,0.635,0.522,185.0,1,0,73.0,4.1,84,434.5,0
ACC-00819,Growth,FinTech,28,729,16,0.858,0.637,181.0,0,0,25.0,5.0,328,797.97,0
ACC-00820,Starter,Other,6,321,3,0.495,0.36,34.0,1,1,46.0,4.8,269,142.85,0
ACC-00821,Starter,Healthcare,7,594,9,0.417,0.145,25.0,1,0,59.0,,13,132.76,1
ACC-00822,Growth,Other,23,115,16,0.281,0.447,203.0,1,0,37.0,3.9,225,758.12,0
ACC-00823,Starter,E-commerce,4,609,8,0.42,0.307,14.0,1,0,58.0,4.3,388,67.72,0
ACC-00824,Growth,FinTech,17,468,13,0.253,0.547,241.0,0,0,18.0,4.8,242,825.04,0
ACC-00825,Enterprise,FinTech,79,457,21,0.68,0.709,691.0,0,0,40.0,4.2,66,7416.89,0
ACC-00826,Starter,SaaS,9,667,3,0.489,0.353,58.0,2,0,54.0,3.8,176,251.89,0
ACC-00827,Growth,Other,15,410,8,0.31,0.646,213.0,1,0,46.0,3.3,271,790.51,0
ACC-00828,Starter,FinTech,1,621,9,0.305,0.135,36.0,1,1,4.0,4.3,135,27.9,0
ACC-00829,Enterprise,FinTech,163,391,18,0.785,0.946,1169.0,0,0,24.0,2.2,354,21215.96,0
ACC-00830,Starter,E-commerce,1,772,9,0.256,0.494,71.0,2,0,27.0,2.7,152,27.21,0
ACC-00831,Growth,Healthcare,19,506,20,0.842,0.299,259.0,2,0,47.0,4.6,303,962.41,0
ACC-00832,Growth,SaaS,7,267,11,0.568,0.437,257.0,2,0,82.0,5.0,218,179.13,0
ACC-00833,Starter,Healthcare,3,792,4,0.552,0.107,47.0,1,0,4.0,3.9,114,35.42,0
ACC-00834,Growth,Healthcare,36,292,12,0.394,0.532,164.0,3,0,14.0,4.4,241,1103.12,1
ACC-00835,Growth,Other,13,848,13,0.777,,119.0,0,0,77.0,5.0,339,631.6,0
ACC-00836,Growth,SaaS,10,869,16,0.465,0.426,139.0,0,0,,2.4,366,375.3,0
ACC-00837,Growth,SaaS,37,508,13,0.687,,3207.0,4,2,43.0,1.9,195,2189.29,0
ACC-00838,Enterprise,FinTech,40,418,29,0.677,0.839,526.0,3,1,49.0,2.9,99,4207.77,0
ACC-00839,Starter,Other,2,249,9,0.624,0.533,59.0,2,0,54.0,2.8,19,45.59,0
ACC-00840,Growth,Other,11,753,17,0.438,0.558,224.0,1,0,43.0,3.3,355,392.07,0
ACC-00841,Starter,E-commerce,2,252,7,0.762,0.458,43.0,0,0,40.0,5.0,52,32.97,0
ACC-00842,Growth,SaaS,37,555,18,0.284,0.683,233.0,2,0,72.0,2.2,70,1650.44,0
ACC-00843,Growth,SaaS,13,726,12,0.627,0.369,26.0,0,0,-3.0,2.8,235,524.83,0
ACC-00844,Starter,E-commerce,1,174,4,0.647,0.46,128.0,3,0,69.0,4.9,307,14.2,0
ACC-00845,Starter,SaaS,3,166,11,0.139,0.215,5.0,2,0,6.0,5.0,237,76.95,0
ACC-00846,Enterprise,E-commerce,83,862,20,0.727,0.702,1039.0,0,0,75.0,4.0,137,6602.15,0
ACC-00847,Starter,Healthcare,4,888,8,0.435,0.311,55.0,4,1,35.0,1.9,359,93.62,0
ACC-00848,Growth,FinTech,446,301,17,0.711,0.548,259.0,1,1,32.0,3.1,378,1566.02,1
ACC-00849,Starter,FinTech,1,219,8,0.563,0.31,15.0,2,0,7.0,3.1,184,16.79,1
ACC-00850,Enterprise,SaaS,69,582,19,0.761,0.597,688.0,2,0,60.0,3.6,43,9232.12,0
ACC-00851,Starter,SaaS,2,531,5,0.561,0.297,70.0,1,0,49.0,3.4,70,32.86,0
ACC-00852,Starter,Healthcare,1,239,12,0.418,,46.0,0,0,36.0,5.0,181,21.73,0
ACC-00853,Enterprise,FinTech,27,205,18,0.663,0.618,698.0,4,0,16.0,4.2,50,2642.23,0
ACC-00854,Enterprise,SaaS,37,524,20,0.571,0.651,796.0,1,0,64.0,3.6,236,4517.67,0
ACC-00855,Starter,SaaS,6,257,8,0.395,0.246,13.0,1,0,32.0,3.7,255,162.57,0
ACC-00856,Growth,SaaS,29,493,14,,0.497,,0,0,28.0,2.1,190,1010.06,0
ACC-00857,Growth,E-commerce,19,623,18,0.386,0.556,147.0,3,0,69.0,2.2,39,803.09,0
ACC-00858,Enterprise,E-commerce,159,245,20,0.666,0.632,657.0,3,1,52.0,5.0,168,22076.5,0
ACC-00859,Starter,E-commerce,4,520,13,0.419,0.348,52.0,4,1,99.0,3.3,116,98.28,0
ACC-00860,Growth,E-commerce,23,890,12,0.945,0.549,63.0,2,0,41.0,,148,691.6,0
ACC-00861,Growth,SaaS,30,490,15,,0.672,,3,0,92.0,4.4,357,961.85,0
ACC-00862,Growth,E-commerce,1,138,12,,0.591,124.0,0,0,52.0,4.9,391,63008.197679031386,0
ACC-00863,Growth,SaaS,37,665,22,0.635,0.52,138.0,1,0,58.0,5.0,206,1743.09,0
ACC-00864,Growth,Other,32,406,11,0.668,0.459,254.0,0,0,41.0,3.7,57,1791.93,0
ACC-00865,Starter,SaaS,4,648,6,0.39,0.339,32.0,2,1,53.0,3.9,96,88.14,0
ACC-00866,Enterprise,FinTech,99,41,21,0.701,0.796,1086.0,1,0,64.0,3.8,170,5597.57,0
ACC-00867,Enterprise,SaaS,105,644,19,0.75,0.643,1015.0,1,0,39.0,3.6,384,9857.48,0
ACC-00868,Growth,Healthcare,23,618,14,0.54,0.474,119.0,0,0,,3.5,297,1110.41,0
ACC-00869,Starter,SaaS,8,17,13,,0.332,29.0,2,0,25.0,2.1,245,182.35,0
ACC-00870,Starter,Other,8,423,8,0.339,0.296,22.0,0,0,46.0,3.0,319,126.89,0
ACC-00871,Growth,SaaS,30,430,14,0.837,0.304,228.0,2,0,31.0,3.5,209,881.42,0
ACC-00872,Starter,Healthcare,6,510,6,0.163,0.3,53.0,0,0,43.0,2.2,301,126.1,0
ACC-00873,Enterprise,E-commerce,18,560,18,0.701,,759.0,4,0,56.0,,176,1946.31,0
ACC-00874,Starter,SaaS,2,632,7,0.323,0.276,57.0,4,1,50.0,2.9,398,50.13,0
ACC-00875,Growth,SaaS,21,823,13,0.354,0.601,148.0,1,0,64.0,4.3,120,605.24,0
ACC-00876,Enterprise,FinTech,95,690,25,0.674,0.725,483.0,1,0,43.0,3.2,236,11751.8,1
ACC-00877,Starter,Healthcare,1,289,3,0.203,0.347,0.0,1,0,17.0,3.4,176,24.03,0
ACC-00878,Starter,Other,2,869,14,0.348,0.372,8.0,3,1,,3.2,185,54.17,0
ACC-00879,Growth,SaaS,13,437,12,0.76,0.552,52.0,1,0,52.0,3.8,364,758.28,0
ACC-00880,Growth,FinTech,6,779,14,0.248,0.375,76.0,3,1,69.0,3.4,33,323.5,0
ACC-00881,Starter,SaaS,1,443,2,0.316,0.07,0.0,1,0,42.0,3.2,213,11.68,0
ACC-00882,Growth,SaaS,5,300,16,0.654,0.357,71.0,1,0,21.0,5.0,37,247.08,0
ACC-00883,Enterprise,E-commerce,74,654,16,0.736,0.805,405.0,3,0,51.0,2.8,118,5507.48,0
ACC-00884,Growth,FinTech,6,658,15,0.653,0.403,51.0,0,0,76.0,3.5,41,296.65,0
ACC-00885,Starter,SaaS,9,120,8,0.035,0.528,0.0,0,0,45.0,3.3,399,101.86,0
ACC-00886,Starter,Other,1,81,6,0.493,0.283,18.0,1,0,15.0,4.1,164,20.71,0
ACC-00887,Starter,Healthcare,8,685,0,0.424,0.135,18.0,3,1,1.0,4.5,57,201.56,1
ACC-00888,Starter,Healthcare,6,134,17,0.084,0.32,68.0,2,0,81.0,3.9,339,116.68,0
ACC-00889,Starter,SaaS,5,420,2,0.218,0.24,59.0,2,0,41.0,3.5,170,114.0,0
ACC-00890,Growth,Other,28,421,14,0.826,0.471,101.0,2,0,12.0,3.3,259,1561.89,0
ACC-00891,Starter,E-commerce,1,403,4,,0.277,3527.0,1,0,30.0,3.7,76,10.25,0
ACC-00892,Enterprise,E-commerce,180,421,25,0.645,0.904,,3,0,,2.5,184,23662.7,0
ACC-00893,Starter,SaaS,2,856,5,0.333,0.268,56.0,2,0,77.0,4.3,84,53.26,0
ACC-00894,Starter,Other,5,462,4,0.645,0.472,23.0,3,0,35.0,5.0,223,72.55,0
ACC-00895,Growth,E-commerce,16,782,16,0.754,0.461,81.0,4,3,14.0,5.0,111,862.16,0
ACC-00896,Enterprise,Healthcare,56,435,14,0.895,0.381,744.0,1,0,75.0,,170,5193.08,0
ACC-00897,Starter,E-commerce,4,432,5,0.393,0.384,30.0,2,0,62.0,,70,62.12,0
ACC-00898,Starter,Healthcare,4,582,10,0.175,0.331,39.0,0,0,41.0,5.0,264,85.52,0
ACC-00899,Starter,Healthcare,2,221,14,0.291,0.333,53.0,3,1,-26.0,3.7,348,28.07,1
ACC-00900,Growth,Other,34,859,9,0.486,0.493,11.0,0,0,42.0,3.9,64,1492.08,0
ACC-00901,Growth,SaaS,32,839,10,0.598,0.411,38.0,4,0,57.0,3.3,238,958.35,0
ACC-00902,Starter,SaaS,2,167,9,0.591,0.249,46.0,0,0,33.0,4.7,217,30.18,0
ACC-00903,Starter,Healthcare,5,144,0,0.564,0.385,52.0,1,0,21.0,3.2,346,54.68,0
ACC-00904,Growth,E-commerce,33,330,19,0.615,,,4,2,10.0,3.5,385,1191.87,0
ACC-00905,Enterprise,E-commerce,131,182,16,0.907,0.757,563.0,1,0,42.0,2.6,360,12027.05,0
ACC-00906,Growth,Healthcare,34,79,11,0.508,0.332,296.0,1,0,5.0,3.5,4,929.73,0
ACC-00907,Growth,E-commerce,32,730,14,0.687,0.439,242.0,1,1,50.0,,304,1259.08,0
ACC-00908,Starter,Healthcare,639,191,7,0.355,0.275,0.0,2,0,4.0,4.3,58,213.16,0
ACC-00909,Starter,FinTech,8,340,3,0.494,0.428,66.0,0,0,24.0,4.1,215,139.75,0
ACC-00910,Starter,Other,9,888,15,0.607,0.222,81.0,1,0,15.0,2.4,147,163.26,0
ACC-00911,Growth,SaaS,30,367,1,0.748,0.487,85.0,2,0,11.0,2.4,139,864.33,1
ACC-00912,Enterprise,E-commerce,176,49,15,0.769,0.766,805.0,1,0,7.0,4.3,35,15645.57,0
ACC-00913,Enterprise,Other,37,229,17,0.687,0.864,1336.0,1,0,71.0,,247,4512.1,0
ACC-00914,Enterprise,SaaS,87,203,16,0.64,0.59,0.0,1,0,35.0,3.2,253,6027.78,0
ACC-00915,Enterprise,FinTech,62,506,25,0.56,0.734,578.0,1,0,6.0,4.4,226,7391.46,0
ACC-00916,Enterprise,FinTech,170,391,13,0.606,0.752,500.0,1,0,55.0,3.6,367,15029.91,0
ACC-00917,Starter,E-commerce,6,82,14,0.446,0.155,17.0,1,0,19.0,4.3,245,136.54,0
ACC-00918,Starter,FinTech,8,273,6,0.563,0.3,27.0,0,0,73.0,3.8,56,88.58,0
ACC-00919,Starter,SaaS,7,428,1,0.45,0.323,0.0,3,1,25.0,3.8,292,177.97,1
ACC-00920,Growth,Other,36,497,4,0.394,,224.0,2,0,28.0,3.2,95,1857.76,0
ACC-00921,Starter,SaaS,1,383,6,0.25,0.419,48.0,1,0,3.0,3.7,337,15.38,0
ACC-00922,Enterprise,E-commerce,127,891,17,0.764,0.61,93.0,0,0,73.0,3.9,389,10360.69,0
ACC-00923,Growth,E-commerce,15,449,14,0.557,0.55,,2,0,,3.0,310,748.24,0
ACC-00924,Growth,SaaS,6,637,11,0.723,0.317,111.0,2,0,25.0,4.3,41,277.56,0
ACC-00925,Starter,SaaS,5,520,11,,0.335,31.0,3,1,11.0,3.4,21,130.58,1
ACC-00926,Starter,Other,3,373,6,0.264,0.13,73.0,0,0,10.0,5.0,230,41.2,0
ACC-00927,Starter,E-commerce,1,39,5,0.15,0.463,55.0,0,0,,4.5,93,16.8,0
ACC-00928,Enterprise,SaaS,149,619,24,0.565,0.633,726.0,3,0,88.0,4.5,318,9064.83,1
ACC-00929,Growth,Healthcare,30,775,14,0.486,0.61,3304.0,1,0,56.0,3.5,149,1159.33,0
ACC-00930,Growth,E-commerce,17,786,16,0.391,0.603,43.0,4,0,-6.0,4.2,360,728.42,0
ACC-00931,Starter,SaaS,2,716,12,0.522,0.497,48.0,0,0,61.0,4.2,6,53.85,0
ACC-00932,Starter,Healthcare,5,216,6,0.313,0.557,92.0,0,0,36.0,2.2,383,111.04,0
ACC-00933,Starter,FinTech,8,414,7,0.204,0.226,40.0,1,0,15.0,4.0,106,129.71,1
ACC-00934,Growth,SaaS,22,649,17,0.464,0.6,116.0,3,1,46.0,5.0,166,1258.97,0
ACC-00935,Growth,Other,15,662,2,0.463,0.55,332.0,1,0,20.0,,26,588.64,0
ACC-00936,Starter,FinTech,1,557,7,0.338,0.076,32.0,2,1,78.0,5.0,310,19.77,1
ACC-00937,Enterprise,FinTech,161,57,19,0.566,0.445,708.0,2,0,52.0,4.8,375,22178.09,0
ACC-00938,Starter,SaaS,496,664,9,0.475,0.076,40.0,2,1,10.0,2.7,216,215.79,1
ACC-00939,Enterprise,Healthcare,174,515,16,0.695,0.75,258.0,3,1,40.0,2.9,263,13722.66,0
ACC-00940,Starter,Healthcare,4,88,12,0.262,0.637,19.0,1,0,-26.0,,218,72.55,0
ACC-00941,Starter,Other,7,491,4,,0.117,5.0,1,0,24.0,2.0,55,75520.28129025055,1
ACC-00942,Enterprise,SaaS,43,663,18,,0.707,436.0,1,0,67.0,4.0,381,5090.61,0
ACC-00943,Starter,Healthcare,4,842,4,0.825,0.569,0.0,1,0,75.0,4.5,332,105.3,0
ACC-00944,Starter,E-commerce,7,712,13,0.301,0.319,0.0,1,0,25.0,4.4,309,181.12,0
ACC-00945,Growth,FinTech,34,246,4,0.765,,252.0,3,0,40.0,3.4,166,1465.29,0
ACC-00946,Starter,SaaS,8,622,15,0.533,0.28,61.0,2,0,,3.9,13,117.27,0
ACC-00947,Growth,Healthcare,19,612,20,0.477,0.293,77.0,3,1,64.0,3.9,255,975.4,0
ACC-00948,Enterprise,SaaS,42,188,17,0.652,0.907,402.0,0,0,15.0,3.8,174,5186.63,0
ACC-00949,Enterprise,E-commerce,29,749,25,0.792,0.581,394.0,2,2,68.0,3.8,145,3829.42,0
ACC-00950,Starter,E-commerce,6,156,8,,0.386,11.0,0,0,46.0,5.0,299,159.49,0
ACC-00951,Growth,SaaS,9,678,20,0.689,0.763,187.0,1,1,45.0,3.2,219,255.15,0
ACC-00952,Starter,Other,3,668,11,0.371,0.171,21.0,1,0,46.0,5.0,110,36.88,0
ACC-00953,Starter,Healthcare,7,865,17,0.035,0.419,0.0,0,0,39.0,5.0,15,70.73,0
ACC-00954,Starter,FinTech,9,587,0,0.115,0.423,56.0,0,0,66.0,2.9,293,156.52,0
ACC-00955,Enterprise,Healthcare,65,77,21,0.865,0.748,2173.0,2,0,16.0,3.1,107,9099.13,0
ACC-00956,Enterprise,FinTech,96,885,12,,0.598,486.0,3,2,12.0,1.9,165,12549.47,0
ACC-00957,Growth,Healthcare,28,353,11,0.504,0.435,3544.0,0,0,27.0,2.2,63,1502.12,1
ACC-00958,Growth,SaaS,8,416,23,0.529,0.482,0.0,1,0,89.0,2.9,213,310.03,0
ACC-00959,Growth,FinTech,38,782,15,0.667,0.369,198.0,0,0,74.0,3.2,286,1754.3,0
ACC-00960,Growth,FinTech,5,217,17,0.618,0.422,,0,0,22.0,4.0,363,203.65,0
ACC-00961,Growth,FinTech,15,600,15,,0.629,60.0,4,2,32.0,3.0,207,724.42,0
ACC-00962,Growth,FinTech,37,695,15,0.246,0.384,155.0,1,0,24.0,3.3,341,1422.19,0
ACC-00963,Starter,SaaS,594,483,5,0.496,0.129,3426.0,2,0,46.0,5.0,359,82.26,0
ACC-00964,Starter,Other,4,677,4,0.846,0.243,6.0,1,1,29.0,5.0,260,80.09,0
ACC-00965,Enterprise,SaaS,169,645,18,0.678,0.525,362.0,2,0,,4.0,195,19855.31,0
ACC-00966,Growth,SaaS,32,477,1,0.513,,191.0,1,0,32.0,5.0,228,1300.88,0
ACC-00967,Enterprise,FinTech,72,95,20,0.701,0.773,,0,0,43.0,3.4,184,8508.83,0
ACC-00968,Starter,E-commerce,7,674,8,0.324,0.128,12.0,2,0,72.0,3.3,308,158.26,0
ACC-00969,Growth,SaaS,12,713,10,0.385,0.627,55.0,1,1,27.0,4.4,399,713.33,0
ACC-00970,Starter,E-commerce,8,289,6,0.79,0.367,58.0,0,0,43.0,4.3,263,100.47,0
ACC-00971,Starter,Healthcare,1,739,9,0.497,0.328,36.0,4,1,62.0,3.8,22,17.8,0
ACC-00972,Starter,SaaS,4,205,11,0.327,0.389,40.0,1,0,17.0,3.1,299,109.01,0
ACC-00973,Starter,Other,1,165,2,0.534,0.234,37.0,1,1,42.0,3.6,117,25.7,0
ACC-00974,Enterprise,FinTech,153,125,16,0.702,0.841,768.0,2,0,56.0,3.9,353,13603.48,0
ACC-00975,Starter,E-commerce,6,503,10,0.849,0.168,0.0,2,1,54.0,2.9,232,90.53,0
ACC-00976,Growth,SaaS,11,271,16,0.824,0.418,186.0,0,0,,3.2,50,586.22,0
ACC-00977,Growth,Healthcare,30,629,19,0.88,0.378,115.0,1,0,51.0,3.1,8,888.46,1
ACC-00978,Starter,Other,6,593,13,0.679,0.561,70.0,1,0,39.0,,215,79.15,0
ACC-00979,Growth,SaaS,7,392,24,0.784,0.303,120.0,2,1,49.0,3.3,175,178.92,0
ACC-00980,Starter,SaaS,2,242,6,0.618,0.102,,1,0,,3.4,114,29.28,0
ACC-00981,Enterprise,FinTech,128,824,27,0.844,0.532,511.0,0,0,67.0,2.7,140,8017.65,0
ACC-00982,Enterprise,SaaS,164,796,16,0.585,0.665,939.0,2,0,36.0,3.2,161,18624.59,0
ACC-00983,Growth,Other,30,321,24,0.594,0.455,250.0,1,0,34.0,,248,960.28,0
ACC-00984,Growth,E-commerce,14,235,15,0.347,0.389,229.0,1,1,19.0,4.2,326,555.8,1
ACC-00985,Starter,E-commerce,3,726,9,0.474,0.249,0.0,2,0,27.0,3.9,177,58.34,0
ACC-00986,Enterprise,Other,89,620,24,1.0,0.603,0.0,1,0,52.0,3.2,172,5159.41,0
ACC-00987,Starter,Healthcare,1,418,1,0.511,0.315,92.0,0,0,6.0,3.2,378,27.97,0
ACC-00988,Starter,Healthcare,9,481,2,0.464,0.044,72.0,2,0,,2.8,294,215.91,0
ACC-00989,Starter,FinTech,6,656,8,0.393,0.247,33.0,2,1,28.0,3.8,205,107.32,0
ACC-00990,Growth,FinTech,32,201,15,0.574,0.771,206.0,0,0,54.0,4.2,397,1581.89,0
ACC-00991,Growth,FinTech,9,896,22,0.362,0.412,81.0,3,2,60.0,4.9,263,288.02,1
ACC-00992,Growth,FinTech,18,506,9,0.503,0.63,0.0,1,1,75.0,4.4,169,707.43,0
ACC-00993,Growth,FinTech,27,126,20,0.402,0.652,183.0,2,1,,4.4,4,1133.64,0
ACC-00994,Starter,SaaS,1,859,6,0.513,0.322,74.0,2,1,58.0,3.9,364,22.77,1
ACC-00995,Enterprise,FinTech,91,896,19,0.896,,673.0,2,1,45.0,4.0,296,11613.64,0
ACC-00996,Growth,FinTech,34,850,12,0.511,0.389,,0,0,36.0,3.4,328,1540.65,0
ACC-00997,Growth,FinTech,23,632,12,0.658,,226.0,1,1,56.0,2.9,269,1134.93,1
ACC-00998,Starter,SaaS,9,272,9,0.359,0.32,16.0,2,0,5.0,4.4,397,116.41,0
ACC-00999,Enterprise,FinTech,169,484,18,0.804,0.862,753.0,2,0,25.0,,295,9449.04,0
ACC-01000,Starter,FinTech,611,489,1,0.708,0.425,0.0,4,1,11.0,3.2,392,109.81,1
ACC-01001,Starter,Healthcare,3,465,6,0.5,0.372,26.0,2,0,71.0,3.5,108,75.78,0
ACC-01002,Growth,Healthcare,35,147,15,0.727,0.359,131.0,1,0,60.0,3.7,112,989.28,0
ACC-01003,Starter,SaaS,2,289,1,0.387,0.225,41.0,1,1,11.0,4.6,207,21.48,1
ACC-01004,Starter,SaaS,8,429,10,0.603,0.292,45.0,4,1,4.0,3.8,9,130.87,0
ACC-01005,Growth,FinTech,15,482,18,0.918,0.69,0.0,2,1,53.0,4.2,42,652.79,0
ACC-01006,Starter,SaaS,657,298,14,0.623,0.361,59.0,1,0,16.0,4.2,183,158.06,0
ACC-01007,Enterprise,FinTech,21,661,22,0.977,0.704,739.0,0,0,55.0,3.5,272,2254.26,0
ACC-01008,Starter,Other,2,837,0,0.589,0.489,50.0,1,0,83.0,3.9,60,29.87,0
ACC-01009,Growth,SaaS,25,427,16,0.534,,197.0,1,0,16.0,2.8,175,1063.94,0
ACC-01010,Growth,FinTech,8,574,17,0.743,0.533,138.0,1,0,53.0,5.0,253,366.59,0
ACC-01011,Growth,Healthcare,6,184,10,0.672,0.57,0.0,3,0,32.0,4.5,193,235.31,0
ACC-01012,Growth,E-commerce,38,177,13,0.809,0.537,117.0,1,1,78.0,,205,1651.5,0
ACC-01013,Growth,SaaS,26,78,15,0.638,,300.0,2,0,-1.0,4.0,50,1467.62,0
ACC-01014,Enterprise,SaaS,147,893,28,0.732,0.457,779.0,2,0,5.0,3.5,108,18767.16,0
ACC-01015,Starter,Other,3,281,6,0.519,0.441,41.0,3,1,42.0,2.3,80,74.5,1
ACC-01016,Starter,SaaS,3,629,11,0.479,0.416,0.0,2,0,74.0,3.4,377,80.16,0
ACC-01017,Growth,E-commerce,26,566,14,0.58,0.739,94.0,2,0,,3.7,60,919.7,0
ACC-01018,Enterprise,Healthcare,99,133,21,0.751,0.529,,1,0,19.0,,113,6665.42,0
ACC-01019,Starter,SaaS,7,161,13,0.514,0.241,5.0,1,0,-5.0,3.2,90,117.58,0
ACC-01020,Growth,Healthcare,37,722,9,0.673,0.191,132.0,2,0,,2.8,156,2142.3,0
ACC-01021,Enterprise,SaaS,196,718,21,0.814,0.543,678.0,1,0,,3.6,36,24272.33,0
ACC-01022,Growth,FinTech,12,507,13,0.337,0.538,208.0,0,0,92.0,2.9,148,301.34,0
ACC-01023,Enterprise,FinTech,145,319,13,0.511,0.668,,1,0,41.0,4.1,376,18380.73,0
ACC-01024,Growth,Other,5,368,19,0.53,0.515,238.0,1,0,40.0,3.6,143,203.22,0
ACC-01025,Growth,SaaS,34,714,17,0.668,0.606,174.0,2,0,30.0,2.8,31,1421.34,0
ACC-01026,Starter,SaaS,9,187,7,0.191,0.201,43.0,1,1,17.0,4.9,18,182.03,0
ACC-01027,Enterprise,Other,25,91,19,0.632,0.728,688.0,1,1,33.0,4.3,358,2253.8,0
ACC-01028,Starter,SaaS,3,260,7,,0.475,36.0,3,1,50.0,3.1,184,74.71,0
ACC-01029,Growth,Other,35,182,16,0.566,0.196,152.0,1,0,62.0,2.6,132,1091.88,0
ACC-01030,Starter,E-commerce,4,162,7,0.255,0.314,14.0,1,0,38.0,4.0,333,80.28,1
ACC-01031,Growth,E-commerce,39,424,10,0.628,0.488,278.0,2,0,34.0,4.4,388,1289.43,0
ACC-01032,Growth,Healthcare,22,725,11,,0.561,227.0,1,1,41.0,3.5,177,657.34,0
ACC-01033,Growth,Healthcare,20,626,13,0.942,0.484,312.0,1,0,19.0,,157,523.4,0
ACC-01034,Enterprise,SaaS,88,255,16,0.778,0.666,124.0,1,0,80.0,3.6,346,11287.77,0
ACC-01035,Starter,Other,1,389,8,0.591,0.349,,0,0,23.0,4.3,385,15.75,0
ACC-01036,Growth,Other,26,430,9,0.567,0.624,165.0,1,0,20.0,4.3,357,669.0,0
ACC-01037,Starter,Other,5,358,3,0.526,0.19,2.0,1,0,52.0,2.3,55,75.56,0
ACC-01038,Starter,E-commerce,6,871,21,0.366,0.206,6.0,2,1,28.0,3.6,250,160.71,0
ACC-01039,Growth,E-commerce,9,855,22,0.615,0.661,130.0,2,0,76.0,2.2,208,324.04,0
ACC-01040,Starter,E-commerce,3,895,8,0.39,0.255,53.0,1,0,50.0,3.6,176,75.0,0
ACC-01041,Starter,SaaS,7,385,11,0.439,0.03,14.0,2,0,14.0,2.2,385,193.34,0
ACC-01042,Growth,FinTech,32,715,18,0.424,0.55,192.0,1,0,63.0,4.2,238,1530.03,0
ACC-01043,Growth,E-commerce,9,665,13,0.508,0.539,116.0,1,1,37.0,2.4,368,322.33,0
ACC-01044,Growth,E-commerce,21,721,14,0.448,0.613,268.0,1,1,74.0,3.4,187,835.03,0
ACC-01045,Starter,FinTech,2,157,6,0.487,0.383,45.0,3,0,20.0,3.8,323,28.92,0
ACC-01046,Starter,FinTech,9,851,13,0.671,0.413,57.0,1,0,45.0,2.7,213,66086.5972335173,0
ACC-01047,Starter,E-commerce,7,845,13,0.633,0.406,48.0,1,1,59.0,4.2,18,73.67,0
ACC-01048,Growth,FinTech,498,719,20,0.533,0.499,,2,0,13.0,4.0,277,1366.27,0
ACC-01049,Enterprise,Other,137,521,21,0.48,0.738,799.0,0,0,78.0,3.4,388,11488.51,0
ACC-01050,Starter,Healthcare,5,413,17,0.624,0.166,82.0,2,0,,4.4,192,54.97,0
ACC-01051,Growth,SaaS,25,233,13,0.436,,269.0,0,0,46.0,3.9,204,679.16,0
ACC-01052,Starter,SaaS,4,67,16,0.628,0.303,44.0,3,0,,3.8,340,83.82,0
ACC-01053,Starter,Healthcare,3,865,5,0.448,0.339,85.0,0,0,11.0,3.8,394,55.04,0
ACC-01054,Starter,FinTech,2,198,1,0.476,0.437,23.0,1,0,14.0,2.3,390,51.09,1
ACC-01055,Starter,Healthcare,3,316,16,0.404,0.284,23.0,1,0,,3.7,375,34.69,0
ACC-01056,Growth,SaaS,31,407,16,0.664,0.456,124.0,0,0,-9.0,3.9,268,1755.0,0
ACC-01057,Enterprise,SaaS,22,613,22,0.923,0.828,274.0,3,1,17.0,3.8,49,2263.24,0
ACC-01058,Starter,FinTech,6,249,5,0.437,0.249,34.0,1,1,40.0,2.6,350,156.84,0
ACC-01059,Growth,Healthcare,17,204,9,0.595,0.95,201.0,0,0,50.0,4.0,55,518.8,0
ACC-01060,Growth,Other,14,305,10,0.386,0.583,328.0,1,0,59.0,3.2,73,801.53,0
ACC-01061,Enterprise,Other,614,306,21,0.69,0.894,402.0,6,1,48.0,4.3,351,8434.27,0
ACC-01062,Growth,FinTech,38,66,12,0.311,0.714,2.0,4,0,25.0,2.8,145,1867.37,1
ACC-01063,Starter,Healthcare,2,360,0,0.511,0.474,83.0,0,0,12.0,5.0,114,29.84,0
ACC-01064,Growth,SaaS,33,503,21,0.466,0.584,172.0,2,0,77.0,3.6,281,894.92,0
ACC-01065,Starter,E-commerce,2,410,5,0.297,0.45,37.0,2,2,57.0,2.2,330,33.42,0
ACC-01066,Enterprise,Other,145,325,26,0.71,0.623,875.0,2,1,36.0,3.7,123,19096.34,0
ACC-01067,Starter,FinTech,5,826,4,0.535,0.176,81.0,0,0,21.0,4.4,339,94.46,0
ACC-01068,Growth,Other,10,243,14,0.25,0.552,188.0,0,0,36.0,2.4,212,449.02,0
ACC-01069,Starter,SaaS,1,761,11,0.48,0.468,9.0,1,0,31.0,3.6,112,18.93,0
ACC-01070,Starter,SaaS,3,554,11,0.458,0.573,18.0,1,0,29.0,1.8,375,47.74,0
ACC-01071,Enterprise,E-commerce,54,591,19,0.817,0.732,1083.0,2,1,19.0,4.9,273,3582.29,0
ACC-01072,Growth,Other,8,259,15,0.248,,271.0,0,0,62.0,3.7,3,228.14,0
ACC-01073,Growth,FinTech,26,869,16,0.587,0.263,172.0,1,0,24.0,4.7,21,1080.79,0
ACC-01074,Enterprise,Healthcare,54,435,19,0.627,0.461,478.0,1,0,28.0,,357,3549.45,0
ACC-01075,Enterprise,SaaS,33,463,15,0.83,0.936,436.0,0,0,62.0,2.0,149,4005.07,0
ACC-01076,Starter,Healthcare,8,232,4,0.819,0.151,0.0,0,0,46.0,2.8,82,89.05,0
ACC-01077,Growth,E-commerce,26,438,11,,0.521,236.0,1,0,76.0,2.9,125,1514.16,0
ACC-01078,Growth,SaaS,7,616,13,0.558,0.437,228.0,2,0,-6.0,,376,333.59,0
ACC-01079,Growth,Healthcare,10,844,20,0.469,0.532,220.0,2,0,37.0,3.8,14,320.09,0
ACC-01080,Starter,Healthcare,3,770,11,0.4,0.409,27.0,1,0,39.0,2.9,144,69.45,0
ACC-01081,Starter,E-commerce,9,152,3,0.408,0.177,84.0,1,0,51.0,3.8,262,233.49,0
ACC-01082,Enterprise,SaaS,167,86,28,0.716,0.561,1178.0,2,0,34.0,4.2,391,14959.03,0
ACC-01083,Enterprise,SaaS,195,857,20,1.0,0.733,804.0,2,0,44.0,2.9,86,12654.44,0
ACC-01084,Enterprise,Other,64,740,23,0.879,0.448,907.0,3,0,59.0,3.1,254,6299.94,0
ACC-01085,Enterprise,E-commerce,75,148,16,0.91,0.768,562.0,2,0,20.0,4.9,355,10083.37,0
ACC-01086,Growth,Healthcare,13,768,11,0.34,0.574,,1,0,59.0,4.3,275,484.13,0
ACC-01087,Growth,Healthcare,29,688,18,0.446,0.444,342.0,2,0,22.0,3.3,40,1050.37,1
ACC-01088,Growth,Healthcare,34,868,9,0.577,0.444,2136.0,1,0,42.0,4.6,386,1026.31,0
ACC-01089,Growth,SaaS,25,156,13,0.774,0.751,229.0,0,0,-3.0,3.3,254,1212.45,0
ACC-01090,Growth,FinTech,30,747,15,0.581,0.421,,0,0,4.0,4.0,255,1210.21,0
ACC-01091,Starter,E-commerce,1,337,2,0.525,0.025,9.0,1,0,21.0,,288,17.41,0
ACC-01092,Growth,SaaS,36,503,5,0.542,0.261,167.0,2,1,3.0,4.3,55,1592.59,1
ACC-01093,Starter,SaaS,8,243,11,0.401,0.34,21.0,0,0,32.0,3.7,83,153.8,1
ACC-01094,Starter,E-commerce,2,76,20,0.884,0.36,80.0,2,0,66.0,3.8,95,55.61,0
ACC-01095,Growth,Other,24,631,15,0.567,0.697,54.0,1,0,33.0,3.3,372,1087.42,0
ACC-01096,Starter,E-commerce,8,79,10,0.656,0.422,0.0,2,0,,5.0,83,176.47,1
ACC-01097,Starter,SaaS,6,426,3,0.456,0.424,75.0,1,0,,4.5,34,71.4,0
ACC-01098,Enterprise,Other,95,188,27,0.829,0.653,455.0,4,0,44.0,3.1,244,42200.00641933577,0
ACC-01099,Enterprise,SaaS,32,828,18,0.522,0.557,914.0,3,0,39.0,,221,2790.46,0
ACC-01100,Starter,SaaS,7,410,12,0.361,0.169,21.0,0,0,14.0,,59,138.99,0
ACC-01101,Starter,Other,2,178,10,0.626,0.356,,2,0,45.0,2.7,203,20.73,0
ACC-01102,Starter,Healthcare,7,860,10,0.448,0.441,0.0,2,1,59.0,3.6,150,194.03,0
ACC-01103,Growth,Other,38,623,16,0.767,0.11,,2,0,22.0,3.6,360,1280.8,0
ACC-01104,Enterprise,Healthcare,70,169,23,0.65,0.677,407.0,3,1,44.0,3.9,92,8791.37,0
ACC-01105,Starter,E-commerce,5,328,8,0.705,0.386,,4,3,7.0,3.2,274,83.13,0
ACC-01106,Growth,FinTech,31,491,17,0.601,0.566,166.0,2,0,47.0,4.0,11,931.39,0
ACC-01107,Starter,FinTech,8,702,4,0.178,0.403,24.0,1,1,30.0,3.4,41,193.18,0
ACC-01108,Starter,Other,7,898,6,0.392,0.173,91.0,2,0,50.0,4.0,159,188.78,0
ACC-01109,Enterprise,Other,22,758,27,,0.677,1020.0,5,1,-10.0,3.7,177,1221.73,0
ACC-01110,Starter,FinTech,8,26,8,0.452,0.229,15.0,2,0,37.0,3.6,245,219.29,0
ACC-01111,Starter,FinTech,7,435,6,0.687,0.232,33.0,2,0,58.0,3.7,80,113.75,0
ACC-01112,Growth,FinTech,25,55,18,0.33,0.602,181.0,0,0,50.0,2.4,179,1453.34,0
ACC-01113,Growth,FinTech,26,281,17,0.797,0.351,84.0,1,0,33.0,3.0,154,717.39,0
ACC-01114,Enterprise,Other,55,253,14,0.668,0.869,176.0,2,0,-25.0,3.3,320,7697.42,0
ACC-01115,Enterprise,SaaS,97,249,23,0.826,0.681,746.0,2,1,71.0,3.9,329,7514.77,0
ACC-01116,Starter,FinTech,3,213,8,,0.304,28.0,2,1,12.0,3.6,329,50.14,0
ACC-01117,Starter,Other,3,368,10,0.253,,2.0,3,1,63.0,4.4,235,80.69,0
ACC-01118,Growth,E-commerce,9,455,13,0.659,0.436,174.0,1,0,18.0,5.0,55,337.84,0
ACC-01119,Starter,FinTech,3,859,9,0.238,0.436,32.0,2,0,12.0,3.5,96,52.5,0
ACC-01120,Enterprise,FinTech,77,386,12,0.627,0.527,440.0,1,0,34.0,4.0,297,5679.38,0
ACC-01121,Growth,SaaS,16,34,9,0.462,0.397,174.0,4,1,-1.0,4.1,313,718.12,0
ACC-01122,Starter,SaaS,4,531,10,0.291,0.28,54.0,0,0,7.0,5.0,324,80.51,0
ACC-01123,Enterprise,SaaS,72,280,30,0.738,0.787,937.0,1,0,66.0,3.7,43,8321.45,0
ACC-01124,Starter,SaaS,7,144,9,0.595,0.392,0.0,2,0,60.0,2.3,187,182.7,0
ACC-01125,Growth,SaaS,19,608,10,0.664,0.63,45.0,0,0,14.0,3.6,273,1040.86,0
ACC-01126,Growth,FinTech,34,621,14,0.443,,220.0,0,0,23.0,1.7,104,1453.32,1
ACC-01127,Growth,SaaS,36,323,9,0.264,0.269,269.0,4,0,-13.0,3.1,295,2141.26,0
ACC-01128,Growth,Other,32,204,19,0.394,0.712,111.0,0,0,27.0,3.4,349,1513.88,0
ACC-01129,Growth,SaaS,12,448,13,0.635,0.182,116.0,5,1,23.0,3.3,48,73767.57559438517,0
ACC-01130,Enterprise,FinTech,90,414,25,0.63,0.606,0.0,1,0,75.0,5.0,160,12488.63,0
ACC-01131,Enterprise,Other,144,872,19,0.5,0.61,982.0,1,1,40.0,5.0,152,15767.69,0
ACC-01132,Growth,SaaS,26,43,18,0.778,0.559,58.0,2,0,40.0,4.1,87,719.65,0
ACC-01133,Starter,FinTech,9,172,0,0.449,0.267,78.0,2,1,48.0,,356,92.73,0
ACC-01134,Growth,Other,22,720,13,0.624,0.484,254.0,5,3,25.0,4.1,261,1310.94,0
ACC-01135,Enterprise,E-commerce,102,854,22,0.751,0.647,590.0,1,0,54.0,5.0,295,8410.91,0
ACC-01136,Starter,SaaS,3,569,6,0.577,0.302,26.0,0,0,50.0,2.9,52,75.38,0
ACC-01137,Growth,Healthcare,17,294,15,0.43,0.56,227.0,2,0,44.0,3.8,326,804.12,0
ACC-01138,Growth,Healthcare,6,198,15,0.576,0.103,195.0,1,0,49.0,4.2,257,235.24,0
ACC-01139,Starter,FinTech,6,761,12,0.149,,20.0,1,1,89.0,5.0,302,92.93,1
ACC-01140,Growth,SaaS,27,547,16,0.548,0.64,209.0,1,0,-21.0,4.8,104,1365.13,0
ACC-01141,Starter,SaaS,9,375,9,0.585,0.386,29.0,2,0,,3.1,111,251.79,0
ACC-01142,Growth,Healthcare,32,401,17,0.756,0.589,59.0,1,0,26.0,4.2,49,972.55,0
ACC-01143,Enterprise,FinTech,43,145,14,0.96,0.639,502.0,2,0,60.0,3.4,102,4843.94,0
ACC-01144,Enterprise,SaaS,65,746,17,0.558,0.711,1201.0,0,0,,4.1,204,4692.43,0
ACC-01145,Starter,E-commerce,4,57,1,0.476,0.288,60.0,4,1,55.0,4.2,160,71.98,0
ACC-01146,Starter,Other,4,885,9,0.78,0.298,21.0,1,0,35.0,4.3,39,87.32,1
ACC-01147,Growth,SaaS,34,162,15,0.355,0.506,252.0,0,0,20.0,4.3,66,1371.85,0
ACC-01148,Enterprise,SaaS,114,124,26,0.781,0.508,447.0,1,0,55.0,,72,10002.92,0
ACC-01149,Growth,FinTech,30,78,15,0.495,0.454,205.0,2,1,29.0,3.6,150,875.99,1
ACC-01150,Enterprise,E-commerce,116,448,17,0.455,,75.0,0,0,65.0,4.5,354,8558.34,0
ACC-01151,Starter,FinTech,6,63,8,0.377,0.372,55.0,0,0,7.0,1.9,393,132.91,0
ACC-01152,Enterprise,Other,165,242,12,0.783,0.875,445.0,4,0,73.0,3.1,340,15708.26,0
ACC-01153,Starter,SaaS,3,721,5,0.305,0.647,78.0,1,0,59.0,2.9,319,67.68,0
ACC-01154,Starter,FinTech,6,678,0,0.349,0.59,44.0,2,0,32.0,4.6,30,141.66,0
ACC-01155,Growth,FinTech,21,317,14,0.689,,205.0,1,0,6.0,3.8,247,1089.87,0
ACC-01156,Starter,FinTech,1,44,6,0.291,,62.0,0,0,23.0,4.1,397,23.29,0
ACC-01157,Starter,FinTech,6,154,6,0.408,0.233,45.0,1,1,32.0,3.4,191,103.91,0
ACC-01158,Starter,Healthcare,9,496,3,0.252,0.136,21.0,1,0,65.0,4.2,352,167.74,0
ACC-01159,Growth,FinTech,18,427,10,,0.605,185.0,1,0,33.0,2.4,234,527.5,0
ACC-01160,Growth,Healthcare,12,773,16,0.583,0.569,29.0,1,0,58.0,4.8,205,313.01,0
ACC-01161,Starter,SaaS,3,442,1,0.845,0.165,68.0,3,0,,2.3,174,43.28,0
ACC-01162,Growth,E-commerce,25,358,15,0.736,0.751,94.0,0,0,33.0,4.7,21,750.45,0
ACC-01163,Enterprise,FinTech,127,568,16,0.978,1.0,452.0,1,0,35.0,1.6,332,14710.54,0
ACC-01164,Starter,E-commerce,7,756,0,0.441,0.308,93.0,1,0,100.0,2.9,220,182.27,0
ACC-01165,Starter,SaaS,2,738,13,0.598,0.129,,2,0,67.0,3.0,62,28.48,0
ACC-01166,Enterprise,Other,105,144,26,0.867,0.713,837.0,2,1,53.0,4.8,129,11249.59,0
ACC-01167,Enterprise,Other,20,384,18,1.0,0.62,654.0,2,0,50.0,4.6,185,2088.04,0
ACC-01168,Growth,Healthcare,7,827,11,0.556,0.682,176.0,0,0,71.0,2.9,218,363.19,0
ACC-01169,Enterprise,Other,190,729,19,0.578,0.678,557.0,2,0,,5.0,58,25975.22,0
ACC-01170,Starter,SaaS,4,715,3,0.48,0.198,27.0,0,0,-22.0,3.2,387,68.9,0
ACC-01171,Starter,E-commerce,4,116,4,0.247,0.357,81.0,1,1,46.0,4.4,171,47.46,0
ACC-01172,Growth,FinTech,18,360,15,0.841,0.544,40.0,3,0,29.0,3.3,220,1023.1,0
ACC-01173,Starter,Other,2,751,16,0.396,0.344,28.0,1,1,18.0,4.7,133,38.68,0
ACC-01174,Growth,SaaS,37,129,11,0.693,,324.0,0,0,56.0,,117,1793.47,0
ACC-01175,Growth,SaaS,30,649,18,0.436,0.746,168.0,1,0,-16.0,3.6,172,1703.38,0
ACC-01176,Growth,Healthcare,30,475,15,0.598,0.283,,0,0,64.0,2.5,330,1145.85,0
ACC-01177,Growth,SaaS,24,659,5,0.663,0.829,,2,0,75.0,,137,741.72,0
ACC-01178,Starter,Healthcare,1,607,7,0.309,0.38,0.0,2,1,9.0,4.0,201,12.87,0
ACC-01179,Starter,SaaS,2,97,6,,0.466,40.0,2,0,81.0,1.9,312,49228.88148224778,0
ACC-01180,Starter,E-commerce,1,128,14,0.59,,0.0,4,1,62.0,3.4,341,25.76,0
ACC-01181,Growth,Other,24,312,20,0.716,0.655,137.0,1,0,30.0,4.2,390,827.74,0
ACC-01182,Starter,E-commerce,3,840,9,0.308,0.313,85.0,0,0,33.0,4.9,391,41.03,0
ACC-01183,Starter,SaaS,3,844,12,0.299,0.315,96.0,1,0,,,35,68.43,0
ACC-01184,Starter,SaaS,3,689,6,0.582,,50.0,1,0,43.0,3.5,352,56.08,0
ACC-01185,Starter,SaaS,9,226,12,0.658,0.497,44.0,0,0,49.0,4.6,73,192.04,0
ACC-01186,Enterprise,SaaS,58,857,20,0.915,0.764,492.0,2,0,85.0,3.2,95,3690.46,0
ACC-01187,Starter,E-commerce,8,649,12,0.233,0.366,35.0,0,0,23.0,3.6,379,149.17,0
ACC-01188,Enterprise,FinTech,198,279,25,0.746,0.833,607.0,1,0,38.0,3.8,75,22766.23,0
ACC-01189,Starter,SaaS,5,644,10,0.743,0.398,9.0,1,1,43.0,2.9,254,99.63,0
ACC-01190,Growth,SaaS,9,398,10,0.646,,0.0,1,0,0.0,3.7,355,457.73,0
ACC-01191,Growth,Other,36,437,11,,0.384,152.0,2,2,51.0,3.4,392,1789.95,0
ACC-01192,Starter,SaaS,1,226,10,0.48,0.204,14.0,4,0,27.0,3.2,310,23.53,0
ACC-01193,Enterprise,FinTech,19,583,24,0.476,0.872,467.0,3,1,50.0,3.3,224,1588.56,0
ACC-01194,Enterprise,FinTech,96,256,21,0.725,0.651,570.0,2,1,33.0,5.0,39,8512.94,0
ACC-01195,Enterprise,SaaS,189,831,19,0.796,0.598,775.0,2,0,64.0,4.0,287,17771.86,0
ACC-01196,Starter,Other,3,142,8,0.72,0.277,14.0,0,0,-2.0,3.3,117,39.34,0
ACC-01197,Starter,SaaS,7,236,6,0.203,0.618,12.0,1,0,-10.0,3.7,116,168.01,0
ACC-01198,Growth,Healthcare,26,124,12,0.619,0.448,256.0,1,0,66.0,,333,1151.89,0
ACC-01199,Starter,E-commerce,6,227,16,0.453,0.184,31.0,2,0,,4.2,175,137.82,0
ACC-01200,Growth,Healthcare,17,608,11,0.514,0.465,160.0,2,0,61.0,4.2,357,561.58,0
ACC-01201,Growth,E-commerce,39,851,15,0.24,0.318,228.0,0,0,100.0,4.1,364,1754.58,0
ACC-01202,Growth,Healthcare,10,153,14,0.397,0.252,53.0,2,0,29.0,3.4,322,443.16,0
ACC-01203,Enterprise,FinTech,80,211,14,0.536,0.646,301.0,3,0,28.0,5.0,167,10006.2,0
ACC-01204,Growth,FinTech,27,132,7,0.429,0.464,273.0,2,1,44.0,3.3,293,1380.88,1
ACC-01205,Starter,Healthcare,3,729,7,,0.254,53.0,2,1,0.0,3.0,199,44.49,0
ACC-01206,Starter,E-commerce,2,487,0,0.709,,0.0,1,1,28.0,3.5,168,51.14,0
ACC-01207,Growth,E-commerce,17,336,21,0.528,0.16,3471.0,1,0,57.0,4.0,194,745.79,0
ACC-01208,Growth,SaaS,32,637,11,0.808,0.638,0.0,1,0,28.0,2.8,35,1917.72,0
ACC-01209,Starter,SaaS,3,89,5,0.054,0.236,42.0,2,0,,3.2,355,80.36,0
ACC-01210,Starter,FinTech,5,703,13,0.432,0.449,33.0,2,0,-7.0,3.8,132,120.09,0
ACC-01211,Growth,SaaS,24,98,12,0.717,0.316,33.0,0,0,57.0,3.3,205,689.7,0
ACC-01212,Enterprise,FinTech,19,528,23,0.81,0.486,295.0,5,1,73.0,3.7,145,1620.32,0
ACC-01213,Growth,SaaS,24,41,10,0.69,0.205,82.0,0,0,-14.0,3.1,387,1388.58,0
ACC-01214,Starter,E-commerce,8,192,7,,,79.0,0,0,50.0,4.1,371,97.81,0
ACC-01215,Starter,Healthcare,5,567,11,0.835,0.408,57.0,0,0,63.0,3.1,308,109.95,0
ACC-01216,Growth,E-commerce,8,521,9,0.868,0.417,109.0,1,1,42.0,4.5,289,309.47,0
ACC-01217,Starter,Healthcare,1,410,9,0.333,0.328,28.0,1,0,46.0,2.5,32,19.31,0
ACC-01218,Growth,SaaS,7,568,2,0.6,0.319,177.0,3,1,73.0,4.3,116,292.22,0
ACC-01219,Growth,SaaS,37,755,19,0.34,0.668,57.0,1,1,84.0,2.3,290,1833.16,0
ACC-01220,Starter,Healthcare,9,242,4,0.252,0.621,0.0,1,0,45.0,4.6,174,126.31,0
ACC-01221,Starter,Healthcare,8,875,7,0.651,0.479,5.0,1,0,9.0,4.6,243,212.77,0
ACC-01222,Starter,Healthcare,6,142,7,0.593,0.556,5.0,1,0,31.0,3.7,148,163.22,0
ACC-01223,Enterprise,E-commerce,51,880,16,0.776,0.711,227.0,0,0,42.0,3.3,44,7051.61,0
ACC-01224,Growth,Healthcare,17,834,8,0.659,0.477,89.0,1,0,7.0,3.7,167,919.43,0
ACC-01225,Starter,Healthcare,5,393,9,0.28,0.359,59.0,3,1,54.0,2.9,83,66.53,1
ACC-01226,Enterprise,Healthcare,39,99,23,0.762,0.527,675.0,0,0,15.0,4.3,153,2548.2,0
ACC-01227,Growth,Healthcare,35,374,9,0.413,0.366,218.0,4,1,85.0,4.8,91,1147.13,0
ACC-01228,Growth,SaaS,552,259,15,0.292,0.303,186.0,1,1,5.0,3.3,110,806.54,0
ACC-01229,Enterprise,SaaS,194,527,23,0.913,0.7,1215.0,1,0,,3.5,350,17809.76,0
ACC-01230,Starter,FinTech,5,219,5,0.413,0.42,63.0,3,0,10.0,2.4,306,106.93,0
ACC-01231,Starter,E-commerce,8,73,1,0.706,0.409,0.0,1,0,-11.0,4.4,254,192.67,0
ACC-01232,Growth,Healthcare,38,804,13,0.602,,272.0,2,0,68.0,3.2,138,1056.6,0
ACC-01233,Starter,FinTech,3,781,9,0.576,0.135,3.0,2,0,15.0,3.9,311,103.48,0
ACC-01234,Growth,SaaS,35,458,13,0.414,0.62,,3,1,47.0,3.8,144,1230.44,0
ACC-01235,Starter,Healthcare,3,768,4,,0.202,0.0,1,1,43.0,3.4,320,55.22,0
ACC-01236,Starter,SaaS,6,861,9,,0.358,35.0,3,1,7.0,4.0,130,114.53,0
ACC-01237,Starter,Healthcare,9,829,13,0.711,0.209,33.0,0,0,-23.0,4.6,373,164.27,0
ACC-01238,Growth,SaaS,17,747,10,0.346,0.363,237.0,0,0,28.0,3.1,260,943.23,1
ACC-01239,Starter,FinTech,3,52,6,0.581,0.224,40.0,4,2,53.0,4.2,94,45.54,1
ACC-01240,Starter,FinTech,8,682,19,0.455,0.195,32.0,0,0,29.0,3.1,260,197.43,0
ACC-01241,Enterprise,FinTech,177,827,21,0.764,0.759,1138.0,1,0,36.0,5.0,245,22269.42,0
ACC-01242,Starter,SaaS,2,170,1,0.203,,21.0,0,0,53.0,2.5,286,32.01,0
ACC-01243,Starter,SaaS,5,72,5,0.125,0.199,41.0,0,0,-6.0,4.4,122,136.02,0
ACC-01244,Starter,FinTech,8,319,4,0.407,0.088,,4,1,25.0,2.9,35,176.06,0
ACC-01245,Starter,FinTech,2,743,9,0.418,0.35,43.0,2,0,72.0,3.4,59,55.98,1
ACC-01246,Starter,Healthcare,1,740,8,0.31,0.45,0.0,0,0,24.0,4.2,296,11.91,0
ACC-01247,Growth,SaaS,10,531,10,0.663,0.412,201.0,4,0,42.0,2.7,383,429.54,0
ACC-01248,Starter,FinTech,6,885,15,0.822,0.496,44.0,0,0,23.0,4.8,83,135.76,0
ACC-01249,Enterprise,SaaS,104,158,20,0.648,0.694,540.0,0,0,30.0,3.4,54,11243.11,0
ACC-01250,Enterprise,Other,50,791,18,0.863,0.677,550.0,1,0,38.0,2.9,171,5923.18,0
ACC-01251,Starter,Healthcare,2,785,2,0.472,0.445,69.0,2,1,5.0,2.7,316,54.43,0
ACC-01252,Starter,Other,487,854,3,0.576,0.42,41.0,2,0,76.0,4.3,67,59.33,0
ACC-01253,Starter,Other,5,272,1,0.505,0.384,83.0,1,0,57.0,4.1,140,104.08,0
ACC-01254,Growth,FinTech,16,582,12,0.697,0.197,206.0,2,0,71.0,4.8,177,437.78,0
ACC-01255,Starter,Healthcare,9,258,3,0.51,0.313,61.0,2,0,34.0,4.1,42,147.6,1
ACC-01256,Enterprise,FinTech,162,441,24,0.694,0.77,,0,0,-3.0,2.6,382,10129.97,0
ACC-01257,Growth,Other,31,864,10,0.414,0.539,162.0,2,0,27.0,3.5,205,1808.81,0
ACC-01258,Enterprise,FinTech,123,470,24,0.903,0.571,630.0,1,0,50.0,,12,16436.23,0
ACC-01259,Growth,FinTech,34,695,15,0.435,0.573,124.0,2,0,57.0,3.7,313,1342.42,0
ACC-01260,Enterprise,Other,68,420,23,0.648,,510.0,0,0,36.0,4.2,266,8207.17,0
ACC-01261,Starter,Healthcare,8,14,11,0.086,0.349,84.0,1,0,8.0,3.9,355,100.99,0
ACC-01262,Starter,Other,3,151,16,0.506,0.413,18.0,0,0,63.0,3.5,131,34.88,0
ACC-01263,Starter,SaaS,4,609,3,0.282,0.412,,2,0,34.0,3.4,328,87.85,0
ACC-01264,Enterprise,SaaS,83,284,24,0.878,0.751,791.0,2,0,29.0,3.8,378,6937.43,0
ACC-01265,Growth,FinTech,28,290,15,0.964,0.598,122.0,3,1,42.0,4.6,102,1059.11,0
ACC-01266,Enterprise,FinTech,124,94,25,0.817,0.704,176.0,1,0,46.0,3.5,56,12044.82,0
ACC-01267,Starter,FinTech,2,741,7,0.532,,7.0,1,0,36.0,4.4,8,28.6,0
ACC-01268,Enterprise,FinTech,196,92,25,,0.805,582.0,3,2,,3.5,375,18177.79,0
ACC-01269,Growth,Healthcare,25,490,7,0.7,0.325,249.0,0,0,,2.9,167,626.45,0
ACC-01270,Growth,SaaS,23,290,8,,0.7,65.0,2,1,53.0,,335,990.59,0
ACC-01271,Enterprise,Healthcare,188,817,17,0.932,0.641,470.0,2,0,23.0,3.0,326,19441.43,0
ACC-01272,Starter,Other,8,604,7,,0.418,53.0,3,1,23.0,3.0,330,163.98,0
ACC-01273,Starter,E-commerce,7,74,7,0.383,0.396,62.0,0,0,33.0,3.5,392,75.41,1
ACC-01274,Growth,FinTech,30,557,10,0.585,0.562,0.0,1,0,55.0,4.4,268,1270.77,0
ACC-01275,Starter,SaaS,5,160,3,0.255,0.02,66.0,1,0,10.0,3.3,327,104.94,0
ACC-01276,Starter,SaaS,8,509,4,0.368,0.308,50.0,2,0,46.0,2.9,399,120.53,0
ACC-01277,Starter,Healthcare,1,229,0,0.344,0.149,4.0,2,0,43.0,3.3,202,27.74,0
ACC-01278,Starter,FinTech,6,677,6,0.414,0.45,10.0,0,0,51.0,3.6,40,128.92,1
ACC-01279,Enterprise,SaaS,174,433,20,0.836,0.654,686.0,1,1,46.0,3.4,202,13187.82,0
ACC-01280,Growth,Other,9,388,15,0.683,0.574,,2,0,48.0,3.1,67,432.65,0
ACC-01281,Starter,E-commerce,4,792,8,0.456,0.451,75.0,2,0,27.0,3.4,300,82.16,0
ACC-01282,Starter,Other,2,405,15,0.522,0.503,56.0,2,1,-3.0,2.5,277,22.36,0
ACC-01283,Growth,FinTech,25,222,17,0.664,0.484,52.0,1,0,,2.6,136,61410.61440359404,0
ACC-01284,Growth,Other,25,472,16,0.397,0.415,73.0,0,0,54.0,2.7,126,788.82,0
ACC-01285,Enterprise,SaaS,173,731,22,0.76,0.5,733.0,1,0,71.0,4.9,148,15817.74,0
ACC-01286,Enterprise,SaaS,102,72,22,0.825,0.888,322.0,4,1,38.0,4.5,310,11177.6,0
ACC-01287,Starter,Other,7,264,6,0.385,0.132,69.0,1,1,80.0,3.5,54,111.98,0
ACC-01288,Starter,Other,3,529,7,,0.172,23.0,2,0,43.0,4.5,165,47.75,0
ACC-01289,Growth,FinTech,29,227,22,0.583,0.719,193.0,1,0,29.0,3.1,294,925.99,0
ACC-01290,Growth,SaaS,33,678,13,0.573,0.44,199.0,5,2,42.0,1.7,381,1779.16,0
ACC-01291,Growth,FinTech,13,64,7,0.425,0.479,93.0,1,0,,4.6,300,526.65,0
ACC-01292,Growth,Healthcare,9,247,16,0.633,0.476,70.0,1,1,87.0,,147,501.73,0
ACC-01293,Growth,Other,21,535,17,0.433,0.897,55.0,0,0,34.0,3.1,176,798.25,0
ACC-01294,Starter,FinTech,4,771,8,0.49,0.282,32.0,0,0,34.0,3.5,392,75.09,0
ACC-01295,Starter,SaaS,8,326,0,,0.02,0.0,2,0,17.0,5.0,71,90.67,0
ACC-01296,Starter,E-commerce,9,249,13,0.536,0.436,76.0,1,0,64.0,3.6,77,180.83,0
ACC-01297,Starter,Healthcare,4,835,8,0.366,0.432,44.0,2,0,5.0,5.0,39,90.79,0
ACC-01298,Starter,FinTech,2,468,6,0.305,0.235,29.0,1,0,3.0,3.5,22,32.76,0
ACC-01299,Growth,E-commerce,29,193,18,0.425,0.289,49.0,0,0,1.0,2.4,89,1329.34,0
ACC-01300,Starter,Other,2,788,0,0.433,0.34,13.0,1,0,4.0,5.0,258,71392.57286061543,0
ACC-01301,Starter,SaaS,1,39,8,0.242,0.378,0.0,0,0,46.0,2.9,64,15.3,0
ACC-01302,Growth,E-commerce,12,667,11,0.377,0.775,299.0,1,0,,3.7,80,433.59,0
ACC-01303,Growth,E-commerce,30,816,20,0.677,0.517,,1,0,3.0,2.7,206,1774.27,0
ACC-01304,Starter,E-commerce,8,524,8,0.624,0.168,18.0,2,0,37.0,3.4,7,169.68,0
ACC-01305,Enterprise,Other,120,824,16,0.647,0.572,388.0,0,0,44.0,3.2,282,7331.47,0
ACC-01306,Enterprise,E-commerce,137,565,25,0.8,0.691,1101.0,2,0,37.0,3.9,221,11385.62,0
ACC-01307,Growth,E-commerce,6,543,2,,0.835,140.0,2,1,-28.0,4.0,295,210.38,0
ACC-01308,Growth,SaaS,35,110,15,0.929,0.585,198.0,1,0,,,372,1120.04,0
ACC-01309,Starter,Healthcare,9,172,1,0.425,0.172,7.0,1,0,53.0,3.5,139,241.16,1
ACC-01310,Enterprise,SaaS,141,633,18,0.734,0.556,564.0,0,0,37.0,3.6,185,9776.52,0
ACC-01311,Starter,SaaS,6,618,6,0.371,0.593,54.0,3,1,70.0,4.0,113,115.68,0
ACC-01312,Enterprise,FinTech,79,556,24,,0.611,125.0,1,0,65.0,4.5,231,8597.36,0
ACC-01313,Growth,E-commerce,34,199,23,0.424,0.558,124.0,1,0,0.0,,287,1354.55,0
ACC-01314,Starter,Other,8,88,0,0.56,0.273,69.0,4,1,61.0,4.2,30,216.67,1
ACC-01315,Starter,Healthcare,3,89,9,0.572,0.289,34.0,2,0,18.0,3.4,339,51276.189343572085,0
ACC-01316,Growth,Other,21,124,23,0.439,0.456,232.0,1,1,,,42,741.37,0
ACC-01317,Growth,FinTech,28,207,10,0.755,0.448,227.0,1,0,,2.6,98,909.98,0
ACC-01318,Starter,E-commerce,4,874,4,0.193,,7.0,0,0,17.0,4.6,37,105.63,1
ACC-01319,Growth,Other,8,704,14,0.561,0.801,241.0,5,0,63.0,5.0,298,415.78,0
ACC-01320,Enterprise,FinTech,138,171,24,0.956,0.535,,2,0,45.0,,144,14657.65,0
ACC-01321,Growth,Healthcare,23,286,16,,0.572,137.0,0,0,73.0,4.3,204,610.76,0
ACC-01322,Growth,E-commerce,14,807,11,0.566,0.618,161.0,3,0,33.0,4.3,199,497.37,0
ACC-01323,Starter,SaaS,7,412,3,0.332,0.091,55.0,2,1,64.0,3.6,369,78.37,0
ACC-01324,Growth,E-commerce,18,258,19,0.522,0.453,185.0,1,0,27.0,4.3,57,506.14,0
ACC-01325,Starter,SaaS,3,304,4,0.436,0.323,21.0,1,0,67.0,3.1,32,39.3,0
ACC-01326,Enterprise,SaaS,199,364,11,,0.767,556.0,1,0,49.0,4.4,331,23300.53,0
ACC-01327,Starter,SaaS,1,495,0,0.419,0.305,30.0,1,0,32.0,3.5,308,18.97,0
ACC-01328,Growth,SaaS,27,506,10,0.538,0.503,182.0,0,0,83.0,3.8,381,1285.34,0
ACC-01329,Starter,FinTech,7,485,14,0.553,0.422,37.0,2,1,15.0,4.4,298,80.78,0
ACC-01330,Starter,Other,4,568,2,0.045,0.022,23.0,0,0,34.0,5.0,264,87.7,1
ACC-01331,Growth,FinTech,29,277,20,0.458,0.535,215.0,3,1,53.0,4.8,369,1263.07,0
ACC-01332,Growth,Other,14,455,19,0.577,0.343,333.0,3,0,54.0,2.2,146,585.63,0
ACC-01333,Growth,E-commerce,7,748,14,0.573,0.64,0.0,0,0,10.0,3.3,42,199.66,0
ACC-01334,Enterprise,SaaS,136,322,9,0.642,0.51,711.0,0,0,4.0,3.2,376,11697.78,0
ACC-01335,Enterprise,SaaS,50,884,15,0.633,0.868,695.0,3,0,25.0,2.8,18,6607.45,0
ACC-01336,Enterprise,Other,187,455,17,0.556,0.811,291.0,2,0,,2.9,167,14314.84,0
ACC-01337,Starter,E-commerce,3,347,15,,0.521,27.0,3,0,,5.0,255,35.32,1
ACC-01338,Growth,Other,5,634,10,0.591,0.403,128.0,1,0,41.0,3.8,122,256.62,0
ACC-01339,Enterprise,FinTech,128,360,17,0.934,0.704,,1,1,72.0,4.4,389,14992.15,0
ACC-01340,Starter,Healthcare,5,365,8,0.421,0.29,50.0,0,0,46.0,4.7,50,127.77,0
ACC-01341,Starter,Healthcare,8,345,1,0.34,0.568,20.0,1,1,36.0,4.2,59,144.47,0
ACC-01342,Enterprise,Other,87,497,20,0.58,0.967,819.0,0,0,54.0,2.7,68,7241.93,0
ACC-01343,Growth,SaaS,31,51,9,0.65,0.464,102.0,0,0,25.0,3.5,33,1282.64,0
ACC-01344,Growth,Other,25,349,25,0.821,0.379,0.0,5,1,22.0,3.3,233,1235.94,0
ACC-01345,Enterprise,FinTech,148,694,16,0.791,0.871,500.0,3,2,25.0,2.9,17,15781.34,0
ACC-01346,Growth,Healthcare,31,306,22,0.566,0.538,194.0,2,0,39.0,4.8,314,1482.87,0
ACC-01347,Growth,E-commerce,27,491,8,0.508,0.488,140.0,1,0,73.0,4.0,319,1248.29,0
ACC-01348,Starter,E-commerce,6,278,8,0.524,0.576,8.0,3,1,61.0,1.9,360,118.26,0
ACC-01349,Starter,FinTech,4,848,9,0.162,0.298,0.0,0,0,64.0,3.0,109,59.31,0
ACC-01350,Starter,Healthcare,9,212,8,0.576,0.533,,0,0,6.0,3.5,200,39870.27523044338,0
ACC-01351,Growth,SaaS,11,702,13,0.352,0.414,140.0,2,1,23.0,2.7,296,341.87,0
ACC-01352,Enterprise,FinTech,88,688,24,0.664,0.796,275.0,1,0,68.0,4.8,360,6471.25,0
ACC-01353,Starter,E-commerce,1,373,9,0.332,0.479,50.0,4,0,40.0,3.5,304,21.67,0
ACC-01354,Starter,Healthcare,6,885,6,0.53,,39.0,1,0,15.0,1.3,149,110.75,0
ACC-01355,Enterprise,FinTech,144,888,17,0.647,0.76,693.0,4,0,64.0,5.0,145,14683.96,0
ACC-01356,Starter,Healthcare,2,39,6,0.239,0.442,13.0,1,1,-2.0,3.4,326,36.4,0
ACC-01357,Growth,FinTech,17,517,12,0.46,0.479,244.0,3,0,50.0,4.6,115,572.65,0
ACC-01358,Growth,E-commerce,37,187,12,0.699,0.358,267.0,0,0,7.0,3.7,319,1016.89,0
ACC-01359,Growth,E-commerce,14,898,13,0.493,0.486,325.0,0,0,58.0,3.2,156,472.13,0
ACC-01360,Starter,Healthcare,6,868,1,0.24,0.28,48.0,3,2,36.0,3.4,317,123.3,1
ACC-01361,Growth,Healthcare,10,388,8,0.572,0.284,45.0,2,0,58.0,4.5,366,555.07,1
ACC-01362,Starter,E-commerce,9,316,11,0.486,0.349,3701.0,2,1,21.0,4.0,182,97.25,0
ACC-01363,Growth,SaaS,9,739,3,0.757,0.348,250.0,4,1,-4.0,2.6,251,290.43,0
ACC-01364,Starter,E-commerce,7,358,12,0.681,0.584,16.0,1,0,25.0,4.6,373,84.49,0
ACC-01365,Growth,SaaS,10,661,10,0.54,0.863,30.0,1,0,5.0,3.5,200,441.76,0
ACC-01366,Growth,SaaS,16,601,21,0.647,0.379,96.0,0,0,35.0,3.5,52,950.81,0
ACC-01367,Starter,Healthcare,1,265,13,0.316,,23.0,2,0,28.0,4.0,370,22.91,0
ACC-01368,Starter,FinTech,5,326,6,0.555,0.363,24.0,1,0,70.0,5.0,37,119.88,0
ACC-01369,Starter,FinTech,7,840,6,0.57,0.327,31.0,2,0,17.0,3.7,256,82.86,0
ACC-01370,Starter,Other,9,450,14,0.148,0.471,0.0,1,0,21.0,3.7,329,176.79,0
ACC-01371,Starter,SaaS,7,383,13,0.328,0.364,29.0,0,0,18.0,,253,129.23,0
ACC-01372,Enterprise,SaaS,158,812,24,0.747,0.74,643.0,4,0,56.0,3.7,214,15840.26,0
ACC-01373,Starter,SaaS,9,521,12,0.355,0.176,53.0,1,0,43.0,4.1,132,144.65,0
ACC-01374,Enterprise,SaaS,161,514,15,0.836,0.588,165.0,2,1,-7.0,4.2,19,10490.35,0
ACC-01375,Enterprise,Healthcare,104,358,21,0.99,0.714,643.0,2,0,94.0,3.7,171,11016.65,0
ACC-01376,Starter,Healthcare,7,604,4,0.579,0.415,0.0,2,1,60.0,4.2,254,137.77,0
ACC-01377,Growth,E-commerce,24,53,8,0.342,0.652,231.0,2,0,27.0,3.5,231,743.93,0
ACC-01378,Enterprise,SaaS,181,206,21,0.675,0.685,1317.0,1,0,-13.0,3.1,179,14181.42,0
ACC-01379,Growth,E-commerce,18,740,11,0.739,0.71,72.0,0,0,41.0,4.4,390,704.49,0
ACC-01380,Growth,SaaS,38,245,12,0.515,0.53,37.0,1,0,29.0,3.7,176,1787.48,0
ACC-01381,Growth,Healthcare,36,886,11,0.584,0.54,9.0,0,0,,3.3,110,64691.337481575356,0
ACC-01382,Starter,E-commerce,3,803,1,0.311,0.466,106.0,2,0,52.0,2.7,91,53.6,0
ACC-01383,Growth,SaaS,31,352,21,0.63,0.608,,2,1,54.0,3.9,106,1066.69,0
ACC-01384,Enterprise,Healthcare,181,826,21,,0.75,627.0,3,0,91.0,3.7,339,25113.46,0
ACC-01385,Enterprise,Healthcare,58,647,14,0.692,0.629,0.0,1,0,7.0,2.4,258,6383.91,0
ACC-01386,Starter,FinTech,7,728,8,0.452,0.462,0.0,4,0,66.0,2.1,320,123.01,0
ACC-01387,Growth,E-commerce,34,430,20,0.433,0.307,153.0,0,0,10.0,4.3,15,972.49,1
ACC-01388,Starter,E-commerce,5,122,11,0.482,0.267,23.0,0,0,56.0,3.5,291,112.97,0
ACC-01389,Enterprise,SaaS,173,498,18,,0.803,,0,0,38.0,4.3,15,20596.4,0
ACC-01390,Starter,SaaS,5,739,5,0.223,0.332,,0,0,53.0,4.2,358,78.54,0
ACC-01391,Enterprise,Healthcare,30,94,16,0.81,0.843,1175.0,1,0,60.0,2.4,307,3105.97,0
ACC-01392,Enterprise,Other,184,31,17,0.558,0.881,471.0,3,1,5.0,,3,12954.46,0
ACC-01393,Starter,E-commerce,7,741,4,0.02,0.402,24.0,0,0,,3.8,134,94.5,0
ACC-01394,Starter,E-commerce,3,542,0,0.805,0.517,17.0,0,0,45.0,3.1,33,39.74,0
ACC-01395,Enterprise,E-commerce,147,476,18,0.874,0.579,2073.0,1,0,-9.0,4.1,171,14143.43,0
ACC-01396,Starter,FinTech,3,612,9,0.369,0.327,93.0,3,0,52.0,4.9,61,177.82,0
ACC-01397,Growth,SaaS,28,620,11,0.421,0.734,273.0,3,0,45.0,3.3,163,1028.48,0
ACC-01398,Enterprise,FinTech,176,391,21,1.0,0.735,511.0,1,0,-2.0,2.5,308,15308.2,0
ACC-01399,Growth,Other,38,555,20,0.481,0.783,37.0,2,0,54.0,3.0,73,1981.49,0
ACC-01400,Starter,Healthcare,4,438,15,0.494,0.41,4.0,1,0,55.0,4.0,166,76.33,0
ACC-01401,Growth,Other,25,197,13,0.466,0.407,156.0,1,0,10.0,5.0,28,775.6,0
ACC-01402,Starter,SaaS,6,671,11,0.37,0.333,53.0,1,0,55.0,2.9,81,112.81,0
ACC-01403,Enterprise,E-commerce,184,347,19,0.861,0.616,496.0,1,0,32.0,3.5,341,21456.14,0
ACC-01404,Starter,E-commerce,7,806,5,0.493,,0.0,1,0,-4.0,3.1,50,141.34,0
ACC-01405,Starter,SaaS,9,365,2,0.473,0.233,48.0,0,0,68.0,3.4,104,153.17,0
ACC-01406,Starter,SaaS,9,181,7,,0.112,56.0,1,0,40.0,,307,222.91,0
ACC-01407,Enterprise,Healthcare,173,747,25,0.858,0.447,632.0,2,0,76.0,2.7,388,17474.97,0
ACC-01408,Starter,E-commerce,3,136,1,0.701,0.228,52.0,3,1,17.0,4.3,231,57.99,0
ACC-01409,Enterprise,E-commerce,63,888,19,0.512,0.793,146.0,3,0,34.0,3.6,289,4500.54,0
ACC-01410,Growth,SaaS,34,572,11,0.461,0.718,130.0,1,0,46.0,3.0,378,1997.65,0
ACC-01411,Enterprise,E-commerce,162,440,21,1.0,0.782,8.0,2,1,65.0,4.9,199,11195.77,0
ACC-01412,Enterprise,SaaS,111,218,21,0.429,0.619,352.0,1,0,23.0,3.1,189,12941.17,0
ACC-01413,Enterprise,SaaS,62,192,22,0.882,0.626,2667.0,0,0,53.0,4.6,12,5539.95,0
ACC-01414,Enterprise,E-commerce,147,186,29,1.0,0.604,365.0,0,0,18.0,3.1,103,18990.27,0
ACC-01415,Starter,FinTech,7,752,3,,0.23,43.0,3,0,71.0,4.6,61,125.46,0
ACC-01416,Growth,Other,34,194,9,0.408,0.569,297.0,1,0,-23.0,3.5,207,1500.65,0
ACC-01417,Growth,FinTech,10,45,14,0.671,0.299,181.0,2,0,69.0,4.4,142,514.75,1
ACC-01418,Growth,SaaS,38,188,20,0.717,0.639,258.0,4,1,18.0,3.0,225,1378.46,0
ACC-01419,Enterprise,SaaS,48,554,13,0.826,0.574,2493.0,2,0,1.0,2.4,48,4279.19,0
ACC-01420,Enterprise,Healthcare,164,436,21,0.762,0.581,882.0,1,1,,4.8,273,12748.77,0
ACC-01421,Growth,SaaS,9,344,12,0.644,0.632,141.0,1,1,26.0,3.4,221,505.22,0
ACC-01422,Growth,SaaS,19,868,17,0.568,0.591,250.0,0,0,35.0,2.9,289,730.43,0
ACC-01423,Growth,FinTech,5,318,16,0.295,0.531,191.0,2,1,59.0,5.0,382,266.06,0
ACC-01424,Starter,SaaS,5,747,7,0.52,0.431,54.0,4,1,,2.8,111,69.65,1
ACC-01425,Starter,E-commerce,2,124,9,0.444,0.25,16.0,1,0,54.0,,133,25.52,0
ACC-01426,Starter,FinTech,1,495,4,0.679,0.258,31.0,0,0,45.0,3.9,268,10.96,0
ACC-01427,Starter,SaaS,8,130,11,0.796,0.472,28.0,3,2,19.0,3.8,145,120.78,1
ACC-01428,Starter,Healthcare,5,85,13,0.412,0.283,53.0,0,0,49.0,4.6,387,78.16,0
ACC-01429,Growth,FinTech,10,616,13,0.8,0.541,361.0,2,0,93.0,4.7,121,435.01,0
ACC-01430,Growth,E-commerce,20,610,11,0.618,0.694,158.0,1,1,56.0,3.5,257,1098.4,0
ACC-01431,Enterprise,SaaS,104,522,19,0.752,0.864,739.0,0,0,30.0,4.1,337,13415.11,0
ACC-01432,Growth,E-commerce,34,413,17,0.471,0.734,135.0,2,0,29.0,3.9,87,1753.56,0
ACC-01433,Starter,FinTech,5,253,7,0.685,0.44,11.0,1,0,38.0,2.7,34,83.45,0
ACC-01434,Starter,FinTech,5,703,2,0.553,0.351,71.0,3,0,12.0,3.9,159,99.43,0
ACC-01435,Starter,FinTech,5,181,11,0.296,0.434,22.0,0,0,67.0,5.0,340,130.73,0
ACC-01436,Enterprise,Other,151,451,16,0.348,0.763,918.0,1,0,21.0,4.5,136,12746.66,0
ACC-01437,Starter,SaaS,2,849,9,0.201,0.468,75.0,2,1,50.0,3.3,273,51.67,0
ACC-01438,Growth,Other,39,606,5,0.338,0.591,235.0,1,0,100.0,4.0,64,1407.63,0
ACC-01439,Enterprise,Other,167,762,20,0.803,0.625,505.0,0,0,21.0,4.4,301,12179.82,0
ACC-01440,Enterprise,FinTech,126,191,20,0.62,0.892,1278.0,2,1,27.0,2.7,353,14226.56,0
ACC-01441,Starter,FinTech,3,36,0,0.354,0.209,76.0,2,0,47.0,3.8,391,36.88,0
ACC-01442,Starter,FinTech,9,752,8,0.399,0.57,,1,0,63.0,,4,102.43,0
ACC-01443,Starter,Other,4,512,2,0.124,0.436,24.0,1,0,14.0,2.2,242,69.41,0
ACC-01444,Starter,E-commerce,8,704,7,0.825,0.581,14.0,0,0,52.0,,231,130.51,0
ACC-01445,Starter,E-commerce,4,760,5,0.339,0.406,89.0,0,0,47.0,2.0,327,88.86,0
ACC-01446,Growth,SaaS,10,345,6,0.332,0.389,260.0,0,0,,3.5,333,480.92,0
ACC-01447,Enterprise,Other,84,112,15,0.811,0.815,393.0,2,0,25.0,3.6,180,9318.8,0
ACC-01448,Growth,SaaS,32,867,9,0.431,,,2,0,68.0,,172,1360.33,0
ACC-01449,Growth,SaaS,26,284,17,0.579,0.591,103.0,3,2,,4.5,316,828.45,0
ACC-01450,Starter,SaaS,1,156,11,0.409,0.02,26.0,2,1,-6.0,4.1,138,19.83,1
ACC-01451,Enterprise,FinTech,199,519,30,0.818,0.618,259.0,2,0,28.0,,389,26620.78,0
ACC-01452,Growth,Other,13,31,11,0.448,0.734,3226.0,2,0,76.0,3.8,143,696.86,1
ACC-01453,Enterprise,Healthcare,75,66,18,0.784,0.502,437.0,0,0,-18.0,2.6,92,9174.56,0
ACC-01454,Enterprise,SaaS,192,690,21,0.878,0.742,757.0,1,0,39.0,3.8,298,24559.77,0
ACC-01455,Starter,FinTech,9,92,5,0.605,0.403,26.0,1,0,49.0,2.9,255,204.26,0
ACC-01456,Starter,Healthcare,3,546,4,0.395,0.294,95.0,2,1,37.0,2.4,313,74.18,0
ACC-01457,Starter,E-commerce,4,415,7,0.214,0.513,15.0,2,0,-4.0,,386,62.27,0
ACC-01458,Growth,SaaS,37,112,16,0.339,,241.0,2,1,27.0,2.1,372,1878.08,0
ACC-01459,Enterprise,FinTech,37,849,10,0.639,0.877,1017.0,1,0,19.0,2.3,374,3986.6,0
ACC-01460,Starter,E-commerce,6,155,4,0.441,0.254,53.0,2,0,84.0,4.2,232,45557.61038127085,0
ACC-01461,Growth,Other,7,590,7,0.578,0.414,164.0,1,0,7.0,3.7,257,359.93,0
ACC-01462,Growth,E-commerce,11,129,12,0.452,0.586,296.0,0,0,52.0,2.7,193,575.27,0
ACC-01463,Starter,SaaS,1,537,9,0.678,0.482,54.0,0,0,8.0,4.2,338,12.73,0
ACC-01464,Starter,Healthcare,1,161,12,0.425,0.243,3133.0,0,0,,3.8,357,13.65,0
ACC-01465,Growth,SaaS,39,801,11,0.711,0.747,6.0,2,1,26.0,2.4,112,1668.68,0
ACC-01466,Growth,Other,38,422,13,0.472,,182.0,0,0,23.0,3.1,319,1940.27,0
ACC-01467,Growth,FinTech,15,21,5,0.311,0.542,252.0,4,1,,4.1,336,575.54,0
ACC-01468,Starter,SaaS,9,59,3,0.295,0.321,63.0,1,0,22.0,4.3,262,154.21,0
ACC-01469,Growth,FinTech,32,495,14,0.51,0.409,146.0,1,0,-4.0,4.2,37,1283.04,0
ACC-01470,Starter,SaaS,9,474,1,0.479,0.331,37.0,4,1,17.0,3.6,31,241.97,1
ACC-01471,Enterprise,SaaS,192,306,26,0.469,0.551,298.0,1,0,35.0,4.4,66,24866.53,0
ACC-01472,Starter,E-commerce,1,550,9,0.585,0.439,3531.0,1,0,57.0,3.6,303,25.65,0
ACC-01473,Starter,Healthcare,4,720,3,0.385,0.512,11.0,2,0,,4.7,132,109.09,0
ACC-01474,Growth,Healthcare,33,658,6,0.647,0.651,154.0,3,0,,5.0,89,1424.92,1
ACC-01475,Growth,FinTech,17,677,10,0.494,0.366,65.0,1,0,4.0,3.8,134,941.48,1
ACC-01476,Growth,SaaS,30,852,9,0.662,0.299,20.0,1,0,-12.0,5.0,289,1372.05,0
ACC-01477,Growth,FinTech,33,196,8,0.531,0.674,117.0,1,0,79.0,3.7,208,1337.05,0
ACC-01478,Enterprise,FinTech,183,87,14,0.477,0.53,929.0,0,0,35.0,2.9,330,13971.69,0
ACC-01479,Growth,SaaS,22,121,12,0.531,0.474,183.0,1,0,2.0,5.0,290,1225.02,0
ACC-01480,Growth,Other,27,45,16,0.549,0.728,228.0,1,0,,4.0,288,921.88,0
ACC-01481,Growth,Other,11,273,10,0.36,0.785,59.0,2,0,16.0,3.8,342,618.67,0
ACC-01482,Starter,SaaS,7,137,9,0.428,0.076,70.0,2,0,14.0,4.8,366,183.91,0
ACC-01483,Growth,Healthcare,35,830,12,0.759,0.541,246.0,0,0,52.0,4.9,258,1756.52,0
ACC-01484,Starter,E-commerce,1,312,10,0.55,0.45,0.0,2,0,79.0,3.6,235,22.08,0
ACC-01485,Growth,SaaS,17,207,9,0.493,0.651,118.0,0,0,62.0,3.5,267,708.16,0
ACC-01486,Starter,E-commerce,5,479,8,0.395,0.406,9.0,1,1,8.0,2.1,383,86.49,0
ACC-01487,Enterprise,SaaS,69,395,21,0.771,0.706,53.0,4,0,20.0,4.5,206,5204.93,0
ACC-01488,Growth,SaaS,30,17,19,0.34,,195.0,3,0,20.0,4.2,185,1504.1,1
ACC-01489,Enterprise,Other,129,864,23,0.671,0.667,155.0,1,0,50.0,3.8,146,13844.38,0
ACC-01490,Growth,E-commerce,14,627,14,0.687,0.568,171.0,1,1,50.0,2.7,210,485.29,0
ACC-01491,Starter,SaaS,4,744,0,0.603,0.446,78.0,1,0,13.0,5.0,187,84.07,0
ACC-01492,Enterprise,FinTech,80,861,18,0.745,0.64,3593.0,2,1,47.0,4.6,116,8100.92,0
ACC-01493,Growth,Other,615,798,9,0.732,0.501,170.0,1,0,55.0,3.9,212,268.94,0
ACC-01494,Growth,FinTech,32,235,9,0.571,0.492,31.0,1,0,45.0,2.8,390,1156.21,1
ACC-01495,Growth,Other,7,690,13,0.469,0.518,136.0,0,0,17.0,4.7,86,413.78,0
ACC-01496,Growth,Other,35,21,14,0.317,,171.0,1,0,58.0,3.7,273,892.58,0
ACC-01497,Enterprise,FinTech,87,334,21,0.663,0.618,639.0,2,1,54.0,2.6,221,6690.61,0
ACC-01498,Growth,Healthcare,17,681,19,,0.38,,2,0,36.0,3.7,11,465.47,0
ACC-01499,Starter,E-commerce,3,633,9,0.511,0.451,10.0,1,0,60.0,3.3,370,39.86,0
ACC-01500,Growth,Healthcare,34,696,7,0.427,0.623,258.0,2,0,63.0,3.5,208,1732.33,0
ACC-01501,Growth,FinTech,4,684,14,0.526,,57.0,1,0,99.0,4.3,329,944.67,0
ACC-01502,Enterprise,SaaS,155,52,23,0.85,0.656,1979.0,4,0,42.0,5.0,218,15272.15,0
ACC-01503,Starter,SaaS,2,530,13,0.584,0.163,57.0,2,0,42.0,3.1,312,34.75,0
ACC-01504,Growth,E-commerce,38,560,12,0.731,0.552,140.0,1,0,2.0,3.5,25,1001.2,0
ACC-01505,Enterprise,Healthcare,136,151,19,0.756,,,2,1,55.0,4.4,335,13632.3,0
ACC-01506,Growth,Healthcare,5,229,18,0.582,0.58,321.0,0,0,32.0,4.4,209,186.28,0
ACC-01507,Growth,E-commerce,38,445,14,0.65,0.81,78.0,2,0,37.0,4.4,230,1484.31,0
ACC-01508,Growth,SaaS,26,574,6,0.411,0.421,159.0,0,0,-1.0,5.0,391,1136.04,0
ACC-01509,Starter,SaaS,9,767,0,0.412,0.246,28.0,0,0,,2.6,80,114.41,0
ACC-01510,Growth,Healthcare,8,657,21,0.648,,201.0,1,0,31.0,4.0,295,246.95,0
ACC-01511,Starter,E-commerce,1,878,0,0.373,0.144,66.0,0,0,2.0,3.2,129,27.79,0
ACC-01512,Starter,Healthcare,6,211,6,0.326,0.051,,2,0,57.0,2.8,85,148.73,1
ACC-01513,Growth,SaaS,12,361,17,0.618,0.574,171.0,0,0,49.0,4.3,281,386.08,0
ACC-01514,Growth,FinTech,17,245,5,0.622,0.326,313.0,3,0,56.0,,95,578.64,0
ACC-01515,Enterprise,Other,37,803,15,,0.708,16.0,0,0,35.0,3.3,278,4308.32,0
ACC-01516,Starter,SaaS,3,555,1,0.656,0.49,0.0,1,0,76.0,3.9,318,54.12,0
ACC-01517,Starter,SaaS,5,463,15,0.275,0.259,12.0,3,2,100.0,2.8,167,82.87,0
ACC-01518,Enterprise,E-commerce,122,529,29,0.596,0.52,300.0,0,0,34.0,5.0,295,10112.58,0
ACC-01519,Starter,E-commerce,3,303,4,0.452,0.369,44.0,1,0,39.0,4.2,308,32.57,0
ACC-01520,Starter,Other,3,799,10,0.541,0.351,27.0,3,1,36.0,,120,44.66,1
ACC-01521,Starter,Other,2,558,8,0.177,0.044,19.0,2,1,19.0,3.6,389,24.14,0
ACC-01522,Growth,Healthcare,33,466,12,0.57,0.62,235.0,0,0,-4.0,,285,1090.85,0
ACC-01523,Enterprise,SaaS,33,638,13,0.601,0.912,401.0,1,0,29.0,2.9,365,2755.23,0
ACC-01524,Growth,FinTech,28,722,23,0.732,0.605,412.0,0,0,57.0,2.5,303,1144.76,0
ACC-01525,Growth,Other,9,364,5,0.625,0.366,25.0,4,3,40.0,4.0,174,229.44,1
ACC-01526,Starter,FinTech,7,662,8,0.452,0.473,14.0,2,0,22.0,4.4,287,131.08,0
ACC-01527,Starter,Other,1,721,4,0.582,0.444,20.0,0,0,68.0,3.8,65,21.27,0
ACC-01528,Growth,E-commerce,17,603,18,0.548,0.543,333.0,2,0,49.0,2.8,289,860.98,0
ACC-01529,Starter,SaaS,9,117,11,0.732,0.133,0.0,1,1,100.0,5.0,67,125.75,0
ACC-01530,Starter,E-commerce,4,183,3,0.289,0.478,77.0,1,0,57.0,2.9,10,97.04,0
ACC-01531,Starter,Healthcare,1,41,3,,0.579,31.0,2,1,52.0,3.4,247,11.27,0
ACC-01532,Starter,SaaS,5,258,0,0.168,0.261,0.0,1,1,,3.9,260,132.97,0
ACC-01533,Growth,FinTech,19,159,14,0.503,0.44,192.0,3,0,,3.3,121,778.5,0
ACC-01534,Growth,Healthcare,23,516,16,0.719,0.784,106.0,1,0,10.0,4.4,396,1091.48,0
ACC-01535,Starter,SaaS,1,819,5,0.607,0.127,19.0,1,0,41.0,4.7,4,14.44,0
ACC-01536,Growth,FinTech,23,72,12,0.424,0.516,61.0,3,0,36.0,3.4,263,1338.78,0
ACC-01537,Growth,Healthcare,36,266,22,0.709,0.557,150.0,1,0,54.0,1.6,71,1342.02,0
ACC-01538,Growth,Healthcare,20,53,17,0.523,0.463,183.0,1,0,48.0,3.7,112,45433.49144984822,0
ACC-01539,Enterprise,E-commerce,107,88,26,0.71,0.778,336.0,0,0,43.0,4.7,59,13587.58,0
ACC-01540,Growth,Other,38,58,3,0.52,0.534,194.0,2,2,70.0,4.2,334,1846.01,0
ACC-01541,Enterprise,Other,178,551,22,1.0,0.759,840.0,2,0,78.0,4.2,398,22682.74,0
ACC-01542,Starter,FinTech,5,830,8,0.369,0.256,29.0,2,1,76.0,3.2,199,63.77,1
ACC-01543,Starter,SaaS,8,656,1,0.841,0.537,71.0,0,0,61.0,4.7,297,116.39,0
ACC-01544,Starter,Healthcare,4,624,2,0.594,0.156,,3,0,50.0,3.8,378,67.92,1
ACC-01545,Growth,SaaS,37,152,12,0.646,0.214,,2,0,61.0,4.1,16,1453.39,0
ACC-01546,Starter,Other,3,755,1,0.358,0.404,82.0,0,0,50.0,4.6,388,36.21,0
ACC-01547,Starter,E-commerce,9,527,3,0.252,0.243,57.0,2,0,63.0,4.1,19,113.13,0
ACC-01548,Growth,FinTech,31,867,11,,0.506,245.0,1,0,,4.3,154,1777.32,0
ACC-01549,Starter,E-commerce,6,360,10,0.719,0.403,8.0,2,0,,3.3,163,119.14,0
ACC-01550,Starter,E-commerce,6,635,4,0.218,0.316,15.0,2,0,76.0,3.2,110,56167.960054336894,0
ACC-01551,Starter,Other,2,439,5,0.357,0.25,2.0,1,0,61.0,3.5,122,42.52,0
ACC-01552,Growth,SaaS,11,470,18,0.486,0.584,0.0,1,0,58.0,4.5,299,540.08,0
ACC-01553,Starter,Other,9,108,0,0.537,0.548,31.0,1,0,40.0,1.9,303,191.37,0
ACC-01554,Starter,SaaS,2,438,8,0.646,0.494,3078.0,2,0,41.0,3.3,152,49.66,0
ACC-01555,Starter,Healthcare,9,162,9,0.384,0.338,7.0,1,0,16.0,2.6,329,163.53,0
ACC-01556,Growth,Other,31,674,15,0.735,0.442,26.0,5,0,40.0,4.0,226,1281.32,0
ACC-01557,Enterprise,FinTech,151,641,18,0.772,0.46,0.0,1,0,44.0,2.6,32,12788.81,0
ACC-01558,Growth,SaaS,34,782,8,0.711,0.752,286.0,1,0,47.0,2.8,342,1245.16,0
ACC-01559,Growth,Healthcare,5,422,20,0.479,0.515,,0,0,9.0,3.0,51,272.98,0
ACC-01560,Enterprise,Other,171,749,16,0.724,0.736,976.0,2,0,80.0,3.8,112,15582.98,0
ACC-01561,Enterprise,FinTech,26,802,15,0.841,,,2,0,30.0,4.2,321,1929.2,0
ACC-01562,Growth,E-commerce,24,450,13,0.407,0.501,182.0,3,0,3.0,3.2,315,846.62,0
ACC-01563,Enterprise,Healthcare,96,852,17,0.723,0.351,535.0,1,0,19.0,3.6,273,10521.79,0
ACC-01564,Enterprise,SaaS,152,699,25,0.906,0.614,467.0,1,0,13.0,4.8,18,16059.12,0
ACC-01565,Growth,E-commerce,23,271,12,0.698,,287.0,1,1,21.0,3.3,296,1035.08,0
ACC-01566,Growth,FinTech,27,436,18,0.526,0.652,48.0,0,0,49.0,4.2,194,1573.72,0
ACC-01567,Starter,SaaS,7,103,9,0.329,0.273,17.0,0,0,66.0,5.0,152,133.09,0
ACC-01568,Starter,Healthcare,1,354,5,0.425,0.128,2.0,2,0,31.0,3.9,259,26.9,1
ACC-01569,Growth,FinTech,14,333,18,0.433,0.746,132.0,3,0,-24.0,,281,416.02,0
ACC-01570,Growth,Other,11,277,10,0.519,,384.0,4,2,4.0,4.8,29,490.83,1
ACC-01571,Starter,E-commerce,3,328,6,0.616,0.61,0.0,1,0,49.0,5.0,40,165.41,0
ACC-01572,Growth,E-commerce,11,62,15,0.698,,36.0,5,1,10.0,4.9,316,622.41,0
ACC-01573,Growth,FinTech,6,415,14,1.0,0.959,234.0,2,0,36.0,5.0,353,269.97,0
ACC-01574,Enterprise,FinTech,111,192,17,0.967,,1147.0,1,0,7.0,,136,12667.08,0
ACC-01575,Starter,Healthcare,3,217,0,0.784,0.181,0.0,0,0,35.0,4.8,203,160.59,0
ACC-01576,Starter,E-commerce,1,660,7,0.533,0.02,14.0,1,1,31.0,4.2,252,14.23,1
ACC-01577,Growth,Healthcare,27,800,10,0.365,0.558,214.0,1,0,33.0,4.8,49,1106.09,0
ACC-01578,Enterprise,FinTech,3,166,20,0.704,0.772,1246.0,4,1,,4.8,20,12244.25,0
ACC-01579,Enterprise,SaaS,180,511,18,0.59,0.488,894.0,0,0,1.0,,82,14339.38,0
ACC-01580,Enterprise,SaaS,110,812,17,0.552,0.702,3405.0,1,0,63.0,3.4,55,9817.59,0
ACC-01581,Enterprise,Healthcare,133,552,19,0.54,0.565,322.0,1,0,32.0,2.8,310,8437.62,0
ACC-01582,Starter,FinTech,5,83,7,0.254,0.338,0.0,1,0,59.0,3.9,150,105.89,0
ACC-01583,Starter,E-commerce,6,700,10,0.525,0.192,0.0,1,0,41.0,2.7,283,134.15,0
ACC-01584,Starter,FinTech,9,59,9,0.296,0.316,53.0,1,0,52.0,3.9,134,181.67,1
ACC-01585,Growth,FinTech,39,560,22,0.474,0.354,66.0,2,0,30.0,4.7,240,2009.52,0
ACC-01586,Enterprise,Healthcare,42,440,21,0.817,0.628,387.0,4,2,36.0,,282,4773.71,0
ACC-01587,Starter,E-commerce,3,481,4,,0.168,18.0,3,1,20.0,2.7,203,46.92,0
ACC-01588,Growth,Other,17,211,12,0.928,0.465,83.0,0,0,39.0,4.7,297,754.98,0
ACC-01589,Starter,SaaS,3,799,10,0.612,0.574,28.0,0,0,44.0,2.7,102,57.21,0
ACC-01590,Starter,E-commerce,3,105,12,0.031,0.391,9.0,1,0,8.0,3.4,316,44.92,0
ACC-01591,Starter,SaaS,7,844,13,0.426,0.109,0.0,2,0,45.0,3.3,119,87.94,0
ACC-01592,Starter,Healthcare,9,67,2,0.531,0.51,40.0,0,0,56.0,3.8,41,217.72,1
ACC-01593,Enterprise,E-commerce,91,282,26,1.0,0.622,518.0,0,0,81.0,3.8,395,12536.82,0
ACC-01594,Starter,FinTech,2,481,7,0.399,0.287,19.0,1,0,37.0,4.0,330,53592.615464054405,0
ACC-01595,Enterprise,Healthcare,140,471,16,0.748,0.775,614.0,1,1,,3.6,219,18653.36,0
ACC-01596,Growth,FinTech,13,243,12,0.712,0.665,4.0,3,1,-4.0,3.0,379,526.9,0
ACC-01597,Starter,SaaS,2,269,12,0.275,0.046,0.0,1,0,28.0,4.2,264,29.67,0
ACC-01598,Starter,FinTech,9,506,9,0.691,0.162,38.0,0,0,55.0,2.2,127,172.22,0
ACC-01599,Enterprise,SaaS,120,33,15,0.797,0.618,,3,0,32.0,5.0,84,11314.76,0
ACC-01600,Starter,Other,4,145,2,0.499,0.338,36.0,3,2,-19.0,4.0,154,65.83,0
ACC-01601,Enterprise,Healthcare,22,364,14,0.778,0.626,584.0,3,1,30.0,4.3,36,1856.83,0
ACC-01602,Starter,Healthcare,2,35,4,,0.293,43.0,1,0,36.0,5.0,86,55.14,0
ACC-01603,Growth,Other,527,90,13,0.372,0.758,12.0,1,0,40.0,3.8,309,706.91,0
ACC-01604,Enterprise,Healthcare,130,38,15,0.587,0.536,653.0,0,0,73.0,,231,9656.66,0
ACC-01605,Starter,FinTech,3,738,5,,0.413,83.0,0,0,52.0,3.9,156,74.74,0
ACC-01606,Starter,SaaS,2,113,13,0.448,0.154,46.0,2,0,18.0,4.6,274,54.8,1
ACC-01607,Enterprise,FinTech,129,177,27,0.579,0.501,670.0,4,1,35.0,3.7,164,9504.67,0
ACC-01608,Starter,Other,4,719,14,0.347,0.591,35.0,0,0,17.0,3.1,114,57.72,0
ACC-01609,Growth,Other,23,397,5,0.743,0.552,39.0,1,0,50.0,3.5,98,1345.92,0
ACC-01610,Growth,Healthcare,10,411,21,,0.064,198.0,1,0,35.0,3.7,388,344.4,0
ACC-01611,Starter,SaaS,1,595,7,0.299,0.337,15.0,2,0,44.0,3.6,317,22.35,0
ACC-01612,Growth,SaaS,32,566,13,0.327,0.62,280.0,1,0,26.0,3.1,172,964.91,0
ACC-01613,Growth,Other,6,380,18,0.47,0.491,109.0,1,0,-5.0,,121,269.74,0
ACC-01614,Starter,SaaS,8,789,10,0.27,0.02,28.0,4,0,40.0,3.0,41,209.62,1
ACC-01615,Enterprise,E-commerce,129,215,12,0.882,0.735,471.0,0,0,48.0,4.7,309,16008.56,0
ACC-01616,Starter,FinTech,1,202,4,0.257,0.317,14.0,1,1,70.0,,309,20.58,0
ACC-01617,Starter,FinTech,7,469,5,,0.072,47.0,0,0,42.0,5.0,194,101.24,0
ACC-01618,Growth,E-commerce,38,786,7,0.513,0.565,143.0,2,0,30.0,3.3,234,1611.26,0
ACC-01619,Enterprise,Other,72,808,24,0.818,,814.0,1,0,80.0,2.9,301,9832.47,0
ACC-01620,Starter,Healthcare,6,674,13,0.489,0.456,78.0,2,1,33.0,3.8,228,111.15,0
ACC-01621,Starter,FinTech,5,17,7,0.546,0.166,9.0,0,0,25.0,4.2,200,81.02,1
ACC-01622,Growth,FinTech,9,659,14,0.641,0.388,134.0,5,0,38.0,2.9,107,233.87,0
ACC-01623,Enterprise,Other,106,159,20,0.612,0.788,,2,0,36.0,4.3,202,11312.07,0
ACC-01624,Starter,E-commerce,7,785,7,0.529,0.527,4.0,2,0,21.0,2.9,12,75.6,1
ACC-01625,Starter,FinTech,3,114,12,0.319,0.439,22.0,1,0,10.0,4.0,229,82.14,0
ACC-01626,Growth,Healthcare,12,125,5,0.879,0.377,68.0,1,0,39.0,3.6,156,693.1,0
ACC-01627,Starter,SaaS,1,470,9,0.693,0.341,46.0,1,0,-2.0,5.0,12,25.75,0
ACC-01628,Starter,SaaS,1,492,7,0.473,0.257,78.0,0,0,28.0,3.4,298,19.71,0
ACC-01629,Starter,Other,6,314,4,0.639,0.498,26.0,0,0,28.0,4.0,120,148.64,0
ACC-01630,Starter,E-commerce,6,442,5,0.252,0.142,0.0,1,0,37.0,2.4,318,167.36,0
ACC-01631,Growth,SaaS,23,647,21,0.388,0.516,412.0,1,0,42.0,,65,1261.08,0
ACC-01632,Enterprise,FinTech,26,602,14,0.777,0.691,0.0,0,0,27.0,3.7,343,1628.54,0
ACC-01633,Growth,Other,39,645,12,0.426,0.583,127.0,1,0,33.0,4.4,332,1854.91,0
ACC-01634,Growth,E-commerce,15,224,20,,,216.0,1,0,43.0,3.5,7,380.03,0
ACC-01635,Enterprise,E-commerce,173,509,14,0.846,0.681,2374.0,2,0,35.0,4.5,5,18157.51,0
ACC-01636,Starter,SaaS,1,126,5,0.802,0.231,28.0,1,0,21.0,2.8,254,15.08,0
ACC-01637,Starter,Other,2,228,7,0.57,,78.0,2,0,39.0,3.9,346,52.1,0
ACC-01638,Enterprise,Other,87,876,22,0.84,0.716,600.0,1,0,83.0,3.5,73,10264.23,0
ACC-01639,Starter,E-commerce,7,51,7,0.234,0.446,0.0,1,0,41.0,3.9,70,182.05,0
ACC-01640,Growth,FinTech,15,426,9,0.76,0.5,114.0,4,0,44.0,3.7,259,761.06,0
ACC-01641,Growth,Healthcare,7,450,15,0.17,0.669,189.0,1,0,24.0,4.5,66,300.83,0
ACC-01642,Starter,Healthcare,3,219,7,0.047,0.1,71.0,2,1,28.0,2.9,26,74.29,0
ACC-01643,Growth,Healthcare,39,58,16,,0.453,213.0,0,0,21.0,2.7,396,1685.15,0
ACC-01644,Starter,Other,6,127,11,0.304,0.54,42.0,2,0,35.0,3.2,393,101.07,0
ACC-01645,Starter,E-commerce,1,661,0,0.283,,50.0,0,0,56.0,3.3,312,26.75,1
ACC-01646,Growth,FinTech,6,539,18,0.762,0.408,148.0,0,0,34.0,3.3,49,267.07,0
ACC-01647,Starter,FinTech,1,508,6,0.26,0.425,10.0,1,0,64.0,5.0,133,23.38,0
ACC-01648,Growth,Healthcare,25,144,17,0.859,0.558,69.0,2,0,39.0,3.4,360,807.06,0
ACC-01649,Enterprise,SaaS,158,496,22,0.841,0.577,742.0,0,0,17.0,5.0,397,10421.03,0
ACC-01650,Enterprise,SaaS,190,176,28,0.872,0.646,852.0,2,0,38.0,3.5,51,15063.79,0
ACC-01651,Starter,Healthcare,7,290,7,0.137,0.09,54.0,2,0,16.0,4.3,243,122.16,0
ACC-01652,Starter,FinTech,5,857,5,0.485,0.459,0.0,1,0,19.0,3.8,348,99.09,0
ACC-01653,Starter,Healthcare,8,410,5,0.547,0.265,26.0,2,1,29.0,3.1,25,199.08,0
ACC-01654,Starter,SaaS,6,39,2,0.53,0.246,79.0,5,1,83.0,3.3,356,155.53,1
ACC-01655,Enterprise,FinTech,85,540,24,0.749,0.645,874.0,2,0,60.0,4.5,12,7529.3,0
ACC-01656,Starter,SaaS,4,179,2,0.343,0.396,46.0,2,0,10.0,2.1,258,109.22,0
ACC-01657,Starter,Healthcare,2,18,11,0.587,0.454,27.0,1,0,36.0,3.6,62,48.58,0
ACC-01658,Enterprise,Healthcare,28,608,19,,0.328,411.0,4,1,66.0,2.5,86,2018.53,0
ACC-01659,Starter,FinTech,9,575,0,0.109,0.41,,2,1,50.0,4.5,338,218.32,0
ACC-01660,Starter,FinTech,4,206,14,0.41,0.474,31.0,0,0,36.0,2.3,288,86.98,0
ACC-01661,Starter,SaaS,8,670,0,0.46,0.371,71.0,2,1,,2.3,347,187.33,0
ACC-01662,Growth,Healthcare,4,175,13,0.368,0.505,176.0,6,0,10.0,3.6,277,505.06,0
ACC-01663,Growth,Other,34,458,14,0.793,,155.0,0,0,33.0,3.3,66,1271.81,0
ACC-01664,Starter,Healthcare,8,507,0,0.538,0.228,,2,1,64.0,4.1,33,87.44,1
ACC-01665,Enterprise,SaaS,586,113,22,0.782,0.667,,1,0,72.0,3.4,365,3497.15,0
ACC-01666,Enterprise,E-commerce,179,630,17,0.767,0.664,425.0,1,0,,2.0,364,14085.72,0
ACC-01667,Enterprise,FinTech,22,460,19,0.982,0.678,915.0,0,0,,1.0,298,1583.69,0
ACC-01668,Starter,SaaS,5,395,13,0.227,0.258,23.0,1,0,18.0,3.4,116,112.06,0
ACC-01669,Starter,SaaS,1,667,8,0.561,0.389,34.0,2,1,52.0,5.0,299,14.46,0
ACC-01670,Enterprise,SaaS,96,706,18,0.744,0.685,,2,0,-21.0,2.3,338,12877.36,0
ACC-01671,Starter,SaaS,6,451,6,0.237,,43.0,3,0,,5.0,138,150.25,0
ACC-01672,Growth,Healthcare,17,736,21,,0.277,0.0,0,0,10.0,3.4,296,54684.92507848225,0
ACC-01673,Growth,FinTech,31,60,15,0.181,0.417,72.0,1,0,-2.0,3.2,326,1073.61,0
ACC-01674,Starter,Healthcare,1,566,3,0.052,0.26,0.0,0,0,43.0,3.9,127,19.82,1
ACC-01675,Growth,Other,8,260,11,0.479,0.595,125.0,0,0,14.0,4.0,199,436.42,0
ACC-01676,Enterprise,E-commerce,143,525,15,0.528,0.592,1237.0,2,1,13.0,3.4,283,15401.78,0
ACC-01677,Growth,FinTech,21,567,11,0.608,0.585,263.0,2,0,35.0,3.0,399,657.42,0
ACC-01678,Growth,Healthcare,31,737,20,0.631,0.486,188.0,0,0,6.0,3.6,27,1003.01,0
ACC-01679,Enterprise,SaaS,15,508,19,0.716,0.795,653.0,1,0,6.0,3.2,165,1535.6,0
ACC-01680,Growth,FinTech,33,27,7,0.841,0.848,129.0,0,0,49.0,,173,1169.93,0
ACC-01681,Growth,FinTech,29,880,15,0.813,0.548,220.0,2,0,49.0,3.1,16,1456.09,0
ACC-01682,Enterprise,Healthcare,162,466,18,0.952,,451.0,1,0,65.0,4.7,158,18147.44,0
ACC-01683,Growth,Healthcare,23,122,16,0.537,0.522,228.0,2,1,,2.8,80,1169.45,0
ACC-01684,Starter,Other,4,128,6,0.468,0.373,35.0,3,1,,2.3,235,76.0,1
ACC-01685,Starter,Healthcare,9,42,14,0.531,0.511,48.0,1,0,38.0,4.2,310,102.02,0
ACC-01686,Starter,E-commerce,4,210,3,0.578,0.284,35.0,0,0,75.0,4.7,326,57.71,0
ACC-01687,Growth,Healthcare,469,250,8,0.489,0.661,163.0,4,1,57.0,3.6,360,806.37,0
ACC-01688,Growth,Other,30,854,17,0.725,0.792,284.0,2,0,11.0,3.1,359,1098.21,0
ACC-01689,Growth,FinTech,16,734,4,0.587,0.593,134.0,0,0,50.0,3.0,33,457.72,0
ACC-01690,Starter,Other,3,17,6,0.283,0.55,15.0,0,0,19.0,,244,33.49,0
ACC-01691,Growth,Other,28,312,17,0.389,0.576,278.0,1,0,30.0,4.3,37,1096.57,0
ACC-01692,Enterprise,E-commerce,189,286,10,0.627,0.766,868.0,1,0,49.0,4.8,323,13803.4,0
ACC-01693,Starter,SaaS,5,412,7,0.626,0.514,26.0,3,0,49.0,3.8,160,138.83,0
ACC-01694,Growth,SaaS,9,150,6,0.551,0.731,23.0,2,1,30.0,3.0,195,246.98,0
ACC-01695,Growth,Healthcare,19,251,5,0.205,0.454,77.0,1,0,-3.0,3.0,78,546.92,0
ACC-01696,Growth,SaaS,38,519,8,0.383,0.328,2287.0,3,0,30.0,3.1,22,1326.04,0
ACC-01697,Starter,FinTech,3,474,6,,0.225,26.0,1,1,,,97,39.83,0
ACC-01698,Growth,E-commerce,7,762,10,0.821,0.553,61.0,2,0,-16.0,3.3,198,298.19,0
ACC-01699,Enterprise,Other,69,833,25,0.587,0.643,0.0,3,0,28.0,3.3,354,5012.55,0
ACC-01700,Growth,Other,13,360,13,0.502,0.501,75.0,1,0,18.0,2.8,255,747.1,0
ACC-01701,Enterprise,Healthcare,166,736,18,1.0,0.766,183.0,0,0,27.0,2.5,264,16730.72,0
ACC-01702,Enterprise,FinTech,68,755,14,0.783,0.808,376.0,2,0,24.0,4.4,335,8153.87,0
ACC-01703,Starter,SaaS,9,320,8,0.392,0.248,37.0,2,0,-10.0,3.5,243,130.97,0
ACC-01704,Growth,E-commerce,9,404,22,0.533,0.398,64.0,0,0,23.0,3.7,184,368.46,0
ACC-01705,Growth,SaaS,6,569,10,0.515,0.344,9.0,3,0,22.0,5.0,102,39300.81592348395,0
ACC-01706,Enterprise,E-commerce,114,819,17,0.553,0.847,422.0,2,1,46.0,1.7,138,8279.86,0
ACC-01707,Starter,Other,472,700,2,0.472,0.202,10.0,1,0,1.0,3.1,91,127.24,0
ACC-01708,Starter,E-commerce,7,764,12,0.514,0.081,19.0,2,0,37.0,3.0,252,78.84,0
ACC-01709,Enterprise,E-commerce,115,716,24,0.728,0.712,1020.0,0,0,10.0,,11,12161.58,0
ACC-01710,Starter,E-commerce,8,172,5,0.343,0.314,2678.0,3,0,49.0,2.2,179,172.53,1
ACC-01711,Growth,Healthcare,18,203,10,0.334,0.816,55.0,2,2,61.0,5.0,25,730.76,0
ACC-01712,Starter,FinTech,5,798,3,0.56,0.039,24.0,0,0,67.0,,220,106.68,0
ACC-01713,Enterprise,FinTech,107,411,19,0.765,0.881,755.0,2,0,,3.9,367,11000.58,0
ACC-01714,Enterprise,SaaS,114,184,25,0.653,0.745,827.0,0,0,-35.0,2.9,399,8540.02,0
ACC-01715,Starter,E-commerce,9,278,7,0.49,0.416,0.0,2,1,18.0,4.9,208,217.13,0
ACC-01716,Growth,FinTech,25,448,19,0.64,0.657,169.0,3,0,63.0,4.1,108,1235.38,0
ACC-01717,Starter,E-commerce,8,506,4,0.414,0.401,48.0,2,0,12.0,,49,93.3,0
ACC-01718,Growth,Healthcare,22,187,3,0.754,0.466,171.0,3,0,72.0,3.6,358,691.93,0
ACC-01719,Growth,SaaS,5,237,25,0.285,0.691,229.0,0,0,40.0,4.8,169,149.07,0
ACC-01720,Enterprise,E-commerce,48,356,21,,,9.0,1,0,43.0,3.6,260,5652.1,0
ACC-01721,Starter,SaaS,3,203,11,0.622,0.199,52.0,0,0,23.0,2.1,323,60.17,0
ACC-01722,Starter,SaaS,7,887,3,0.453,0.575,109.0,1,0,64.0,4.2,134,100.09,0
ACC-01723,Growth,SaaS,34,31,7,0.542,0.364,84.0,1,0,58.0,4.8,238,1296.24,0
ACC-01724,Growth,SaaS,38,691,14,0.633,0.361,86.0,0,0,,2.7,152,1636.35,0
ACC-01725,Growth,Other,21,273,4,0.658,0.488,95.0,2,0,-17.0,3.5,177,1174.34,0
ACC-01726,Starter,Other,9,504,6,0.836,,43.0,2,0,11.0,2.8,38,241.71,0
ACC-01727,Starter,Healthcare,9,286,12,0.642,0.434,65.0,0,0,-25.0,2.7,252,241.29,0
ACC-01728,Enterprise,E-commerce,115,842,22,0.928,0.849,1273.0,2,0,60.0,3.3,75,12576.29,0
ACC-01729,Starter,Healthcare,3,875,8,0.408,0.121,45.0,4,0,65.0,1.7,217,79.78,1
ACC-01730,Starter,Other,8,332,15,0.409,0.517,31.0,1,0,27.0,3.3,375,43594.044613834296,0
ACC-01731,Enterprise,E-commerce,97,39,22,0.869,0.815,203.0,1,0,,3.2,392,12438.47,0
ACC-01732,Starter,SaaS,2,167,0,0.422,0.245,100.0,3,0,31.0,2.3,346,38.17,0
ACC-01733,Growth,Healthcare,23,648,12,0.67,0.598,131.0,0,0,75.0,4.0,367,1038.89,0
ACC-01734,Starter,Other,2,748,16,,,55.0,4,0,40.0,4.9,380,55.23,0
ACC-01735,Enterprise,SaaS,173,49,19,0.749,0.75,410.0,1,0,24.0,5.0,151,15196.83,0
ACC-01736,Growth,FinTech,20,24,21,0.422,0.549,119.0,0,0,36.0,3.9,270,1020.79,0
ACC-01737,Enterprise,FinTech,46,449,25,0.87,0.695,1135.0,0,0,38.0,2.5,15,3085.96,0
ACC-01738,Starter,FinTech,1,726,5,0.477,0.229,63.0,6,1,47.0,4.2,61,21.72,0
ACC-01739,Growth,Healthcare,6,693,8,0.652,0.551,58.0,1,0,15.0,4.4,21,330.75,0
ACC-01740,Growth,FinTech,6,33,15,0.284,0.499,138.0,0,0,13.0,3.2,139,350.82,0
ACC-01741,Starter,Other,8,889,13,0.574,,83.0,1,0,,,52,93.56,0
ACC-01742,Starter,Healthcare,4,265,0,0.535,0.454,85.0,0,0,17.0,2.8,263,109.51,0
ACC-01743,Starter,SaaS,4,217,8,0.358,0.343,41.0,1,0,50.0,3.2,61,102.13,0
ACC-01744,Enterprise,Healthcare,126,328,11,0.755,0.942,827.0,2,1,45.0,2.6,316,16976.89,0
ACC-01745,Growth,Healthcare,14,684,11,0.38,0.371,,1,0,62.0,3.4,260,719.9,0
ACC-01746,Growth,E-commerce,20,296,6,,0.239,130.0,0,0,-35.0,4.0,347,772.88,0
ACC-01747,Growth,FinTech,20,587,16,0.813,0.468,139.0,1,0,50.0,3.4,287,871.15,0
ACC-01748,Growth,Healthcare,20,229,10,0.628,0.561,0.0,1,0,28.0,4.5,75,1183.31,0
ACC-01749,Growth,FinTech,7,118,18,0.543,0.495,269.0,1,1,36.0,3.3,87,398.09,0
ACC-01750,Growth,SaaS,23,109,11,0.554,0.341,81.0,3,1,30.0,5.0,351,1374.73,0
ACC-01751,Growth,FinTech,15,403,10,0.726,0.685,,1,0,30.0,4.8,268,724.36,0
ACC-01752,Starter,SaaS,5,16,0,0.455,0.432,30.0,2,0,37.0,4.0,347,85.96,0
ACC-01753,Enterprise,Healthcare,168,509,22,0.516,0.519,614.0,2,1,60.0,4.3,357,22089.78,0
ACC-01754,Enterprise,SaaS,71,700,22,,0.756,523.0,2,1,62.0,5.0,326,9098.62,0
ACC-01755,Starter,E-commerce,2,512,11,0.538,0.245,7.0,3,2,3.0,,339,20.34,0
ACC-01756,Growth,FinTech,17,418,16,0.723,0.349,83.0,0,0,46.0,4.1,277,1015.14,0
ACC-01757,Starter,Healthcare,1,164,9,,0.438,0.0,1,0,16.0,3.5,362,16.73,0
ACC-01758,Enterprise,FinTech,92,157,23,,0.592,70.0,1,0,39.0,2.9,286,10847.14,0
ACC-01759,Enterprise,Other,64,116,23,0.656,0.932,945.0,2,1,39.0,3.2,112,3589.24,0
ACC-01760,Enterprise,Other,78,86,24,0.604,0.755,608.0,1,1,54.0,3.5,153,5995.89,0
ACC-01761,Starter,SaaS,1,512,0,0.407,0.141,59.0,0,0,2.0,3.7,108,21.2,0
ACC-01762,Starter,Healthcare,4,260,5,0.321,0.204,36.0,1,0,50.0,3.9,388,55.12,0
ACC-01763,Starter,SaaS,1,600,0,0.514,0.29,47.0,1,0,41.0,4.6,300,25.08,0
ACC-01764,Starter,Healthcare,6,327,8,0.277,,40.0,2,1,62.0,,187,61.89,0
ACC-01765,Starter,E-commerce,3,299,14,0.543,0.351,49.0,2,0,25.0,5.0,20,47.48,0
ACC-01766,Starter,FinTech,4,422,11,,0.332,53.0,2,1,52.0,,325,50.47,0
ACC-01767,Enterprise,SaaS,108,335,17,0.953,0.753,534.0,2,1,10.0,3.9,21,14275.08,0
ACC-01768,Starter,FinTech,6,103,9,0.304,0.325,69.0,0,0,16.0,4.7,183,113.79,0
ACC-01769,Starter,Healthcare,7,36,9,0.484,0.288,0.0,1,0,42.0,3.2,276,93.06,0
ACC-01770,Enterprise,Healthcare,147,882,21,0.706,0.723,,2,0,14.0,3.3,380,8368.18,0
ACC-01771,Growth,SaaS,31,109,7,0.603,0.606,151.0,0,0,48.0,5.0,288,1473.63,0
ACC-01772,Growth,FinTech,6,252,19,0.58,0.517,0.0,3,0,-19.0,5.0,306,305.55,0
ACC-01773,Growth,FinTech,25,373,8,0.449,0.496,195.0,2,0,36.0,3.7,147,964.49,0
ACC-01774,Enterprise,E-commerce,113,404,18,0.467,0.816,627.0,1,0,37.0,3.6,251,11873.71,0
ACC-01775,Growth,SaaS,23,678,17,0.528,0.473,234.0,0,0,26.0,4.2,270,813.96,0
ACC-01776,Growth,FinTech,4,642,11,0.697,0.88,240.0,2,1,58.0,,86,922.08,0
ACC-01777,Growth,Other,28,551,13,0.44,,175.0,1,1,43.0,4.0,334,1422.89,0
ACC-01778,Growth,FinTech,19,288,14,0.45,0.471,243.0,2,1,26.0,2.1,293,1089.73,1
ACC-01779,Starter,Healthcare,4,858,7,0.399,0.323,80.0,1,1,21.0,2.7,155,64.29,0
ACC-01780,Growth,FinTech,34,87,14,0.67,0.588,154.0,1,1,39.0,2.9,109,1128.03,0
ACC-01781,Starter,FinTech,5,289,8,0.263,0.367,54.0,2,0,37.0,,146,59.64,0
ACC-01782,Growth,E-commerce,19,347,13,0.622,0.391,235.0,2,0,33.0,3.6,221,578.02,0
ACC-01783,Starter,SaaS,6,323,3,0.504,0.165,106.0,0,0,56.0,3.8,71,103.83,0
ACC-01784,Starter,SaaS,6,503,0,0.555,0.253,88.0,1,1,12.0,3.9,276,63.37,1
ACC-01785,Starter,Other,4,59,11,0.464,0.346,10.0,3,1,33.0,4.5,344,107.72,0
ACC-01786,Enterprise,Other,108,759,25,0.79,0.731,902.0,0,0,81.0,3.9,389,6945.43,0
ACC-01787,Starter,Healthcare,4,155,9,0.397,0.162,0.0,2,0,32.0,4.5,282,74.99,0
ACC-01788,Growth,SaaS,5,339,14,0.362,0.659,171.0,3,0,22.0,4.3,63,135.07,0
ACC-01789,Enterprise,SaaS,196,528,16,,0.604,494.0,1,0,34.0,2.5,375,17307.2,0
ACC-01790,Starter,SaaS,9,802,0,0.481,0.133,8.0,1,0,25.0,4.4,320,165.62,0
ACC-01791,Growth,Other,37,508,12,0.598,0.676,215.0,1,0,30.0,2.1,329,2001.59,0
ACC-01792,Starter,Healthcare,4,497,0,0.132,0.441,,3,0,51.0,3.8,378,87.34,0
ACC-01793,Starter,E-commerce,3,232,8,0.093,0.4,0.0,3,0,43.0,2.7,14,30.65,1
ACC-01794,Growth,Other,20,649,19,0.616,0.649,337.0,2,1,-13.0,3.8,216,568.75,0
ACC-01795,Enterprise,SaaS,103,510,17,0.714,0.673,902.0,2,1,70.0,2.9,386,11935.2,0
ACC-01796,Starter,E-commerce,9,40,4,0.323,0.278,43.0,0,0,30.0,3.4,304,191.57,0
ACC-01797,Growth,SaaS,26,385,8,0.404,0.512,129.0,0,0,20.0,3.8,263,1372.89,1
ACC-01798,Starter,FinTech,9,807,7,0.275,0.173,15.0,3,0,48.0,4.1,356,191.43,0
ACC-01799,Growth,Other,27,774,13,0.387,,296.0,1,0,,3.5,391,60710.01141869671,0
ACC-01800,Growth,Other,18,203,8,0.867,0.696,200.0,1,1,57.0,4.1,260,831.73,0
ACC-01801,Growth,SaaS,28,670,17,0.786,0.37,0.0,1,0,33.0,5.0,357,1563.63,0
ACC-01802,Growth,SaaS,17,302,25,0.326,0.521,,2,0,45.0,2.8,247,476.89,0
ACC-01803,Starter,E-commerce,7,688,12,0.353,,58.0,0,0,35.0,3.2,229,142.56,0
ACC-01804,Growth,SaaS,36,477,13,0.762,0.655,217.0,2,0,4.0,4.5,168,1824.32,0
ACC-01805,Growth,E-commerce,21,298,12,0.486,0.288,46.0,1,0,18.0,3.7,206,1226.36,0
ACC-01806,Growth,E-commerce,5,864,11,0.636,,256.0,3,1,0.0,5.0,274,209.92,0
ACC-01807,Starter,FinTech,9,228,5,,0.357,28.0,3,0,94.0,3.6,85,206.61,0
ACC-01808,Growth,FinTech,37,320,17,0.689,0.477,238.0,0,0,18.0,,284,1446.14,0
ACC-01809,Starter,SaaS,1,840,12,0.434,0.492,97.0,2,0,43.0,3.0,237,18.41,1
ACC-01810,Starter,Other,4,209,2,0.529,0.02,0.0,3,0,,4.6,308,58.69,1
ACC-01811,Starter,FinTech,4,189,9,0.473,0.275,72.0,1,1,37.0,4.2,169,44.06,0
ACC-01812,Growth,E-commerce,17,865,18,0.529,0.682,111.0,2,0,47.0,2.4,244,724.2,0
ACC-01813,Growth,FinTech,32,442,11,0.684,0.633,77.0,2,0,24.0,3.3,345,1361.19,0
ACC-01814,Starter,Healthcare,1,730,6,0.525,0.265,,1,0,,3.9,348,11.15,0
ACC-01815,Enterprise,SaaS,158,92,23,0.561,0.738,895.0,1,0,,3.6,110,11538.03,0
ACC-01816,Growth,SaaS,18,601,16,0.115,0.552,113.0,1,1,27.0,4.4,51,864.76,0
ACC-01817,Growth,Healthcare,11,106,15,0.635,0.569,131.0,2,0,,1.9,57,353.53,0
ACC-01818,Growth,Healthcare,26,376,14,0.474,0.473,,2,0,24.0,3.4,298,1516.73,0
ACC-01819,Growth,SaaS,16,193,15,0.369,0.375,0.0,0,0,54.0,2.2,256,876.28,0
ACC-01820,Growth,FinTech,36,386,12,0.52,0.308,14.0,0,0,14.0,4.2,117,1507.18,0
ACC-01821,Enterprise,Other,27,361,15,0.701,0.649,307.0,3,0,77.0,4.6,300,3102.21,0
ACC-01822,Growth,SaaS,34,856,6,0.367,0.454,122.0,0,0,73.0,3.4,117,1452.07,0
ACC-01823,Growth,SaaS,32,600,16,0.722,0.908,104.0,2,1,34.0,2.9,257,1833.8,0
ACC-01824,Growth,FinTech,23,75,13,0.458,0.388,161.0,1,0,64.0,3.7,382,720.47,0
ACC-01825,Growth,FinTech,39,445,15,0.348,,,2,0,42.0,4.7,259,2143.06,0
ACC-01826,Starter,E-commerce,9,685,3,0.479,0.258,99.0,0,0,11.0,3.4,199,222.14,0
ACC-01827,Growth,Healthcare,6,450,13,0.353,,67.0,0,0,69.0,3.1,122,157.86,0
ACC-01828,Growth,E-commerce,18,546,13,0.329,0.296,168.0,1,0,4.0,4.2,42,905.8,0
ACC-01829,Enterprise,E-commerce,192,468,26,1.0,0.683,770.0,2,1,32.0,4.3,265,23362.22,0
ACC-01830,Growth,FinTech,32,872,17,0.406,0.192,154.0,1,1,19.0,3.3,398,1751.75,1
ACC-01831,Growth,Healthcare,10,595,10,,0.551,130.0,1,1,67.0,,181,425.62,0
ACC-01832,Enterprise,SaaS,156,508,22,0.786,0.934,1173.0,1,0,37.0,3.6,87,21094.73,0
ACC-01833,Growth,FinTech,37,848,10,0.454,0.66,193.0,0,0,32.0,,123,2005.98,0
ACC-01834,Starter,Healthcare,4,262,0,0.405,0.339,66.0,2,0,41.0,,390,87.76,0
ACC-01835,Starter,FinTech,7,682,15,0.271,0.371,21.0,2,0,76.0,3.1,387,187.45,0
ACC-01836,Starter,SaaS,7,705,5,0.465,0.32,12.0,1,0,63.0,2.6,296,75.21,0
ACC-01837,Starter,FinTech,7,341,12,0.435,0.492,3.0,0,0,78.0,4.2,326,92.71,0
ACC-01838,Growth,Healthcare,12,887,10,0.593,0.934,229.0,0,0,22.0,2.6,256,567.61,0
ACC-01839,Growth,SaaS,17,275,9,0.94,0.536,103.0,2,0,63.0,3.7,172,631.65,0
ACC-01840,Growth,Healthcare,30,818,11,0.707,0.389,,1,0,25.0,1.3,326,1096.2,0
ACC-01841,Starter,Healthcare,2,30,8,0.61,0.411,39.0,1,0,-6.0,3.4,67,27.52,0
ACC-01842,Growth,E-commerce,8,275,14,0.395,0.473,229.0,4,2,22.0,3.4,224,463.04,0
ACC-01843,Starter,SaaS,8,284,9,0.22,0.278,42.0,0,0,28.0,4.2,246,155.18,0
ACC-01844,Enterprise,Healthcare,156,320,18,0.544,0.777,595.0,4,1,3.0,4.4,72,9949.64,0
ACC-01845,Starter,SaaS,4,400,7,0.604,0.262,53.0,0,0,86.0,3.0,131,40.02,0
ACC-01846,Growth,Other,28,682,9,0.476,0.465,20.0,3,1,9.0,4.6,322,1605.41,0
ACC-01847,Starter,Healthcare,7,395,14,0.245,0.357,63.0,2,0,36.0,2.5,244,168.67,0
ACC-01848,Growth,SaaS,22,543,7,0.561,0.369,90.0,0,0,10.0,3.7,174,1106.53,0
ACC-01849,Starter,Healthcare,7,115,3,0.501,0.359,20.0,0,0,,4.4,169,188.84,0
ACC-01850,Growth,E-commerce,38,24,11,0.548,,155.0,4,1,35.0,3.5,160,1781.81,0
ACC-01851,Starter,FinTech,4,363,18,0.312,0.449,48.0,5,0,40.0,2.9,77,111.08,1
ACC-01852,Enterprise,FinTech,30,139,23,0.897,0.589,1267.0,1,0,52.0,3.1,242,1831.39,0
ACC-01853,Growth,E-commerce,29,110,9,0.808,0.552,,1,1,17.0,4.6,368,1575.19,0
ACC-01854,Growth,Healthcare,9,89,17,0.587,0.346,66.0,1,0,62.0,3.8,310,228.56,0
ACC-01855,Enterprise,Other,59,255,22,,0.717,820.0,1,1,34.0,3.7,294,7333.71,0
ACC-01856,Enterprise,SaaS,60,172,21,0.818,0.784,534.0,3,1,-26.0,4.0,37,8112.76,1
ACC-01857,Starter,E-commerce,2,142,10,0.33,0.103,71.0,4,0,15.0,4.0,243,45.01,0
ACC-01858,Starter,Healthcare,7,284,7,0.376,0.242,40.0,3,0,,2.9,341,153.05,0
ACC-01859,Starter,E-commerce,2,239,8,0.58,,20.0,0,0,55.0,3.3,309,37.05,0
ACC-01860,Starter,FinTech,4,870,0,0.104,0.332,0.0,2,0,23.0,3.8,120,107.03,0
ACC-01861,Growth,FinTech,39,580,19,0.723,,16.0,1,0,41.0,4.4,265,1838.24,0
ACC-01862,Enterprise,Healthcare,134,613,18,0.729,0.435,814.0,2,1,52.0,4.1,52,13202.03,0
ACC-01863,Enterprise,FinTech,140,622,14,0.979,0.567,702.0,3,1,51.0,3.5,30,19099.24,0
ACC-01864,Growth,SaaS,7,62,11,,0.515,192.0,1,0,87.0,4.0,130,300.81,0
ACC-01865,Growth,E-commerce,23,451,11,0.494,0.681,108.0,1,0,48.0,4.9,266,1219.58,0
ACC-01866,Enterprise,SaaS,49,552,16,0.739,0.504,589.0,0,0,64.0,2.9,47,3928.69,0
ACC-01867,Enterprise,SaaS,171,845,23,0.733,0.65,549.0,0,0,57.0,5.0,305,9899.79,0
ACC-01868,Starter,SaaS,7,400,11,0.275,,,4,0,21.0,4.7,198,93.23,1
ACC-01869,Growth,Healthcare,24,256,4,0.503,0.274,116.0,1,0,57.0,2.5,368,886.12,0
ACC-01870,Enterprise,Other,154,682,18,0.81,0.788,587.0,0,0,34.0,3.1,65,14927.0,0
ACC-01871,Starter,FinTech,3,177,5,0.611,0.269,18.0,3,0,25.0,,115,75.99,0
ACC-01872,Growth,SaaS,9,797,12,,0.537,282.0,2,1,52.0,4.2,376,407.37,0
ACC-01873,Enterprise,Healthcare,43,330,28,0.64,0.66,672.0,1,0,66.0,2.7,17,4495.03,0
ACC-01874,Enterprise,SaaS,45,71,16,0.651,0.701,645.0,3,1,50.0,5.0,11,2988.3,0
ACC-01875,Enterprise,Other,173,326,27,0.868,0.744,582.0,1,0,84.0,4.0,15,10969.45,0
ACC-01876,Growth,E-commerce,17,882,12,0.815,0.423,157.0,1,0,57.0,2.8,97,696.19,0
ACC-01877,Starter,SaaS,2,397,14,0.781,0.02,38.0,1,0,76.0,3.2,283,48.87,1
ACC-01878,Starter,FinTech,3,65,6,0.333,,0.0,3,1,32.0,,361,52.94,0
ACC-01879,Growth,FinTech,31,344,11,0.446,0.5,6.0,0,0,-8.0,4.7,49,1853.62,0
ACC-01880,Growth,Healthcare,25,662,13,0.638,0.369,215.0,1,0,11.0,2.3,210,914.49,1
ACC-01881,Growth,SaaS,38,62,19,0.748,0.533,254.0,3,0,45.0,5.0,54,1010.86,0
ACC-01882,Growth,Other,16,814,14,0.673,0.549,198.0,1,0,10.0,2.0,177,944.37,0
ACC-01883,Starter,Healthcare,8,681,8,0.503,0.02,37.0,0,0,40.0,,120,170.01,0
ACC-01884,Growth,Other,14,680,16,0.644,0.555,84.0,1,0,46.0,4.5,339,751.61,0
ACC-01885,Starter,Other,3,681,3,0.419,0.661,16.0,1,0,16.0,3.6,196,42.79,0
ACC-01886,Starter,SaaS,564,147,9,0.349,0.323,41.0,0,0,52.0,3.8,200,33.73,1
ACC-01887,Starter,E-commerce,476,724,4,0.174,,2.0,1,0,48.0,3.8,201,66.53,0
ACC-01888,Starter,Other,6,198,14,0.565,0.347,83.0,2,2,8.0,2.5,322,132.78,0
ACC-01889,Enterprise,FinTech,19,150,22,0.667,0.704,501.0,2,0,40.0,3.2,142,1732.97,0
ACC-01890,Growth,SaaS,9,50,16,0.453,0.439,158.0,2,1,86.0,4.1,74,495.49,0
ACC-01891,Starter,FinTech,9,141,0,,,9.0,2,0,37.0,3.1,345,135.36,0
ACC-01892,Growth,SaaS,17,130,16,0.326,0.592,82.0,1,0,4.0,2.9,327,537.0,0
ACC-01893,Growth,Other,21,797,12,0.322,0.642,156.0,2,0,,4.7,133,810.15,0
ACC-01894,Starter,FinTech,7,68,1,0.189,0.198,77.0,3,0,62.0,3.6,155,100.47,0
ACC-01895,Starter,Healthcare,6,587,7,0.33,0.183,18.0,0,0,26.0,3.8,148,95.49,0
ACC-01896,Starter,Other,2,61,0,0.347,0.099,136.0,0,0,,2.7,346,34.23,0
ACC-01897,Growth,FinTech,32,865,16,0.65,0.59,145.0,1,0,,5.0,345,878.84,0
ACC-01898,Starter,Healthcare,5,512,13,0.34,0.425,64.0,0,0,26.0,4.4,368,70219.4822109826,0
ACC-01899,Starter,SaaS,4,470,0,0.713,0.285,34.0,0,0,52.0,2.7,331,111.53,0
ACC-01900,Starter,SaaS,8,81,7,0.203,0.273,,0,0,52.0,3.7,187,183.64,0
ACC-01901,Growth,SaaS,39,783,12,0.369,0.788,114.0,0,0,52.0,3.2,355,1806.6,0
ACC-01902,Starter,FinTech,9,390,0,0.259,0.093,4.0,4,1,39.0,,236,200.74,1
ACC-01903,Enterprise,FinTech,97,138,24,0.728,0.69,593.0,1,0,74.0,4.8,110,10913.86,0
ACC-01904,Starter,FinTech,4,642,10,0.647,0.13,21.0,1,0,51.0,,214,84.86,0
ACC-01905,Growth,SaaS,32,850,22,0.618,0.71,127.0,1,0,17.0,5.0,247,890.44,0
ACC-01906,Growth,SaaS,6,27,15,0.55,0.551,135.0,1,0,31.0,3.1,255,156.21,0
ACC-01907,Growth,E-commerce,11,192,9,0.638,0.43,131.0,3,0,41.0,4.2,326,621.04,0
ACC-01908,Starter,SaaS,1,580,9,0.512,0.096,32.0,2,0,7.0,2.1,287,11.59,1
ACC-01909,Enterprise,Healthcare,184,69,26,0.473,0.6,347.0,1,0,27.0,4.2,265,22983.21,0
ACC-01910,Enterprise,Other,67,684,18,0.836,0.714,1000.0,0,0,72.0,1.7,111,7590.82,0
ACC-01911,Starter,Healthcare,1,554,11,0.483,0.459,71.0,0,0,12.0,2.2,208,26.73,0
ACC-01912,Starter,E-commerce,8,489,0,0.272,0.232,3.0,1,0,27.0,4.9,144,172.77,0
ACC-01913,Enterprise,E-commerce,67,304,27,0.653,0.82,590.0,0,0,28.0,4.7,68,8102.63,0
ACC-01914,Growth,E-commerce,20,435,17,0.499,0.445,141.0,5,1,45.0,3.3,238,660.3,0
ACC-01915,Starter,Other,2,87,0,,0.315,37.0,0,0,52.0,3.5,139,43.77,0
ACC-01916,Starter,Other,1,661,9,0.373,,43.0,2,0,30.0,3.8,140,26.77,0
ACC-01917,Growth,FinTech,14,558,4,0.571,0.515,280.0,0,0,60.0,3.3,13,817.02,0
ACC-01918,Growth,E-commerce,10,483,10,0.566,0.419,195.0,2,0,13.0,3.2,133,590.2,0
ACC-01919,Growth,Healthcare,38,708,16,0.474,0.631,234.0,1,0,16.0,3.8,311,1331.07,0
ACC-01920,Enterprise,SaaS,59,465,19,0.719,0.578,710.0,0,0,,3.4,155,3578.19,0
ACC-01921,Growth,E-commerce,9,371,19,0.427,0.545,123.0,2,0,45.0,3.5,272,249.03,0
ACC-01922,Starter,E-commerce,2,724,7,0.685,0.214,93.0,0,0,,5.0,18,43.05,0
ACC-01923,Growth,Healthcare,31,842,13,0.713,0.632,63.0,0,0,9.0,3.9,64,850.58,0
ACC-01924,Starter,FinTech,2,756,12,0.288,0.411,34.0,0,0,49.0,,71,29.36,0
ACC-01925,Starter,FinTech,1,466,5,0.61,0.422,22.0,6,2,6.0,3.0,378,10.6,1
ACC-01926,Starter,SaaS,7,340,7,0.416,0.025,50.0,2,1,32.0,3.7,299,133.75,0
ACC-01927,Starter,E-commerce,6,129,7,0.541,0.401,34.0,2,1,15.0,4.7,203,157.48,0
ACC-01928,Growth,Other,30,382,13,0.456,0.582,165.0,1,0,30.0,,8,1681.04,0
ACC-01929,Starter,Other,6,750,12,0.342,0.353,71.0,2,0,27.0,3.7,149,125.13,0
ACC-01930,Growth,FinTech,18,723,10,0.722,0.686,140.0,0,0,55.0,4.2,21,618.53,0
ACC-01931,Growth,SaaS,33,127,9,0.63,0.544,2344.0,2,0,29.0,2.8,351,1239.4,0
ACC-01932,Growth,Healthcare,34,496,8,0.622,0.458,383.0,2,0,31.0,2.8,160,1803.09,0
ACC-01933,Growth,Healthcare,36,606,3,0.747,0.658,114.0,0,0,37.0,2.8,82,1669.63,0
ACC-01934,Enterprise,E-commerce,55,622,27,0.968,0.539,703.0,1,1,74.0,4.2,364,4927.37,0
ACC-01935,Growth,FinTech,14,789,9,0.227,,123.0,1,0,83.0,4.3,29,830.97,0
ACC-01936,Starter,SaaS,5,80,6,0.33,0.405,62.0,0,0,17.0,3.8,211,118.05,0
ACC-01937,Growth,Healthcare,15,425,20,0.728,0.588,231.0,3,1,22.0,2.9,227,814.08,0
ACC-01938,Growth,E-commerce,31,98,12,0.259,0.533,126.0,0,0,42.0,3.9,82,983.34,0
ACC-01939,Starter,FinTech,2,656,9,0.325,,24.0,1,0,50.0,3.6,387,36.03,0
ACC-01940,Starter,Other,2,485,1,0.201,0.313,91.0,2,0,82.0,4.3,238,31.02,1
ACC-01941,Starter,E-commerce,8,397,13,0.214,0.548,83.0,0,0,28.0,4.7,38,98.12,0
ACC-01942,Growth,Other,13,739,12,0.557,0.526,0.0,0,0,50.0,3.4,380,438.33,0
ACC-01943,Starter,FinTech,7,763,2,0.332,0.452,0.0,2,0,43.0,3.9,5,172.95,0
ACC-01944,Starter,FinTech,2,294,2,0.865,0.197,91.0,2,0,28.0,4.3,13,40.96,0
ACC-01945,Enterprise,Other,182,736,28,0.494,0.755,657.0,1,0,35.0,3.5,170,22957.52,0
ACC-01946,Enterprise,Other,189,865,17,0.891,0.74,738.0,1,0,30.0,3.3,111,12248.21,0
ACC-01947,Starter,Other,2,59,3,,0.292,39.0,0,0,5.0,5.0,291,50.44,0
ACC-01948,Enterprise,Healthcare,17,687,18,0.747,0.927,226.0,1,0,98.0,3.4,239,2324.51,0
ACC-01949,Starter,FinTech,2,116,7,0.376,0.273,28.0,1,0,73.0,2.9,125,36.11,0
ACC-01950,Enterprise,SaaS,145,706,21,0.804,,107.0,0,0,78.0,4.4,76,10452.03,0
ACC-01951,Enterprise,FinTech,145,616,22,0.663,0.836,692.0,3,0,25.0,3.0,332,13421.22,0
ACC-01952,Starter,Other,2,752,8,0.437,,6.0,2,0,17.0,4.2,39,21.11,0
ACC-01953,Growth,FinTech,27,522,16,0.714,0.374,208.0,3,0,71.0,3.8,242,1286.11,0
ACC-01954,Enterprise,Healthcare,123,239,19,0.866,0.836,0.0,2,1,,4.6,125,8064.09,0
ACC-01955,Enterprise,Other,129,630,29,0.733,0.728,2.0,2,0,89.0,4.2,317,15297.81,0
ACC-01956,Enterprise,Other,143,306,18,0.732,0.784,,2,1,41.0,3.1,56,11179.73,0
ACC-01957,Growth,Other,23,41,19,0.369,0.613,188.0,1,0,85.0,3.6,382,933.4,0
ACC-01958,Starter,E-commerce,2,118,4,0.15,0.138,4.0,3,1,-9.0,4.2,77,25.01,0
ACC-01959,Enterprise,FinTech,38,785,14,0.832,0.752,641.0,3,2,27.0,5.0,381,4131.39,0
ACC-01960,Growth,Other,34,350,5,0.777,0.602,115.0,1,0,74.0,2.5,103,1944.95,0
ACC-01961,Growth,SaaS,11,141,14,0.776,0.34,190.0,0,0,31.0,4.8,363,535.88,0
ACC-01962,Starter,SaaS,4,45,12,0.414,0.104,19.0,2,0,41.0,4.4,60,65.73,1
ACC-01963,Growth,Other,8,50,8,0.74,,0.0,1,0,37.0,4.8,174,265.49,0
ACC-01964,Starter,Healthcare,6,679,3,0.361,0.093,56.0,1,0,7.0,3.5,161,66.19,0
ACC-01965,Growth,E-commerce,21,129,15,0.448,0.595,175.0,0,0,24.0,2.3,350,53783.5222637248,0
ACC-01966,Starter,SaaS,1,725,7,0.096,0.265,56.0,1,0,72.0,4.4,149,25.81,0
ACC-01967,Growth,E-commerce,33,509,10,0.558,0.548,241.0,2,0,-3.0,5.0,241,1223.53,0
ACC-01968,Enterprise,Other,183,203,14,0.809,0.632,392.0,1,0,29.0,4.3,156,25450.92,0
ACC-01969,Growth,E-commerce,32,812,14,0.741,0.774,267.0,6,0,43.0,2.1,21,1731.82,0
ACC-01970,Growth,FinTech,20,448,16,0.67,0.465,292.0,0,0,19.0,3.6,215,570.27,0
ACC-01971,Starter,E-commerce,9,363,9,0.142,0.321,91.0,3,1,50.0,3.5,305,222.58,0
ACC-01972,Enterprise,Other,195,609,20,0.945,0.377,,3,0,68.0,4.0,220,11992.28,0
ACC-01973,Growth,Other,31,596,8,0.513,0.39,206.0,1,0,,3.5,114,960.87,0
ACC-01974,Starter,FinTech,1,671,8,0.395,0.065,42.0,2,0,,,376,21.58,0
ACC-01975,Starter,E-commerce,8,558,8,0.849,0.432,69.0,2,0,23.0,3.8,305,54241.34238894533,0
ACC-01976,Starter,SaaS,4,872,1,0.467,0.523,47.0,2,2,34.0,3.2,277,71.64,0
ACC-01977,Growth,FinTech,38,382,12,0.558,0.532,11.0,3,1,28.0,2.3,149,1710.33,0
ACC-01978,Enterprise,SaaS,166,191,22,0.895,0.695,,1,0,,3.3,95,12761.16,0
ACC-01979,Growth,E-commerce,9,126,13,0.799,0.329,2224.0,2,0,74.0,4.3,166,427.18,0
ACC-01980,Starter,E-commerce,2,232,0,0.302,0.484,0.0,2,0,48.0,3.3,92,37.8,0
ACC-01981,Enterprise,FinTech,43,699,17,0.719,0.353,360.0,1,1,17.0,,35,3846.3,0
ACC-01982,Starter,SaaS,5,770,4,0.648,0.147,65.0,1,0,-16.0,3.6,109,89.3,0
ACC-01983,Enterprise,SaaS,24,272,23,0.871,0.412,,2,0,43.0,4.3,134,1456.58,0
ACC-01984,Starter,SaaS,5,100,19,,0.44,0.0,1,0,57.0,3.2,52,61.06,0
ACC-01985,Growth,Healthcare,26,652,14,0.606,0.783,89.0,1,0,17.0,5.0,156,919.25,0
ACC-01986,Enterprise,SaaS,21,710,15,0.614,0.565,597.0,2,1,39.0,3.3,152,1991.99,0
ACC-01987,Starter,SaaS,7,62,6,0.15,0.315,6.0,2,0,8.0,4.0,281,156.53,1
ACC-01988,Growth,Other,39,132,13,0.653,0.557,139.0,3,0,45.0,3.5,259,1854.16,0
ACC-01989,Enterprise,SaaS,162,311,23,0.726,0.522,571.0,1,0,-2.0,3.6,364,15869.07,0
ACC-01990,Starter,Other,4,425,13,0.627,0.128,34.0,2,1,53.0,2.9,105,104.45,0
ACC-01991,Starter,E-commerce,7,111,13,0.609,,17.0,2,0,23.0,2.4,338,191.72,0
ACC-01992,Growth,Healthcare,7,538,15,0.363,0.474,119.0,1,0,46.0,,283,341.6,0
ACC-01993,Starter,E-commerce,1,454,7,0.345,0.542,0.0,0,0,35.0,3.6,145,20.16,0
ACC-01994,Starter,SaaS,5,694,14,0.514,0.298,15.0,0,0,59.0,1.8,83,117.48,0
ACC-01995,Growth,Other,39,858,11,0.329,0.601,161.0,3,0,,3.1,321,2085.96,1
ACC-01996,Growth,Healthcare,16,115,13,0.477,0.353,43.0,5,1,32.0,2.8,393,797.42,0
ACC-01997,Starter,FinTech,1,414,6,0.283,0.591,30.0,2,0,84.0,4.8,290,23.25,0
ACC-01998,Starter,Healthcare,3,744,0,0.614,0.203,0.0,4,0,46.0,4.1,143,160.68,0
ACC-01999,Enterprise,E-commerce,78,22,26,0.691,0.74,437.0,2,0,-9.0,3.2,132,5666.68,0
ACC-02000,Growth,Other,28,767,16,0.48,0.476,164.0,1,0,21.0,4.6,7,966.73,0
ACC-02001,Enterprise,Healthcare,26,365,9,0.839,0.796,124.0,2,1,6.0,,154,1586.38,0
ACC-02002,Growth,SaaS,17,717,18,0.698,,34.0,2,0,10.0,4.4,200,819.5,0
ACC-02003,Enterprise,Other,133,546,19,0.861,0.739,855.0,3,2,30.0,4.0,157,9514.41,0
ACC-02004,Growth,Other,24,844,17,0.704,0.518,195.0,2,1,19.0,4.4,243,857.83,0
ACC-02005,Starter,Healthcare,6,147,7,0.473,0.387,54.0,0,0,41.0,4.2,283,123.84,0
ACC-02006,Enterprise,SaaS,141,786,14,0.53,0.559,804.0,3,1,22.0,,252,9222.71,0
ACC-02007,Growth,Healthcare,32,515,13,0.676,0.887,209.0,0,0,84.0,4.0,321,1055.86,0
ACC-02008,Starter,E-commerce,3,694,3,0.296,0.287,44.0,1,0,48.0,3.8,377,47.84,0
ACC-02009,Starter,FinTech,1,698,1,0.51,0.507,6.0,1,0,-9.0,4.7,378,12.95,0
ACC-02010,Growth,Other,38,527,17,0.716,0.411,155.0,0,0,51.0,2.8,14,1761.41,0
ACC-02011,Starter,E-commerce,6,415,9,0.516,0.313,0.0,0,0,,4.0,38,109.81,0
ACC-02012,Starter,Other,7,730,14,0.347,0.355,34.0,3,2,-2.0,4.2,152,195.28,0
ACC-02013,Starter,E-commerce,5,462,5,0.374,0.262,10.0,3,0,24.0,4.0,365,77.81,0
ACC-02014,Growth,FinTech,30,878,9,0.568,0.482,29.0,2,1,34.0,4.3,306,786.06,1
ACC-02015,Starter,Other,8,604,10,0.622,0.416,52.0,0,0,35.0,3.5,79,199.07,0
ACC-02016,Growth,E-commerce,15,578,9,0.549,0.329,230.0,0,0,4.0,1.9,229,727.73,0
ACC-02017,Starter,E-commerce,5,530,6,0.293,0.368,0.0,1,1,64.0,4.9,365,69.18,0
ACC-02018,Starter,FinTech,1,228,9,0.59,,3.0,2,0,47.0,2.2,21,11.63,0
ACC-02019,Growth,SaaS,6,677,12,0.713,0.574,198.0,1,0,58.0,2.4,274,328.24,0
ACC-02020,Starter,Healthcare,7,233,5,0.712,0.26,43.0,4,2,38.0,,310,113.56,1
ACC-02021,Growth,FinTech,5,559,7,0.574,0.761,104.0,1,0,,4.0,322,234.15,0
ACC-02022,Starter,Other,1,719,11,0.346,0.025,,1,0,58.0,4.6,107,21.46,0
ACC-02023,Starter,Other,2,413,5,0.452,0.26,,3,2,39.0,4.3,184,24.03,0
ACC-02024,Starter,Healthcare,7,890,10,0.695,0.533,39.0,0,0,56.0,2.6,234,184.08,0
ACC-02025,Growth,SaaS,29,159,15,0.756,,7.0,3,0,49.0,3.4,158,945.91,0
ACC-02026,Starter,Healthcare,6,200,12,0.635,0.02,62.0,0,0,38.0,3.0,366,143.41,0
ACC-02027,Enterprise,SaaS,198,282,19,0.902,0.817,632.0,2,0,75.0,4.4,192,24276.34,0
ACC-02028,Starter,Healthcare,6,873,5,0.392,0.359,31.0,1,0,66.0,4.5,105,131.54,0
ACC-02029,Growth,FinTech,36,487,8,0.51,0.529,0.0,1,0,64.0,2.2,271,1331.24,0
ACC-02030,Growth,Other,9,251,11,0.805,0.559,54.0,1,0,24.0,3.8,251,230.64,0
ACC-02031,Starter,FinTech,7,869,9,0.582,0.473,24.0,2,0,0.0,3.7,162,149.66,0
ACC-02032,Growth,SaaS,5,379,9,0.639,0.603,176.0,1,0,29.0,2.6,367,133.49,1
ACC-02033,Starter,Other,6,250,8,0.447,0.262,0.0,2,0,,4.4,94,66.53,0
ACC-02034,Growth,E-commerce,17,818,20,0.865,0.415,180.0,0,0,80.0,3.7,309,968.14,0
ACC-02035,Starter,Other,7,150,5,0.572,0.454,47.0,2,0,-22.0,4.0,7,132.27,0
ACC-02036,Growth,Other,5,866,7,0.62,0.749,,3,0,87.0,4.2,392,232.14,0
ACC-02037,Enterprise,E-commerce,66,54,18,0.925,0.855,1075.0,0,0,51.0,4.8,278,6328.08,0
ACC-02038,Starter,FinTech,2,516,1,0.464,0.094,28.0,2,0,54.0,3.8,192,34.13,0
ACC-02039,Growth,E-commerce,30,529,19,0.579,0.518,106.0,2,0,83.0,3.8,234,1277.59,0
ACC-02040,Growth,Other,25,855,13,0.597,0.343,174.0,2,1,82.0,3.5,281,984.38,0
ACC-02041,Starter,Other,3,837,4,0.256,0.393,91.0,2,0,51.0,,396,75.98,0
ACC-02042,Growth,FinTech,25,760,10,0.31,0.336,170.0,0,0,45.0,2.7,319,1310.6,0
ACC-02043,Growth,Healthcare,12,825,8,0.428,,109.0,3,1,51.0,3.0,332,706.73,0
ACC-02044,Enterprise,FinTech,107,781,25,0.62,0.692,798.0,3,0,49.0,3.0,333,8890.16,0
ACC-02045,Enterprise,E-commerce,77,468,28,0.835,0.542,975.0,2,1,45.0,2.7,375,6061.0,0
ACC-02046,Starter,Healthcare,6,783,0,0.293,0.386,0.0,3,0,55.0,4.9,129,82.25,0
ACC-02047,Growth,Other,12,697,18,0.565,0.325,157.0,2,1,23.0,3.6,95,458.83,0
ACC-02048,Growth,FinTech,23,356,12,0.477,0.31,127.0,1,0,56.0,3.4,6,1064.81,0
ACC-02049,Starter,FinTech,5,794,13,0.445,0.237,66.0,2,0,11.0,3.4,350,119.61,0
ACC-02050,Starter,SaaS,8,41,0,0.51,0.173,18.0,0,0,38.0,4.3,175,192.12,0
ACC-02051,Enterprise,SaaS,51,105,21,0.678,0.61,183.0,1,0,53.0,3.7,246,4091.38,0
ACC-02052,Starter,FinTech,5,159,5,0.314,0.313,91.0,1,0,-12.0,5.0,41,84.03,0
ACC-02053,Growth,Other,21,487,16,0.758,0.762,134.0,3,0,-12.0,2.6,21,1027.29,0
ACC-02054,Enterprise,FinTech,104,79,20,0.7,0.556,349.0,1,0,45.0,5.0,303,12652.04,0
ACC-02055,Starter,FinTech,8,213,7,0.486,0.54,25.0,0,0,-5.0,2.7,283,93.25,0
ACC-02056,Growth,Healthcare,18,228,13,0.777,0.588,98.0,3,0,40.0,,293,694.34,0
ACC-02057,Enterprise,SaaS,160,228,27,0.977,0.634,1009.0,2,0,26.0,3.8,21,21445.4,0
ACC-02058,Growth,SaaS,26,62,12,0.879,0.489,87.0,5,0,49.0,3.6,104,1502.91,0
ACC-02059,Starter,Other,6,212,11,0.484,0.026,25.0,3,2,63.0,4.7,58,77.85,0
ACC-02060,Starter,SaaS,8,259,10,0.746,0.272,75.0,1,0,4.0,4.1,36,122.87,0
ACC-02061,Enterprise,FinTech,73,686,24,0.576,0.772,850.0,3,0,71.0,2.7,259,5429.36,1
ACC-02062,Starter,E-commerce,6,535,2,0.528,0.384,0.0,1,0,37.0,2.2,124,160.17,0
ACC-02063,Growth,SaaS,14,292,16,0.721,0.454,9.0,4,0,55.0,4.9,312,543.97,0
ACC-02064,Starter,FinTech,7,138,9,0.608,0.216,52.0,1,0,77.0,4.6,224,192.1,0
ACC-02065,Growth,SaaS,26,468,8,0.425,0.613,151.0,1,0,49.0,2.5,290,1483.05,0
ACC-02066,Enterprise,FinTech,121,293,19,0.895,0.65,908.0,0,0,33.0,3.1,86,10349.25,0
ACC-02067,Growth,Other,13,631,23,,0.749,62.0,2,0,36.0,4.2,139,594.17,0
ACC-02068,Enterprise,FinTech,186,212,18,0.942,0.849,1066.0,0,0,44.0,3.0,100,22119.67,0
ACC-02069,Starter,FinTech,1,897,5,0.679,0.252,51.0,3,2,57.0,3.2,294,17.35,0
ACC-02070,Growth,FinTech,35,98,15,0.365,0.64,175.0,3,1,75.0,3.8,172,1537.97,0
ACC-02071,Enterprise,Other,88,753,18,0.798,0.676,581.0,2,0,54.0,2.8,255,9366.93,0
ACC-02072,Growth,SaaS,32,613,14,0.583,,375.0,2,0,-16.0,4.4,128,1511.68,0
ACC-02073,Starter,Other,3,610,5,0.456,0.049,7.0,2,1,75.0,5.0,210,151.66,0
ACC-02074,Enterprise,FinTech,119,805,22,0.942,0.594,651.0,0,0,44.0,3.5,98,9117.35,0
ACC-02075,Starter,Other,4,414,7,0.641,0.499,42.0,3,1,62.0,2.2,74,68.15,0
ACC-02076,Growth,FinTech,5,648,22,0.638,0.584,204.0,3,1,48.0,4.3,87,179.5,0
ACC-02077,Enterprise,SaaS,191,482,20,0.742,0.59,187.0,1,1,-4.0,3.3,203,14897.6,0
ACC-02078,Starter,E-commerce,6,620,6,0.302,0.461,61.0,0,0,-12.0,2.4,82,108.58,0
ACC-02079,Starter,SaaS,4,503,12,0.384,0.433,64.0,1,0,17.0,2.3,122,99.51,0
ACC-02080,Starter,Healthcare,7,884,1,0.389,0.344,20.0,3,0,42.0,4.5,266,190.21,0
ACC-02081,Starter,E-commerce,8,300,15,0.48,0.02,0.0,2,1,9.0,3.3,200,156.08,0
ACC-02082,Starter,Healthcare,6,661,3,0.716,0.637,48.0,0,0,66.0,3.7,222,136.23,0
ACC-02083,Growth,SaaS,492,161,18,0.66,0.783,136.0,1,0,,3.5,364,161.67,0
ACC-02084,Starter,Healthcare,3,55,14,0.285,0.29,35.0,2,2,48.0,4.1,285,38.28,0
ACC-02085,Growth,FinTech,29,637,11,0.702,0.709,199.0,1,1,53.0,3.3,378,998.0,0
ACC-02086,Starter,Other,7,207,5,0.285,0.342,84.0,3,0,36.0,3.1,332,107.61,0
ACC-02087,Starter,Healthcare,2,27,7,0.429,0.673,22.0,1,1,18.0,3.6,361,26.04,1
ACC-02088,Starter,E-commerce,5,578,10,0.595,0.204,91.0,1,0,31.0,3.0,31,114.56,0
ACC-02089,Growth,Other,21,556,9,0.327,0.613,152.0,2,0,24.0,5.0,147,929.17,0
ACC-02090,Growth,E-commerce,35,580,13,0.388,,,1,0,19.0,4.4,228,1931.3,0
ACC-02091,Starter,E-commerce,3,416,6,0.445,0.334,31.0,2,1,,4.8,74,63.54,0
ACC-02092,Enterprise,SaaS,135,751,15,0.675,0.808,499.0,1,1,57.0,3.5,77,14350.15,0
ACC-02093,Growth,E-commerce,12,25,8,0.467,0.549,190.0,2,0,82.0,3.9,283,569.21,0
ACC-02094,Starter,FinTech,6,154,8,0.565,0.501,45.0,0,0,41.0,4.3,337,150.92,0
ACC-02095,Enterprise,SaaS,155,347,20,0.978,0.586,693.0,0,0,46.0,4.6,264,15687.56,0
ACC-02096,Starter,Healthcare,3,883,4,0.397,0.379,56.0,2,0,33.0,2.8,170,38.71,1
ACC-02097,Starter,SaaS,3,652,7,,0.091,52.0,0,0,31.0,4.4,385,69.6,0
ACC-02098,Growth,E-commerce,26,471,10,,0.258,198.0,1,0,13.0,3.7,115,1008.72,1
ACC-02099,Starter,SaaS,8,854,13,0.397,0.191,53.0,4,1,62.0,5.0,343,184.51,1
ACC-02100,Starter,FinTech,6,829,7,0.335,0.265,63.0,0,0,43.0,3.2,307,119.23,0
ACC-02101,Growth,Other,443,107,18,,0.396,111.0,2,1,49.0,,362,581.91,0
ACC-02102,Starter,SaaS,4,482,0,0.785,0.364,93.0,0,0,33.0,2.7,354,77.36,0
ACC-02103,Enterprise,E-commerce,139,856,21,0.656,,461.0,2,1,-5.0,3.8,246,10971.08,0
ACC-02104,Enterprise,E-commerce,21,179,23,0.688,0.57,360.0,2,0,18.0,3.0,345,2281.51,0
ACC-02105,Growth,Other,27,153,12,0.595,0.692,76.0,0,0,48.0,5.0,359,1018.91,0
ACC-02106,Growth,SaaS,9,325,11,0.644,,,4,1,45.0,4.4,391,293.96,0
ACC-02107,Growth,Healthcare,30,872,12,0.621,0.508,189.0,0,0,39.0,2.9,95,1029.75,0
ACC-02108,Enterprise,FinTech,142,209,23,0.787,0.808,592.0,2,0,54.0,4.2,287,17205.29,0
ACC-02109,Starter,FinTech,5,577,2,0.297,0.385,39.0,4,1,10.0,4.0,277,61.11,1
ACC-02110,Starter,FinTech,1,248,10,,0.489,7.0,2,0,61.0,4.2,80,27.12,0
ACC-02111,Growth,FinTech,15,666,14,0.434,0.601,62.0,0,0,83.0,3.2,67,533.71,0
ACC-02112,Growth,E-commerce,39,802,12,0.298,0.378,166.0,1,0,65.0,2.6,365,1301.47,0
ACC-02113,Starter,SaaS,6,50,6,0.346,0.121,47.0,3,0,31.0,3.1,18,109.03,1
ACC-02114,Growth,FinTech,28,348,13,0.497,0.645,152.0,1,0,71.0,,98,1591.76,0
ACC-02115,Starter,E-commerce,1,526,14,0.211,0.229,37.0,1,0,48.0,3.9,385,12.03,1
ACC-02116,Enterprise,FinTech,119,175,22,0.886,0.644,693.0,0,0,,3.3,137,16196.1,0
ACC-02117,Starter,SaaS,7,576,3,0.396,0.366,62.0,2,0,53.0,3.0,20,105.8,0
ACC-02118,Starter,FinTech,4,336,5,0.368,0.271,43.0,2,0,72.0,3.7,31,52.65,0
ACC-02119,Starter,FinTech,8,45,2,0.426,0.23,39.0,0,0,-23.0,5.0,357,199.9,0
ACC-02120,Starter,E-commerce,3,560,0,0.902,0.201,,1,1,-12.0,4.1,277,31.08,0
ACC-02121,Starter,Other,5,47,2,,0.36,22.0,5,0,0.0,3.1,336,60.16,0
ACC-02122,Starter,E-commerce,5,191,8,0.422,0.409,40.0,1,0,27.0,3.9,211,80.49,0
ACC-02123,Starter,E-commerce,1,159,13,0.02,0.575,37.0,0,0,50.0,,292,12.66,0
ACC-02124,Starter,SaaS,8,59,11,0.694,0.284,47.0,3,0,74.0,3.5,392,168.48,0
ACC-02125,Starter,Other,2,378,2,0.325,0.105,12.0,2,0,8.0,4.2,165,51.48,0
ACC-02126,Starter,FinTech,5,786,3,0.297,,54.0,1,0,74.0,3.8,4,86.72,0
ACC-02127,Starter,FinTech,9,284,3,0.313,0.076,0.0,1,0,27.0,3.7,214,241.01,0
ACC-02128,Starter,SaaS,9,225,0,0.714,0.544,55.0,1,0,56.0,4.9,354,225.08,0
ACC-02129,Starter,SaaS,3,728,6,0.442,0.426,28.0,1,0,,4.7,22,74.06,0
ACC-02130,Starter,Healthcare,4,843,11,0.176,0.179,1.0,1,1,5.0,3.1,168,54.02,0
ACC-02131,Starter,SaaS,6,280,6,0.413,0.098,1.0,2,0,66.0,2.9,316,103.25,0
ACC-02132,Growth,FinTech,5,55,7,0.724,0.618,,0,0,16.0,4.0,265,285.54,0
ACC-02133,Enterprise,SaaS,102,687,16,0.92,0.595,970.0,2,1,2.0,3.9,172,5712.74,0
ACC-02134,Enterprise,Other,74,590,19,0.627,0.489,296.0,3,0,67.0,3.7,236,7582.24,0
ACC-02135,Growth,Healthcare,19,897,16,0.744,0.423,244.0,1,1,53.0,2.8,189,851.88,0
ACC-02136,Growth,Other,21,603,12,0.355,0.408,84.0,3,0,71.0,3.3,16,774.59,0
ACC-02137,Starter,Other,8,837,10,0.44,0.24,38.0,0,0,77.0,4.3,357,201.43,0
ACC-02138,Growth,Other,7,152,13,0.673,0.642,62.0,2,0,52.0,3.9,111,369.68,0
ACC-02139,Growth,FinTech,21,160,14,0.712,0.548,60.0,1,0,8.0,1.3,321,1181.05,0
ACC-02140,Enterprise,SaaS,196,603,16,0.941,0.737,554.0,0,0,2.0,2.4,174,22917.08,1
ACC-02141,Enterprise,FinTech,133,676,17,0.855,0.548,757.0,2,0,15.0,3.8,18,10867.16,0
ACC-02142,Growth,FinTech,39,357,7,0.522,0.436,378.0,1,1,,3.2,129,1862.5,0
ACC-02143,Growth,Healthcare,30,395,16,0.783,0.513,182.0,1,1,48.0,5.0,265,1362.82,0
ACC-02144,Enterprise,SaaS,129,352,19,0.761,0.867,509.0,2,0,30.0,3.2,15,14177.66,0
ACC-02145,Starter,SaaS,1,56,0,0.461,0.258,19.0,3,1,60.0,4.2,361,19.18,0
ACC-02146,Enterprise,Healthcare,101,791,22,0.583,0.597,752.0,2,0,55.0,3.5,202,8750.9,0
ACC-02147,Starter,SaaS,8,817,11,0.417,0.267,38.0,1,0,39.0,4.2,250,142.79,0
ACC-02148,Enterprise,SaaS,41,857,16,0.996,0.774,0.0,5,0,58.0,4.6,117,3217.16,0
ACC-02149,Growth,SaaS,32,460,15,0.511,0.262,116.0,2,1,9.0,4.0,304,875.23,0
ACC-02150,Starter,Healthcare,2,164,6,0.369,0.254,11.0,1,1,100.0,4.0,335,53.28,0
ACC-02151,Growth,SaaS,30,372,3,0.42,0.445,282.0,3,0,-20.0,3.1,367,1727.91,0
ACC-02152,Starter,SaaS,1,620,16,0.517,0.27,41.0,2,0,14.0,3.5,30,15.91,0
ACC-02153,Growth,SaaS,13,167,12,0.553,0.25,120.0,1,0,20.0,4.1,88,481.47,1
ACC-02154,Growth,Healthcare,21,151,14,0.614,0.51,209.0,1,0,26.0,4.1,330,986.87,0
ACC-02155,Growth,SaaS,19,893,10,0.257,0.457,0.0,2,0,32.0,3.9,268,663.44,0
ACC-02156,Enterprise,SaaS,31,45,19,0.679,0.713,443.0,0,0,64.0,4.0,323,1767.99,0
ACC-02157,Starter,Other,8,544,8,0.716,0.422,62.0,3,0,47.0,4.6,83,206.19,0
ACC-02158,Starter,Other,1,146,2,0.402,0.02,54.0,0,0,29.0,3.5,94,14.63,0
ACC-02159,Starter,SaaS,9,33,15,0.278,0.559,26.0,0,0,65.0,3.9,397,142.21,0
ACC-02160,Starter,SaaS,4,576,11,0.284,0.387,1.0,1,0,,,209,49.5,0
ACC-02161,Growth,SaaS,6,176,15,0.343,0.65,103.0,2,0,36.0,4.4,279,221.03,0
ACC-02162,Starter,Healthcare,6,657,6,0.257,0.209,34.0,1,0,19.0,3.9,129,65.57,0
ACC-02163,Starter,SaaS,4,744,4,0.476,0.247,61.0,0,0,-2.0,3.0,285,88.26,0
ACC-02164,Growth,Other,13,463,18,0.57,0.733,,2,1,31.0,4.0,46,349.17,0
ACC-02165,Enterprise,Healthcare,115,161,23,0.635,0.523,600.0,1,0,44.0,4.4,86,12319.11,0
ACC-02166,Starter,E-commerce,7,857,5,0.443,0.312,53.0,2,2,86.0,3.3,142,175.93,0
ACC-02167,Enterprise,SaaS,26,343,15,0.476,0.637,151.0,3,0,29.0,4.3,129,2206.08,1
ACC-02168,Growth,Other,21,691,6,0.685,0.578,121.0,1,0,34.0,4.0,319,1158.6,0
ACC-02169,Starter,Healthcare,1,184,7,0.483,,45.0,0,0,,,321,17.78,0
ACC-02170,Growth,Healthcare,5,157,12,0.435,0.62,184.0,0,0,-5.0,2.9,31,293.65,0
ACC-02171,Starter,SaaS,4,611,12,0.232,0.14,0.0,1,1,18.0,5.0,212,82.65,0
ACC-02172,Starter,Healthcare,4,198,11,0.544,0.35,0.0,0,0,21.0,3.2,203,42.41,0
ACC-02173,Growth,Healthcare,31,486,13,,0.683,211.0,1,0,62.0,3.4,362,936.46,0
ACC-02174,Starter,Other,6,542,7,,0.263,0.0,3,0,31.0,3.1,17,119.95,0
ACC-02175,Starter,E-commerce,5,122,2,,0.11,75.0,3,1,33.0,3.3,112,84.59,0
ACC-02176,Growth,E-commerce,25,309,18,0.84,0.233,,1,0,66.0,2.9,82,1342.77,0
ACC-02177,Starter,FinTech,3,185,7,0.44,0.376,74.0,1,0,56.0,2.3,381,35.08,0
ACC-02178,Enterprise,Healthcare,105,14,23,0.689,0.765,309.0,4,0,54.0,3.6,98,8741.83,0
ACC-02179,Starter,Other,8,854,12,0.453,0.155,68.0,2,0,68.0,5.0,341,146.75,0
ACC-02180,Enterprise,E-commerce,61,35,17,0.591,0.56,799.0,2,0,7.0,4.5,57,7300.56,0
ACC-02181,Growth,SaaS,24,748,9,0.501,0.654,0.0,0,0,-15.0,3.4,327,623.78,0
ACC-02182,Enterprise,SaaS,160,375,30,0.759,0.756,807.0,1,1,40.0,4.6,140,10122.68,0
ACC-02183,Enterprise,E-commerce,172,259,23,0.806,0.606,3097.0,5,1,,3.3,197,11621.97,0
ACC-02184,Starter,Other,5,477,6,0.715,,87.0,0,0,66.0,2.7,325,114.12,0
ACC-02185,Growth,SaaS,17,825,19,0.661,0.526,185.0,2,0,34.0,5.0,137,715.56,0
ACC-02186,Starter,FinTech,1,592,6,0.486,0.23,34.0,1,0,91.0,4.7,388,25.37,0
ACC-02187,Enterprise,Other,103,85,21,0.811,0.73,804.0,0,0,72.0,,118,8675.91,0
ACC-02188,Growth,E-commerce,23,690,10,0.557,0.642,200.0,0,0,57.0,1.8,21,968.6,1
ACC-02189,Starter,SaaS,1,690,7,0.505,0.258,43.0,1,0,68.0,3.9,178,21.07,0
ACC-02190,Enterprise,FinTech,83,872,19,0.924,0.727,748.0,0,0,13.0,5.0,191,6983.61,0
ACC-02191,Starter,FinTech,1,192,4,0.817,0.666,53.0,2,1,17.0,4.2,349,19.77,1
ACC-02192,Growth,SaaS,12,757,14,0.699,0.675,274.0,1,0,9.0,3.7,325,554.29,0
ACC-02193,Growth,E-commerce,38,341,10,0.5,0.427,168.0,1,1,30.0,3.8,131,1486.93,0
ACC-02194,Starter,E-commerce,5,329,10,0.611,,40.0,2,0,-3.0,4.0,111,139.88,0
ACC-02195,Growth,E-commerce,14,574,12,0.855,0.569,137.0,2,0,7.0,3.9,171,417.18,0
ACC-02196,Enterprise,E-commerce,76,487,12,0.861,0.646,603.0,2,1,24.0,5.0,389,9646.05,0
ACC-02197,Starter,SaaS,8,217,10,0.02,0.572,25.0,2,1,-14.0,4.6,192,98.26,0
ACC-02198,Growth,SaaS,34,205,16,0.677,0.506,73.0,3,0,32.0,3.9,176,1645.76,0
ACC-02199,Starter,SaaS,7,590,17,0.771,0.285,16.0,3,0,-3.0,3.7,45,192.15,0
ACC-02200,Growth,SaaS,20,872,13,0.65,0.693,223.0,2,1,24.0,4.1,257,645.55,0
ACC-02201,Starter,Healthcare,1,217,8,0.514,,1.0,3,0,-10.0,2.3,363,10.55,0
ACC-02202,Enterprise,SaaS,111,488,22,0.885,0.595,357.0,2,1,67.0,3.7,274,12033.4,0
ACC-02203,Enterprise,E-commerce,90,285,25,0.655,0.788,560.0,2,1,66.0,4.2,138,7070.48,0
ACC-02204,Starter,SaaS,4,235,11,0.553,0.138,44.0,1,0,12.0,3.9,148,94.49,0
ACC-02205,Starter,SaaS,5,718,8,0.201,,65.0,6,1,35.0,2.7,361,123.3,1
ACC-02206,Growth,SaaS,24,655,13,,0.253,215.0,5,3,76.0,3.2,71,1151.93,1
ACC-02207,Growth,E-commerce,24,438,17,0.639,0.692,186.0,3,1,77.0,4.1,44,631.9,0
ACC-02208,Growth,E-commerce,15,446,13,,0.501,0.0,1,0,28.0,3.5,65,663.98,0
ACC-02209,Starter,Healthcare,7,390,1,0.356,0.361,53.0,0,0,14.0,5.0,123,178.87,0
ACC-02210,Starter,SaaS,1,897,0,0.627,0.317,38.0,0,0,87.0,4.5,384,24.31,0
ACC-02211,Enterprise,E-commerce,190,852,19,0.693,0.625,0.0,3,0,8.0,3.5,28,21119.66,0
ACC-02212,Growth,Healthcare,9,80,14,0.609,0.584,116.0,0,0,57.0,3.2,231,384.93,0
ACC-02213,Enterprise,FinTech,37,737,30,0.823,0.754,455.0,2,1,29.0,2.5,134,4664.2,0
ACC-02214,Growth,SaaS,19,311,12,0.868,0.572,288.0,2,1,,3.9,109,1078.61,0
ACC-02215,Enterprise,SaaS,63,592,20,0.778,0.69,1042.0,1,1,20.0,4.5,112,4361.25,0
ACC-02216,Starter,SaaS,5,848,5,0.425,0.384,64.0,1,0,47.0,4.7,26,134.12,0
ACC-02217,Starter,Other,4,387,10,0.592,0.039,43.0,0,0,38.0,4.0,358,93.51,0
ACC-02218,Enterprise,FinTech,118,422,21,0.743,0.659,740.0,2,1,3.0,2.1,21,13433.1,0
ACC-02219,Enterprise,E-commerce,174,568,17,0.586,0.5,161.0,3,0,37.0,4.0,191,15122.36,0
ACC-02220,Starter,Healthcare,2,290,2,0.739,0.223,0.0,1,0,20.0,4.7,3,40.64,0
ACC-02221,Starter,FinTech,5,247,5,,0.47,,1,1,35.0,3.2,114,133.95,0
ACC-02222,Growth,E-commerce,37,549,9,0.424,0.59,114.0,0,0,50.0,3.2,90,1157.17,0
ACC-02223,Starter,SaaS,1,198,6,0.531,0.744,,2,0,25.0,4.3,366,19.61,0
ACC-02224,Starter,FinTech,4,602,8,0.441,0.164,0.0,1,0,30.0,4.3,14,66.96,0
ACC-02225,Enterprise,SaaS,36,235,18,0.634,0.571,623.0,4,1,,,363,3863.52,0
ACC-02226,Starter,SaaS,6,96,14,0.199,0.35,,1,0,48.0,4.8,348,75.59,1
ACC-02227,Growth,FinTech,36,103,18,0.422,0.474,154.0,0,0,35.0,3.4,349,1816.28,0
ACC-02228,Starter,Healthcare,5,243,6,0.657,0.554,30.0,0,0,48.0,4.8,73,90.31,0
ACC-02229,Starter,E-commerce,5,104,3,0.181,0.259,43.0,2,0,40.0,3.6,228,70.25,0
ACC-02230,Growth,Healthcare,35,287,13,0.568,0.53,121.0,2,2,84.0,3.4,127,1278.67,0
ACC-02231,Starter,SaaS,4,384,6,0.354,0.26,20.0,0,0,48.0,3.2,42,61.76,0
ACC-02232,Growth,Other,30,231,13,0.786,0.398,133.0,1,1,40.0,4.9,373,1257.82,0
ACC-02233,Starter,SaaS,4,487,5,0.521,0.325,72.0,1,0,42.0,4.2,182,42.82,0
ACC-02234,Enterprise,Healthcare,27,353,15,0.675,,650.0,3,1,81.0,4.7,159,3419.23,0
ACC-02235,Growth,Healthcare,31,84,13,0.314,0.511,194.0,2,1,70.0,4.9,378,1500.86,0
ACC-02236,Enterprise,E-commerce,147,310,18,0.853,0.46,1165.0,0,0,72.0,2.5,263,19767.8,0
ACC-02237,Starter,FinTech,3,24,6,0.42,0.368,38.0,3,1,38.0,2.9,167,35.01,1
ACC-02238,Starter,Healthcare,7,662,7,0.444,0.429,15.0,1,0,,3.2,293,181.2,0
ACC-02239,Starter,Healthcare,9,406,7,0.712,0.151,0.0,3,0,35.0,2.9,371,111.71,0
ACC-02240,Growth,SaaS,30,544,13,0.443,0.584,219.0,1,0,55.0,3.0,377,929.0,0
ACC-02241,Starter,Healthcare,8,140,5,0.511,0.539,14.0,2,1,37.0,,237,113.85,0
ACC-02242,Starter,SaaS,3,394,9,0.28,0.141,53.0,0,0,35.0,2.3,278,78.54,0
ACC-02243,Starter,E-commerce,6,730,4,0.802,0.342,59.0,2,0,29.0,3.6,158,161.66,0
ACC-02244,Starter,E-commerce,2,191,2,0.466,,0.0,1,0,44.0,4.5,307,46.7,0
ACC-02245,Starter,Healthcare,3,885,3,0.222,0.43,12.0,5,1,61.0,4.8,110,56.85,1
ACC-02246,Starter,FinTech,9,386,4,0.408,0.446,48.0,1,0,62.0,4.8,202,194.39,0
ACC-02247,Starter,SaaS,4,134,1,0.187,0.489,40.0,3,0,23.0,3.2,349,64.87,0
ACC-02248,Growth,FinTech,22,173,5,0.646,0.549,55.0,3,0,,2.0,188,585.17,0
ACC-02249,Starter,SaaS,7,423,9,0.561,0.18,29.0,1,1,12.0,3.5,348,75.17,0
ACC-02250,Starter,E-commerce,2,857,13,0.695,0.27,46.0,2,0,28.0,2.3,72,26.4,0
ACC-02251,Growth,FinTech,20,432,16,0.594,,175.0,1,0,22.0,3.3,179,65688.03957606043,0
ACC-02252,Growth,Healthcare,36,167,11,0.832,0.428,102.0,2,0,6.0,4.2,5,2137.87,0
ACC-02253,Starter,SaaS,4,357,0,0.553,0.393,0.0,0,0,31.0,2.9,296,106.18,0
ACC-02254,Growth,SaaS,5,774,14,0.556,0.255,0.0,3,0,81.0,4.8,79,148.91,1
ACC-02255,Enterprise,FinTech,169,886,13,0.802,0.468,527.0,3,0,37.0,5.0,72,17193.68,0
ACC-02256,Growth,SaaS,7,559,13,0.606,0.605,,0,0,62.0,5.0,303,416.69,0
ACC-02257,Enterprise,SaaS,73,781,16,0.862,0.501,688.0,0,0,39.0,2.6,146,6038.34,0
ACC-02258,Growth,FinTech,16,732,3,0.642,0.648,166.0,2,0,30.0,5.0,54,837.38,0
ACC-02259,Starter,FinTech,6,389,14,0.662,0.574,22.0,3,0,69.0,4.3,210,145.37,0
ACC-02260,Growth,SaaS,10,801,7,0.716,0.565,,0,0,78.0,3.5,43,348.26,0
ACC-02261,Growth,E-commerce,10,80,11,0.648,0.605,201.0,0,0,10.0,3.3,356,586.68,0
ACC-02262,Enterprise,Other,119,726,19,0.751,0.899,225.0,1,0,70.0,3.2,142,11298.02,0
ACC-02263,Growth,E-commerce,19,529,11,0.747,0.272,208.0,2,0,44.0,2.8,184,713.59,0
ACC-02264,Starter,FinTech,8,536,9,0.527,0.339,13.0,3,0,9.0,3.5,346,144.53,0
ACC-02265,Growth,SaaS,27,842,10,0.488,0.725,267.0,3,0,29.0,4.2,378,1231.33,0
ACC-02266,Starter,SaaS,7,250,9,0.07,,20.0,1,0,36.0,3.4,277,169.86,0
ACC-02267,Growth,E-commerce,28,189,14,0.648,0.466,142.0,2,1,56.0,4.0,102,1323.34,0
ACC-02268,Growth,Healthcare,12,598,7,,0.587,,2,0,50.0,4.4,394,576.9,0
ACC-02269,Growth,SaaS,8,671,14,0.304,0.261,,2,0,30.0,3.6,101,225.38,0
ACC-02270,Enterprise,SaaS,180,18,15,0.812,,914.0,1,0,56.0,3.3,258,24841.13,0
ACC-02271,Growth,FinTech,39,456,8,0.7,0.881,24.0,1,0,,,4,1749.07,0
ACC-02272,Growth,FinTech,4,348,14,0.557,0.334,66.0,1,0,28.0,4.5,228,1097.53,0
ACC-02273,Growth,Other,30,740,11,0.589,0.474,258.0,2,0,86.0,3.5,370,1450.48,1
ACC-02274,Enterprise,SaaS,66,774,22,0.61,0.741,181.0,0,0,-1.0,4.0,312,7108.6,0
ACC-02275,Enterprise,SaaS,130,137,22,0.596,0.822,780.0,1,0,59.0,4.1,36,12494.83,0
ACC-02276,Starter,FinTech,8,528,1,0.094,0.245,86.0,1,0,11.0,4.3,45,161.57,0
ACC-02277,Growth,SaaS,38,653,16,0.407,0.465,152.0,5,0,48.0,3.9,276,1005.17,1
ACC-02278,Starter,SaaS,1,244,8,0.25,0.322,45.0,1,0,41.0,3.8,190,25.41,0
ACC-02279,Enterprise,FinTech,75,841,17,0.778,0.647,806.0,2,2,23.0,3.4,95,7219.85,0
ACC-02280,Growth,FinTech,645,804,12,0.373,0.616,256.0,3,1,37.0,3.3,320,927.41,0
ACC-02281,Growth,SaaS,37,166,16,0.499,,200.0,3,0,15.0,5.0,226,1523.5,0
ACC-02282,Starter,E-commerce,7,27,6,0.442,0.379,50.0,2,1,52.0,3.6,61,188.97,1
ACC-02283,Starter,E-commerce,5,526,17,0.791,0.644,70.0,1,1,57.0,2.6,394,125.03,0
ACC-02284,Growth,SaaS,39,796,20,,0.539,269.0,1,0,,5.0,341,1746.69,0
ACC-02285,Starter,Other,3,618,8,0.61,,0.0,2,1,81.0,3.3,233,68.85,0
ACC-02286,Starter,FinTech,3,686,6,0.639,0.153,23.0,0,0,31.0,3.5,251,78.78,0
ACC-02287,Enterprise,Other,30,651,19,0.772,0.805,488.0,1,0,24.0,3.4,218,2808.37,0
ACC-02288,Growth,Other,5,143,10,0.437,0.515,246.0,4,2,25.0,3.9,287,298.76,0
ACC-02289,Starter,FinTech,9,73,8,0.622,0.344,37.0,0,0,72.0,4.6,219,182.58,0
ACC-02290,Starter,SaaS,7,69,10,0.775,0.251,2386.0,0,0,27.0,3.1,173,177.33,0
ACC-02291,Enterprise,Healthcare,76,885,14,0.88,0.786,577.0,2,1,52.0,,16,5957.43,0
ACC-02292,Growth,FinTech,19,856,16,0.658,0.736,3389.0,2,0,7.0,3.0,225,697.26,0
ACC-02293,Growth,SaaS,14,752,17,0.659,0.265,,1,0,37.0,4.3,70,687.12,0
ACC-02294,Starter,E-commerce,7,73,10,0.311,0.46,98.0,1,0,46.0,2.8,282,77.86,0
ACC-02295,Starter,FinTech,6,801,6,0.02,0.41,28.0,2,0,33.0,4.7,339,158.7,0
ACC-02296,Starter,Other,8,876,9,0.222,0.353,67.0,0,0,27.0,3.9,300,195.63,0
ACC-02297,Growth,Healthcare,33,709,19,0.563,0.482,220.0,0,0,0.0,3.9,105,1895.82,0
ACC-02298,Starter,Other,4,386,7,0.551,0.305,44.0,0,0,83.0,3.1,46,109.2,0
ACC-02299,Starter,Healthcare,1,96,7,0.348,0.359,37.0,1,0,45.0,3.3,242,17.97,0
ACC-02300,Growth,E-commerce,427,327,23,0.66,0.7,210.0,0,0,87.0,3.7,299,711.37,0
ACC-02301,Enterprise,E-commerce,161,194,21,0.541,0.672,399.0,1,0,54.0,3.8,103,15906.98,0
ACC-02302,Growth,Other,5,589,8,0.706,0.556,138.0,5,0,64.0,4.5,148,194.6,0
ACC-02303,Growth,Other,29,796,17,0.357,0.262,251.0,3,0,32.0,4.9,165,971.95,1
ACC-02304,Growth,Other,25,453,15,0.789,0.835,284.0,0,0,,4.5,314,1083.39,0
ACC-02305,Growth,Healthcare,28,56,10,0.508,0.382,218.0,4,0,42.0,3.1,339,921.81,0
ACC-02306,Starter,E-commerce,2,359,2,0.698,0.289,4.0,1,0,41.0,5.0,109,35.3,0
ACC-02307,Growth,SaaS,25,722,14,0.821,0.564,113.0,0,0,,4.2,177,1134.8,0
ACC-02308,Growth,Other,26,581,13,0.796,0.54,220.0,0,0,35.0,3.6,138,1115.41,0
ACC-02309,Growth,SaaS,21,50,7,0.752,0.454,311.0,2,0,42.0,3.1,215,775.9,0
ACC-02310,Enterprise,SaaS,91,324,20,0.744,0.856,516.0,2,0,25.0,3.1,111,5231.93,0
ACC-02311,Enterprise,FinTech,30,325,19,0.65,0.673,646.0,1,0,46.0,4.5,245,3677.58,0
ACC-02312,Starter,E-commerce,9,44,7,0.811,0.316,35.0,2,0,23.0,4.2,170,185.15,0
ACC-02313,Starter,E-commerce,8,323,9,0.391,0.33,2126.0,1,1,31.0,3.3,305,110.69,1
ACC-02314,Starter,SaaS,7,744,0,0.78,0.398,,1,0,82.0,4.3,360,79.88,0
ACC-02315,Starter,SaaS,5,129,2,0.333,0.573,38.0,2,0,36.0,3.2,252,127.44,0
ACC-02316,Starter,SaaS,8,469,5,0.408,0.088,35.0,1,0,14.0,3.7,327,87.25,0
ACC-02317,Starter,FinTech,9,595,13,0.75,0.268,72.0,1,1,75.0,5.0,79,104.19,0
ACC-02318,Growth,SaaS,21,622,24,0.406,0.541,352.0,2,0,36.0,3.0,20,977.42,0
ACC-02319,Growth,Healthcare,13,306,13,0.753,0.681,261.0,1,0,65.0,3.8,235,622.46,0
ACC-02320,Enterprise,SaaS,43,523,20,0.591,0.641,475.0,0,0,66.0,4.0,142,3619.03,0
ACC-02321,Starter,FinTech,3,654,0,0.32,0.15,37.0,3,0,49.0,3.4,73,69.85,1
ACC-02322,Starter,FinTech,5,558,11,0.358,,43.0,2,1,49.0,4.2,277,93.7,0
ACC-02323,Starter,E-commerce,3,756,9,0.06,0.441,27.0,1,0,24.0,1.6,276,79.39,0
ACC-02324,Starter,Other,8,207,8,0.677,0.379,36.0,1,0,41.0,3.8,299,114.54,0
ACC-02325,Starter,SaaS,1,109,1,0.491,0.273,84.0,2,0,72.0,4.3,336,130.32,0
ACC-02326,Enterprise,FinTech,185,842,29,0.954,0.835,429.0,1,1,33.0,3.1,16,15469.15,0
ACC-02327,Starter,Healthcare,7,664,14,0.325,0.284,16.0,0,0,18.0,4.5,194,111.5,0
ACC-02328,Starter,SaaS,1,410,8,0.506,0.447,14.0,3,1,-2.0,3.2,30,11.37,0
ACC-02329,Growth,Healthcare,33,519,17,0.82,0.429,2.0,0,0,43.0,4.1,208,1500.34,0
ACC-02330,Growth,Other,6,829,13,0.709,0.567,126.0,1,0,21.0,2.9,176,157.61,0
ACC-02331,Growth,E-commerce,28,782,17,0.544,0.466,230.0,1,0,74.0,3.0,95,1044.78,0
ACC-02332,Starter,Other,5,728,1,0.5,0.322,17.0,1,0,50.0,3.0,277,115.89,0
ACC-02333,Enterprise,FinTech,117,537,10,0.9,0.664,436.0,1,0,44.0,2.7,378,12803.5,0
ACC-02334,Starter,FinTech,8,651,1,0.614,0.168,3705.0,2,1,43.0,,399,115.2,0
ACC-02335,Growth,SaaS,5,528,9,0.849,0.537,174.0,2,0,38.0,,342,247.31,0
ACC-02336,Growth,SaaS,29,421,10,0.813,0.509,254.0,0,0,44.0,4.4,17,841.69,0
ACC-02337,Enterprise,SaaS,94,610,22,1.0,0.636,435.0,2,1,11.0,2.6,146,10523.54,0
ACC-02338,Starter,FinTech,8,34,6,0.456,0.297,53.0,1,0,56.0,4.6,153,180.22,0
ACC-02339,Growth,E-commerce,26,746,13,0.468,,44.0,1,0,34.0,5.0,72,869.5,1
ACC-02340,Starter,SaaS,5,293,2,0.664,0.236,53.0,3,0,46.0,,98,122.12,1
ACC-02341,Starter,E-commerce,3,497,1,0.54,,19.0,2,0,12.0,3.6,162,72.82,0
ACC-02342,Starter,SaaS,8,603,7,0.429,0.41,44.0,1,0,8.0,2.8,271,165.64,1
ACC-02343,Growth,FinTech,31,304,11,0.675,0.492,220.0,1,0,23.0,5.0,101,1834.46,0
ACC-02344,Starter,SaaS,7,306,7,0.465,0.401,49.0,2,1,38.0,3.1,306,179.12,0
ACC-02345,Growth,Healthcare,9,170,15,0.619,0.597,246.0,0,0,74.0,3.4,349,325.0,0
ACC-02346,Starter,E-commerce,3,101,14,0.459,0.463,,4,1,,1.9,287,51.71,0
ACC-02347,Enterprise,Healthcare,172,795,20,0.515,0.755,898.0,1,0,87.0,4.7,216,21167.51,0
ACC-02348,Enterprise,SaaS,87,472,28,0.775,0.639,464.0,2,1,13.0,3.2,212,6693.67,0
ACC-02349,Starter,FinTech,9,615,9,0.322,0.225,58.0,3,1,54.0,2.0,336,105.93,0
ACC-02350,Starter,Other,9,150,10,0.5,0.388,3307.0,0,0,59.0,3.2,219,213.58,0
ACC-02351,Starter,SaaS,3,769,12,0.484,0.247,117.0,2,0,24.0,4.3,26,67.77,0
ACC-02352,Enterprise,FinTech,18,285,23,0.434,0.577,262.0,1,0,48.0,3.9,49,2168.14,0
ACC-02353,Starter,SaaS,1,421,3,0.349,0.423,54.0,2,0,24.0,3.8,362,10.62,1
ACC-02354,Growth,SaaS,29,458,18,0.739,0.362,97.0,0,0,34.0,4.3,28,1039.44,0
ACC-02355,Growth,FinTech,29,672,11,0.364,0.578,,1,0,6.0,3.9,237,979.27,0
ACC-02356,Growth,SaaS,10,117,14,0.834,,65.0,0,0,27.0,,320,523.31,0
ACC-02357,Growth,E-commerce,15,817,14,0.67,0.416,135.0,0,0,68.0,4.6,79,846.5,0
ACC-02358,Growth,Other,11,113,18,0.713,0.508,95.0,1,0,74.0,3.1,216,438.42,0
ACC-02359,Enterprise,SaaS,153,578,22,0.861,0.844,739.0,1,0,25.0,4.6,34,18876.12,0
ACC-02360,Starter,SaaS,3,200,1,0.37,0.39,39.0,0,0,25.0,3.4,91,35.39,0
ACC-02361,Enterprise,Healthcare,123,832,29,0.818,0.874,1201.0,1,1,10.0,4.0,179,14116.42,0
ACC-02362,Starter,FinTech,6,538,11,0.403,0.305,30.0,3,0,56.0,3.5,102,159.26,0
ACC-02363,Growth,Other,24,851,11,0.573,0.455,11.0,2,0,42.0,5.0,343,913.37,0
ACC-02364,Enterprise,FinTech,43,840,15,0.787,0.646,525.0,3,0,30.0,,239,3522.83,0
ACC-02365,Growth,E-commerce,29,251,17,0.472,0.59,271.0,0,0,23.0,4.2,161,751.14,0
ACC-02366,Growth,Other,23,225,8,0.602,0.412,221.0,1,1,52.0,4.0,80,721.62,0
ACC-02367,Starter,SaaS,4,113,11,0.355,0.402,37.0,1,1,34.0,3.9,366,49.48,0
ACC-02368,Starter,Healthcare,5,651,12,0.394,0.265,17.0,4,0,52.0,2.7,107,52.05,0
ACC-02369,Starter,E-commerce,4,35,4,0.614,0.389,19.0,0,0,,,369,58.84,0
ACC-02370,Growth,Healthcare,28,181,10,0.519,0.462,137.0,0,0,61.0,4.0,66,1413.8,0
ACC-02371,Growth,SaaS,29,819,11,0.649,0.599,195.0,0,0,,2.8,366,1444.23,0
ACC-02372,Starter,FinTech,7,577,3,0.02,0.202,6.0,0,0,21.0,5.0,321,160.45,0
ACC-02373,Starter,SaaS,4,413,8,0.314,0.38,55.0,1,0,32.0,4.1,286,47.33,0
ACC-02374,Starter,Other,9,136,9,0.471,0.451,0.0,1,1,-5.0,4.5,277,198.29,0
ACC-02375,Starter,SaaS,9,762,10,0.252,0.375,,3,1,47.0,2.8,95,175.86,0
ACC-02376,Starter,SaaS,8,763,3,0.244,0.374,68.0,1,0,13.0,4.4,125,200.0,0
ACC-02377,Enterprise,Other,68,54,24,0.746,,827.0,2,0,48.0,,316,5409.94,0
ACC-02378,Growth,FinTech,37,671,9,0.726,0.399,161.0,0,0,12.0,4.0,249,1393.78,0
ACC-02379,Starter,E-commerce,6,305,11,0.561,0.506,0.0,1,0,24.0,4.4,59,129.93,0
ACC-02380,Growth,FinTech,25,617,6,0.641,0.528,,2,0,6.0,3.8,196,643.68,0
ACC-02381,Enterprise,E-commerce,147,275,27,0.609,0.789,3015.0,2,1,70.0,3.2,27,8270.37,0
ACC-02382,Starter,SaaS,9,26,5,0.298,0.02,0.0,1,0,49.0,3.8,101,63556.80863543912,1
ACC-02383,Starter,FinTech,9,682,10,0.541,0.461,76.0,2,0,50.0,4.5,58,118.61,0
ACC-02384,Starter,E-commerce,5,755,10,0.529,0.065,71.0,0,0,-1.0,3.3,395,104.78,0
ACC-02385,Starter,FinTech,8,619,1,0.613,0.394,0.0,1,0,31.0,4.8,231,217.88,0
ACC-02386,Growth,SaaS,24,147,17,0.603,0.476,255.0,1,0,52.0,3.3,395,1254.03,0
ACC-02387,Enterprise,SaaS,189,412,18,0.767,0.797,664.0,0,0,60.0,3.7,378,15231.94,0
ACC-02388,Starter,Healthcare,8,486,6,0.387,0.179,123.0,2,0,27.0,4.0,396,137.01,0
ACC-02389,Growth,SaaS,38,717,10,,0.564,287.0,2,0,23.0,2.8,4,1209.7,0
ACC-02390,Starter,FinTech,9,702,14,0.138,0.081,17.0,1,1,16.0,2.4,258,118.44,1
ACC-02391,Growth,FinTech,25,800,8,0.474,0.597,,2,0,61.0,4.1,51,838.63,0
ACC-02392,Growth,FinTech,25,573,15,0.583,0.317,100.0,0,0,-9.0,4.5,295,1268.51,0
ACC-02393,Starter,Healthcare,7,846,4,0.811,0.421,0.0,1,0,42.0,3.3,303,156.99,0
ACC-02394,Starter,FinTech,2,739,12,0.342,0.253,21.0,1,0,-24.0,3.9,195,27.07,1
ACC-02395,Growth,Other,17,191,23,0.633,0.567,,1,0,59.0,2.3,144,487.32,0
ACC-02396,Enterprise,E-commerce,198,642,17,0.843,0.534,451.0,4,3,18.0,2.5,66,15349.95,1
ACC-02397,Starter,Healthcare,2,89,8,0.344,0.383,8.0,3,1,65.0,2.7,17,22.6,0
ACC-02398,Starter,Healthcare,7,683,5,0.643,0.375,93.0,6,1,11.0,3.5,194,90.26,0
ACC-02399,Starter,SaaS,8,210,12,0.521,0.443,34.0,0,0,44.0,3.5,193,112.68,0
ACC-02400,Growth,Other,17,278,12,0.755,0.414,204.0,4,0,50.0,4.1,181,556.99,0
ACC-02401,Growth,Healthcare,2,522,17,0.426,0.297,50.0,2,0,28.0,2.8,116,1624.67,1
ACC-02402,Growth,E-commerce,16,349,11,0.527,0.527,217.0,2,0,-4.0,5.0,132,543.07,0
ACC-02403,Growth,SaaS,28,587,23,0.356,0.51,105.0,1,1,17.0,3.6,102,1162.76,0
ACC-02404,Enterprise,SaaS,420,458,10,0.732,0.84,0.0,3,3,18.0,4.1,73,4293.43,0
ACC-02405,Enterprise,E-commerce,117,577,22,0.78,0.697,284.0,0,0,56.0,5.0,328,7922.47,0
ACC-02406,Starter,FinTech,3,533,7,0.404,0.234,65.0,1,0,32.0,3.4,101,32.36,1
ACC-02407,Growth,E-commerce,39,196,13,0.59,0.598,89.0,1,0,58.0,2.6,300,1230.62,0
ACC-02408,Starter,FinTech,6,626,8,0.644,0.627,38.0,0,0,78.0,,50,131.29,0
ACC-02409,Starter,E-commerce,7,863,7,0.37,0.364,45.0,1,0,-13.0,5.0,159,100.14,0
ACC-02410,Enterprise,SaaS,73,506,21,0.835,0.742,352.0,0,0,43.0,3.2,180,9345.79,0
ACC-02411,Growth,SaaS,22,551,15,0.582,0.617,99.0,1,1,28.0,3.1,176,658.89,0
ACC-02412,Enterprise,SaaS,92,643,28,0.871,0.682,790.0,0,0,53.0,3.8,360,8443.79,0
ACC-02413,Starter,Healthcare,2,88,0,0.425,0.478,83.0,2,0,30.0,4.1,244,22.29,1
ACC-02414,Growth,E-commerce,12,147,21,0.879,0.37,74.0,3,1,,5.0,365,457.59,0
ACC-02415,Growth,Other,34,508,25,0.574,0.598,70.0,1,0,7.0,3.5,193,1381.14,0
ACC-02416,Starter,Healthcare,8,363,0,0.273,0.286,0.0,0,0,15.0,4.2,21,90.54,0
ACC-02417,Starter,Healthcare,7,627,7,,0.321,27.0,3,0,41.0,3.4,305,105.96,0
ACC-02418,Growth,E-commerce,34,823,19,0.455,0.634,243.0,1,0,0.0,4.0,332,1493.52,0
ACC-02419,Starter,Healthcare,5,707,11,0.364,0.323,37.0,4,1,9.0,4.0,66,52.94,1
ACC-02420,Enterprise,Other,162,206,28,,0.548,,3,0,42.0,3.8,89,16390.31,0
ACC-02421,Starter,Healthcare,7,286,9,0.522,0.267,,1,0,39.0,5.0,279,154.92,0
ACC-02422,Starter,SaaS,7,141,0,0.364,0.345,,1,0,25.0,5.0,298,169.13,0
ACC-02423,Growth,E-commerce,18,100,19,0.833,,,1,1,32.0,2.8,189,1057.69,0
ACC-02424,Starter,SaaS,3,673,10,0.546,0.46,32.0,3,1,26.0,3.6,225,81.14,0
ACC-02425,Enterprise,SaaS,167,627,27,0.812,0.886,850.0,0,0,29.0,2.9,25,18610.28,0
ACC-02426,Growth,Healthcare,26,186,6,0.82,0.303,135.0,2,1,19.0,5.0,180,1039.95,0
ACC-02427,Starter,Healthcare,4,638,2,0.43,0.194,50.0,1,0,0.0,2.9,49,100.39,0
ACC-02428,Growth,SaaS,37,419,13,0.808,0.811,289.0,1,0,60.0,4.8,86,1800.04,0
ACC-02429,Growth,SaaS,35,790,19,0.424,0.438,61.0,2,0,52.0,4.9,361,1730.72,0
ACC-02430,Growth,Other,14,644,20,0.537,0.577,272.0,0,0,-3.0,2.7,291,456.85,0
ACC-02431,Enterprise,SaaS,126,253,17,0.699,0.464,667.0,3,0,7.0,2.3,135,12296.87,0
ACC-02432,Growth,SaaS,7,443,11,0.62,0.614,220.0,2,0,83.0,2.0,152,354.47,0
ACC-02433,Growth,Healthcare,19,220,26,0.792,0.481,247.0,1,0,,4.6,213,603.59,0
ACC-02434,Starter,Other,9,812,5,0.203,0.403,54.0,0,0,68.0,4.3,187,64783.85313430907,0
ACC-02435,Growth,E-commerce,37,469,16,0.535,0.472,48.0,0,0,14.0,4.2,277,1460.25,0
ACC-02436,Enterprise,E-commerce,84,792,18,0.839,,620.0,2,0,58.0,4.8,241,10643.97,0
ACC-02437,Growth,FinTech,34,466,15,0.546,0.497,,1,0,21.0,3.2,164,1505.44,1
ACC-02438,Growth,SaaS,14,459,9,0.412,0.521,70.0,0,0,10.0,3.6,80,607.76,0
ACC-02439,Growth,Healthcare,29,177,9,0.586,0.554,195.0,2,0,43.0,5.0,211,1363.2,0
ACC-02440,Growth,Other,22,865,11,0.831,0.416,254.0,2,0,10.0,4.2,119,582.5,0
ACC-02441,Enterprise,FinTech,35,610,18,0.847,0.537,645.0,1,0,28.0,2.3,286,2234.35,0
ACC-02442,Starter,SaaS,3,272,6,0.569,0.376,28.0,1,1,,4.5,356,66.49,0
ACC-02443,Starter,SaaS,477,757,9,0.486,0.493,2.0,0,0,-20.0,5.0,89,162.08,0
ACC-02444,Growth,SaaS,38,221,22,0.517,0.266,184.0,0,0,-7.0,3.0,146,2269.16,0
ACC-02445,Growth,FinTech,10,99,10,0.625,0.328,221.0,0,0,42.0,4.9,191,553.77,0
ACC-02446,Growth,SaaS,15,607,9,0.519,0.484,267.0,0,0,21.0,3.8,223,510.27,0
ACC-02447,Starter,Healthcare,380,676,7,0.41,0.486,3465.0,2,1,57.0,3.4,153,15.1,0
ACC-02448,Starter,SaaS,6,521,3,0.374,0.377,28.0,3,0,42.0,3.3,387,166.76,0
ACC-02449,Growth,Healthcare,28,646,6,0.355,0.819,240.0,1,1,34.0,4.0,236,1428.74,0
ACC-02450,Growth,E-commerce,38,236,18,0.292,0.566,174.0,1,0,78.0,3.1,200,1914.35,0
ACC-02451,Growth,Healthcare,18,260,13,0.238,0.551,66.0,2,1,50.0,3.5,41,567.25,0
ACC-02452,Growth,Other,12,342,14,0.514,0.35,207.0,2,1,42.0,,112,423.1,0
ACC-02453,Growth,FinTech,5,197,4,0.713,0.607,199.0,1,0,52.0,4.1,317,276.66,0
ACC-02454,Growth,SaaS,25,220,10,0.463,0.606,142.0,3,1,48.0,4.3,312,1211.05,1
ACC-02455,Growth,Healthcare,39,56,7,0.54,0.378,229.0,0,0,36.0,3.2,175,1365.21,0
ACC-02456,Growth,SaaS,7,223,13,0.475,0.526,100.0,2,2,44.0,3.6,144,213.29,0
ACC-02457,Growth,SaaS,39,499,14,0.446,0.749,218.0,3,0,23.0,4.3,140,1499.19,0
ACC-02458,Starter,SaaS,7,339,8,0.498,0.426,24.0,2,0,57.0,4.0,77,148.22,0
ACC-02459,Starter,Other,6,394,4,0.525,0.191,7.0,3,0,30.0,4.5,3,120.66,0
ACC-02460,Growth,SaaS,7,832,9,0.364,0.469,42.0,1,0,51.0,3.9,137,287.93,0
ACC-02461,Enterprise,FinTech,161,19,19,0.639,0.599,607.0,1,0,27.0,,301,12345.68,0
ACC-02462,Growth,FinTech,16,753,15,,0.592,43.0,1,1,-16.0,4.1,70,504.75,0
ACC-02463,Starter,E-commerce,1,43,4,0.53,0.345,34.0,3,0,46.0,2.6,64,15.82,0
ACC-02464,Growth,FinTech,12,468,9,0.626,0.556,341.0,1,0,90.0,3.7,311,550.96,0
ACC-02465,Starter,Other,8,129,3,,0.443,38.0,0,0,15.0,5.0,364,132.61,0
ACC-02466,Growth,Healthcare,32,437,10,0.486,0.402,,1,0,34.0,3.5,340,993.46,0
ACC-02467,Enterprise,FinTech,48,806,18,0.699,0.893,720.0,0,0,44.0,2.9,236,3893.02,0
ACC-02468,Growth,FinTech,21,41,8,0.565,0.425,0.0,2,0,47.0,3.9,83,1140.35,0
ACC-02469,Growth,Healthcare,38,462,11,0.694,0.366,169.0,1,0,59.0,4.3,271,1448.16,1
ACC-02470,Starter,Healthcare,9,423,13,0.526,0.446,36.0,1,0,27.0,3.2,334,211.3,0
ACC-02471,Growth,FinTech,33,413,12,0.805,0.393,79.0,1,1,23.0,4.0,45,1636.17,0
ACC-02472,Enterprise,FinTech,62,566,14,,0.787,695.0,2,0,12.0,4.4,212,4955.81,0
ACC-02473,Growth,SaaS,32,303,3,0.414,0.387,194.0,1,0,49.0,2.3,276,1473.9,0
ACC-02474,Growth,SaaS,38,703,21,0.433,0.737,3.0,1,0,58.0,4.0,386,1282.06,0
ACC-02475,Starter,SaaS,6,224,12,0.449,0.166,29.0,2,1,46.0,3.7,30,165.41,0
ACC-02476,Starter,SaaS,3,329,8,0.528,0.171,59.0,2,0,41.0,3.1,104,75.73,0
ACC-02477,Starter,SaaS,9,429,12,0.508,0.297,74.0,3,0,34.0,,213,150.39,0
ACC-02478,Starter,Other,4,828,9,0.547,0.202,109.0,0,0,68.0,5.0,296,67.74,0
ACC-02479,Starter,Healthcare,7,486,7,0.35,0.22,36.0,0,0,78.0,,252,112.66,0
ACC-02480,Enterprise,Other,127,758,14,0.649,0.652,527.0,1,0,34.0,4.4,25,15544.26,0
ACC-02481,Growth,E-commerce,38,137,22,0.631,0.419,343.0,1,0,16.0,2.0,290,1785.14,0
ACC-02482,Starter,E-commerce,7,86,5,0.309,0.219,3.0,2,0,7.0,2.3,375,124.24,1
ACC-02483,Starter,SaaS,6,458,5,,0.376,58.0,3,0,58.0,4.0,372,60.25,0
ACC-02484,Starter,Healthcare,8,814,7,0.325,0.302,91.0,4,1,10.0,,223,214.07,1
ACC-02485,Enterprise,FinTech,173,221,20,0.839,0.831,745.0,3,1,26.0,,228,21555.15,0
ACC-02486,Starter,E-commerce,464,211,10,0.273,0.283,15.0,3,1,21.0,3.4,365,142.22,1
ACC-02487,Growth,Other,35,145,15,,0.327,228.0,3,2,78.0,,54,1243.8,0
ACC-02488,Enterprise,Other,126,832,17,0.524,0.969,223.0,1,0,59.0,2.2,222,8772.53,0
ACC-02489,Starter,SaaS,3,95,7,0.354,0.489,31.0,1,0,73.0,,27,30.27,0
ACC-02490,Growth,Healthcare,23,572,15,0.519,0.405,105.0,2,0,29.0,3.5,362,1140.0,0
ACC-02491,Enterprise,SaaS,182,350,17,,0.735,94.0,2,0,64.0,2.8,243,21591.37,0
ACC-02492,Starter,SaaS,2,378,14,0.649,0.266,14.0,1,1,59.0,3.1,267,26.5,0
ACC-02493,Starter,SaaS,6,643,7,0.647,0.336,26.0,0,0,48.0,3.6,92,81.87,0
ACC-02494,Enterprise,SaaS,160,400,27,0.73,0.538,741.0,2,0,,5.0,282,11459.09,0
ACC-02495,Enterprise,Healthcare,163,34,14,0.782,0.605,477.0,1,0,38.0,3.0,219,14626.95,0
ACC-02496,Growth,FinTech,7,512,16,0.802,0.372,,2,0,49.0,3.4,255,344.19,0
ACC-02497,Growth,SaaS,20,36,9,0.442,0.612,286.0,3,0,34.0,5.0,304,991.32,0
ACC-02498,Starter,Other,7,761,4,0.484,0.283,22.0,4,0,22.0,3.8,138,119.11,0
ACC-02499,Enterprise,E-commerce,165,851,24,1.0,0.858,455.0,2,0,82.0,3.5,308,20001.3,0
ACC-02500,Growth,FinTech,642,755,12,0.602,0.662,232.0,1,0,49.0,4.9,188,888.52,0
ACC-02501,Starter,E-commerce,4,380,19,0.284,0.431,40.0,4,2,36.0,2.6,167,94.42,1
ACC-02502,Growth,E-commerce,39,381,15,,0.795,59.0,1,0,57.0,4.4,373,2292.54,0
ACC-02503,Enterprise,FinTech,109,532,17,0.527,,869.0,3,0,66.0,1.8,84,10173.03,0
ACC-02504,Enterprise,E-commerce,165,766,22,1.0,0.646,,0,0,14.0,,11,50011.8123153138,0
ACC-02505,Starter,Other,2,681,6,0.313,0.445,39.0,1,0,-10.0,4.2,233,38.99,0
ACC-02506,Starter,FinTech,6,432,11,0.303,0.12,58.0,1,0,46.0,2.9,13,164.44,0
ACC-02507,Enterprise,FinTech,118,732,19,0.674,0.442,3366.0,1,1,62.0,3.3,125,12734.59,0
ACC-02508,Enterprise,SaaS,55,383,22,0.665,0.893,905.0,0,0,68.0,3.0,163,6845.44,0
ACC-02509,Growth,Other,37,695,14,0.552,,134.0,2,1,52.0,3.8,231,1397.21,0
ACC-02510,Growth,FinTech,28,229,13,0.355,0.552,,0,0,9.0,5.0,260,847.99,0
ACC-02511,Growth,SaaS,39,415,18,0.618,0.548,105.0,2,0,47.0,2.0,280,2257.01,0
ACC-02512,Starter,Other,1,747,0,0.91,0.307,69.0,2,0,54.0,2.9,74,24.54,0
ACC-02513,Starter,E-commerce,5,232,7,0.206,0.074,68.0,0,0,31.0,,317,67.8,0
ACC-02514,Starter,SaaS,3,563,4,0.458,,3.0,2,0,56.0,3.0,152,79.78,0
ACC-02515,Starter,SaaS,5,262,1,0.668,0.341,29.0,1,0,5.0,4.0,212,116.71,0
ACC-02516,Enterprise,FinTech,47,395,16,0.656,0.93,875.0,1,0,77.0,4.5,269,6142.76,0
ACC-02517,Starter,Other,6,301,4,0.551,0.372,24.0,2,1,23.0,3.1,290,112.28,0
ACC-02518,Starter,FinTech,9,600,6,0.399,0.417,10.0,2,0,-1.0,2.7,149,168.58,1
ACC-02519,Growth,SaaS,5,683,15,0.795,0.412,114.0,0,0,19.0,4.7,378,199.65,0
ACC-02520,Starter,E-commerce,3,776,9,0.645,0.331,,3,1,56.0,4.3,68,67.17,0
ACC-02521,Starter,FinTech,5,329,5,0.373,0.336,7.0,2,1,57.0,4.2,396,57.2,1
ACC-02522,Growth,SaaS,24,189,20,0.665,0.321,0.0,1,0,41.0,3.8,108,921.07,0
ACC-02523,Starter,Other,8,838,5,0.513,0.02,40.0,0,0,-13.0,4.7,363,152.64,0
ACC-02524,Growth,SaaS,16,361,4,0.789,0.454,176.0,0,0,13.0,3.1,198,813.93,0
ACC-02525,Enterprise,Other,96,592,18,0.514,0.72,398.0,0,0,29.0,4.2,14,12472.96,0
ACC-02526,Starter,Healthcare,6,350,7,,0.441,28.0,0,0,,4.8,31,105.31,0
ACC-02527,Enterprise,SaaS,78,753,5,0.781,0.565,435.0,2,0,9.0,4.4,367,5600.08,0
ACC-02528,Enterprise,Healthcare,153,81,25,0.6,0.852,634.0,1,0,33.0,4.5,151,13284.45,0
ACC-02529,Enterprise,Healthcare,131,49,20,0.733,0.712,584.0,1,1,62.0,3.1,61,17882.42,0
ACC-02530,Growth,E-commerce,13,309,8,0.595,0.457,210.0,3,0,39.0,3.8,252,341.55,0
ACC-02531,Growth,E-commerce,26,381,9,0.542,0.25,133.0,0,0,,2.2,211,665.49,0
ACC-02532,Growth,SaaS,33,688,16,0.609,0.77,44.0,1,0,36.0,3.3,102,1754.78,0
ACC-02533,Growth,SaaS,2,430,17,0.755,0.428,168.0,1,0,74.0,3.8,159,392.88,0
ACC-02534,Starter,Healthcare,9,238,4,0.616,0.248,16.0,2,1,81.0,4.1,57,206.91,0
ACC-02535,Enterprise,SaaS,174,81,14,0.626,0.651,422.0,1,0,47.0,4.3,279,14725.92,0
ACC-02536,Growth,SaaS,14,732,14,0.729,0.421,266.0,1,0,41.0,4.0,357,459.41,0
ACC-02537,Growth,FinTech,5,464,14,0.611,0.393,197.0,3,0,69.0,3.6,42,200.03,0
ACC-02538,Starter,SaaS,6,860,10,0.407,0.101,59.0,0,0,66.0,2.5,161,132.84,0
ACC-02539,Starter,Healthcare,8,307,4,,0.346,29.0,1,0,31.0,3.6,165,60848.269711863206,0
ACC-02540,Growth,Healthcare,37,212,12,,0.572,272.0,3,2,30.0,3.7,74,1845.99,0
ACC-02541,Growth,Other,33,254,13,0.462,0.714,214.0,0,0,49.0,1.7,366,1628.83,0
ACC-02542,Growth,SaaS,11,376,17,0.543,0.378,278.0,2,1,7.0,5.0,41,392.61,0
ACC-02543,Starter,FinTech,6,139,13,0.753,0.221,61.0,1,0,50.0,5.0,121,161.35,0
ACC-02544,Starter,Other,1,130,14,0.231,0.289,,5,1,39.0,,22,14.16,1
ACC-02545,Growth,FinTech,36,716,19,,0.487,278.0,0,0,11.0,4.0,390,1075.53,0
ACC-02546,Starter,Healthcare,7,627,15,0.313,0.314,34.0,3,0,28.0,4.4,260,73.26,0
ACC-02547,Enterprise,E-commerce,192,458,25,0.721,0.779,736.0,2,1,51.0,4.7,114,19118.48,0
ACC-02548,Starter,FinTech,3,441,4,0.576,0.355,28.0,1,0,33.0,5.0,381,77.68,0
ACC-02549,Starter,SaaS,5,454,14,0.143,0.331,0.0,1,0,45.0,5.0,63,75.58,0
ACC-02550,Starter,E-commerce,2,535,1,0.282,0.283,11.0,1,0,56.0,,135,32.44,0
ACC-02551,Growth,SaaS,24,267,24,0.608,0.539,54.0,3,1,77.0,3.5,241,1146.34,0
ACC-02552,Growth,Other,5,703,9,0.572,0.382,325.0,2,0,29.0,4.6,324,179.2,0
ACC-02553,Growth,E-commerce,10,21,17,0.715,0.656,218.0,2,1,,4.0,246,554.14,0
ACC-02554,Enterprise,SaaS,141,701,26,0.846,0.665,913.0,1,0,42.0,3.6,384,9476.29,0
ACC-02555,Starter,Healthcare,6,716,9,0.393,0.235,70.0,3,0,86.0,1.8,194,60.86,0
ACC-02556,Growth,FinTech,27,471,4,0.67,0.488,68.0,1,0,65.0,2.8,353,1229.54,0
ACC-02557,Starter,SaaS,3,275,3,0.294,0.466,43.0,1,0,,5.0,258,35.54,0
ACC-02558,Starter,Other,5,795,9,0.46,0.18,29.0,2,1,2.0,4.0,174,80.98,0
ACC-02559,Growth,Healthcare,14,739,16,0.66,0.278,222.0,2,0,70.0,3.6,391,779.54,0
ACC-02560,Starter,E-commerce,6,839,6,0.324,0.377,2.0,0,0,43.0,3.1,176,83.94,0
ACC-02561,Growth,Other,39,28,13,,0.544,80.0,2,1,74.0,3.8,210,1180.97,0
ACC-02562,Growth,E-commerce,29,572,6,0.286,0.583,243.0,2,0,76.0,3.3,317,1179.78,0
ACC-02563,Growth,FinTech,6,20,21,0.621,0.672,0.0,5,1,27.0,4.4,219,44187.010829525876,0
ACC-02564,Growth,SaaS,6,48,11,0.69,0.595,0.0,2,0,37.0,3.0,125,293.71,0
ACC-02565,Growth,SaaS,17,69,17,0.734,0.569,,2,1,57.0,,364,879.53,0
ACC-02566,Starter,FinTech,7,701,13,0.336,0.058,17.0,1,1,18.0,2.3,372,134.04,0
ACC-02567,Starter,FinTech,1,658,2,0.455,0.231,13.0,0,0,41.0,3.2,220,21.05,0
ACC-02568,Starter,Healthcare,3,804,8,0.42,,0.0,1,0,34.0,3.2,89,37.07,1
ACC-02569,Growth,FinTech,11,576,14,0.731,0.508,321.0,1,0,27.0,3.3,387,503.91,0
ACC-02570,Enterprise,E-commerce,70,507,19,0.934,0.537,184.0,1,0,55.0,4.6,227,6170.9,0
ACC-02571,Starter,Healthcare,8,175,11,0.383,0.354,51.0,1,0,36.0,3.2,92,165.68,1
ACC-02572,Growth,Other,28,634,10,0.849,0.586,129.0,1,0,18.0,5.0,203,702.87,1
ACC-02573,Growth,FinTech,24,821,13,0.323,0.57,247.0,2,0,62.0,4.0,190,684.59,0
ACC-02574,Enterprise,Other,138,329,18,0.502,0.588,216.0,0,0,67.0,4.0,208,12453.36,0
ACC-02575,Growth,Healthcare,14,631,23,0.49,0.312,193.0,2,0,63.0,3.3,286,685.59,0
ACC-02576,Growth,SaaS,38,458,10,0.712,0.628,82.0,2,0,24.0,3.5,245,993.4,0
ACC-02577,Growth,FinTech,14,475,16,0.578,0.493,71.0,1,0,49.0,4.3,53,642.51,0
ACC-02578,Enterprise,SaaS,135,721,28,0.511,0.715,114.0,4,1,42.0,3.1,191,12010.13,0
ACC-02579,Starter,E-commerce,3,271,3,,,25.0,0,0,41.0,5.0,160,42.68,0
ACC-02580,Enterprise,E-commerce,194,790,20,0.458,1.0,567.0,4,0,52.0,3.8,304,19041.83,0
ACC-02581,Starter,FinTech,2,886,3,0.762,0.118,15.0,3,0,54.0,,307,47.61,0
ACC-02582,Enterprise,Healthcare,24,116,11,0.868,0.545,631.0,1,0,,3.5,360,1943.18,0
ACC-02583,Starter,FinTech,8,466,3,0.475,0.318,27.0,0,0,51.0,4.3,116,113.3,0
ACC-02584,Starter,FinTech,8,29,4,0.54,0.292,42.0,2,0,48.0,4.9,398,220.85,0
ACC-02585,Starter,Other,4,313,5,0.215,,30.0,0,0,49.0,4.7,202,77.32,0
ACC-02586,Growth,Other,24,345,12,0.591,0.349,312.0,1,0,81.0,3.5,147,884.36,0
ACC-02587,Starter,Healthcare,3,602,7,0.368,0.4,26.0,2,1,5.0,4.8,370,72.17,0
ACC-02588,Starter,SaaS,1,360,2,0.605,0.267,39.0,5,1,66.0,2.8,104,21.01,1
ACC-02589,Growth,SaaS,12,335,15,0.505,0.526,112.0,2,0,53.0,3.2,209,542.17,0
ACC-02590,Starter,SaaS,2,699,12,0.191,0.395,75.0,1,0,40.0,4.2,56,22.25,0
ACC-02591,Growth,FinTech,30,685,19,0.654,0.509,229.0,2,1,48.0,5.0,161,869.89,0
ACC-02592,Enterprise,SaaS,172,21,19,0.515,0.771,708.0,0,0,75.0,3.1,41,14974.12,0
ACC-02593,Growth,Other,33,312,17,0.821,0.476,180.0,3,0,52.0,3.3,301,1471.78,0
ACC-02594,Starter,E-commerce,3,690,4,0.588,0.437,6.0,3,0,53.0,3.5,58,61.49,0
ACC-02595,Starter,FinTech,2,105,5,0.595,0.117,23.0,2,0,39.0,5.0,273,40.88,0
ACC-02596,Enterprise,SaaS,121,489,22,0.711,0.672,484.0,0,0,61.0,3.0,281,12825.01,0
ACC-02597,Starter,FinTech,2,449,5,0.403,0.263,22.0,1,0,62.0,3.6,138,53.59,0
ACC-02598,Starter,FinTech,4,632,1,0.583,0.317,25.0,2,0,,4.6,24,62.65,0
ACC-02599,Enterprise,Healthcare,83,613,24,0.919,0.77,963.0,2,0,47.0,3.0,88,6814.17,0
ACC-02600,Enterprise,SaaS,97,465,16,0.723,0.672,787.0,2,1,100.0,4.3,237,11270.99,0
ACC-02601,Starter,Other,5,380,5,0.297,0.354,44.0,2,0,81.0,5.0,373,112.3,0
ACC-02602,Growth,SaaS,29,714,18,0.348,0.411,167.0,1,0,67.0,1.8,37,1009.41,0
ACC-02603,Growth,SaaS,7,352,15,0.425,0.336,106.0,2,0,,4.5,322,331.05,0
ACC-02604,Growth,Other,5,401,14,0.312,0.689,0.0,2,0,70.0,5.0,24,215.9,0
ACC-02605,Starter,SaaS,4,385,0,0.289,0.488,46.0,1,0,47.0,4.0,186,95.23,0
ACC-02606,Starter,SaaS,8,320,2,0.315,0.279,32.0,2,1,-3.0,3.6,9,166.93,0
ACC-02607,Growth,E-commerce,34,571,15,,0.661,270.0,4,3,37.0,3.6,58,1877.81,0
ACC-02608,Starter,FinTech,9,577,10,0.327,0.284,43.0,3,1,3.0,2.3,81,167.03,0
ACC-02609,Growth,SaaS,14,810,14,0.577,0.527,151.0,0,0,39.0,5.0,70,754.63,0
ACC-02610,Starter,SaaS,9,407,5,0.33,0.087,33.0,2,1,97.0,3.4,388,166.34,0
ACC-02611,Enterprise,SaaS,111,687,18,0.637,0.67,998.0,1,0,23.0,4.5,373,12209.19,0
ACC-02612,Enterprise,E-commerce,124,282,21,0.673,0.714,672.0,1,0,62.0,4.7,27,7034.98,0
ACC-02613,Growth,SaaS,28,867,7,0.349,0.344,193.0,1,0,5.0,3.4,104,1380.33,0
ACC-02614,Growth,Healthcare,32,823,13,,0.288,392.0,2,1,45.0,3.2,283,1069.34,1
ACC-02615,Starter,Other,6,537,1,0.818,,0.0,2,1,-1.0,4.2,210,60225.52804718837,0
ACC-02616,Growth,SaaS,18,654,8,,0.545,145.0,1,0,6.0,5.0,4,1055.13,0
ACC-02617,Starter,FinTech,3,527,8,0.569,0.369,59.0,0,0,56.0,4.1,159,46.42,0
ACC-02618,Enterprise,SaaS,15,188,23,0.741,0.541,1119.0,0,0,35.0,2.8,223,1402.1,0
ACC-02619,Enterprise,FinTech,74,847,22,0.556,0.669,603.0,2,1,36.0,3.2,194,5230.05,0
ACC-02620,Enterprise,SaaS,169,669,15,0.673,0.656,588.0,2,0,,4.5,50,16168.43,0
ACC-02621,Enterprise,Healthcare,32,385,12,,0.837,853.0,1,1,-15.0,4.0,11,2416.13,0
ACC-02622,Enterprise,FinTech,75,237,20,0.824,0.685,611.0,0,0,27.0,2.9,17,9684.98,0
ACC-02623,Starter,FinTech,6,606,0,0.279,0.121,79.0,3,1,38.0,4.7,305,146.75,1
ACC-02624,Enterprise,E-commerce,479,396,24,0.562,0.447,429.0,0,0,48.0,3.5,172,12359.37,0
ACC-02625,Growth,Healthcare,12,747,8,0.497,0.761,80.0,1,0,-28.0,4.0,373,343.41,0
ACC-02626,Growth,FinTech,5,206,23,0.642,0.528,128.0,1,0,64.0,2.6,174,239.1,0
ACC-02627,Growth,SaaS,16,475,9,0.287,0.448,158.0,1,1,,3.9,296,785.36,0
ACC-02628,Starter,Other,6,114,9,,0.147,59.0,1,0,52.0,3.1,15,95.77,0
ACC-02629,Starter,FinTech,1,646,4,0.444,0.146,31.0,0,0,40.0,3.4,83,23.52,0
ACC-02630,Starter,E-commerce,4,367,6,0.651,0.503,59.0,3,0,62.0,3.4,5,64.99,0
ACC-02631,Starter,E-commerce,4,184,8,,0.355,1.0,1,0,77.0,3.0,255,58.88,0
ACC-02632,Growth,E-commerce,6,505,17,0.74,0.648,78.0,1,0,,4.1,87,166.91,0
ACC-02633,Enterprise,SaaS,152,520,25,0.689,0.637,766.0,4,1,45.0,3.1,62,8465.38,0
ACC-02634,Growth,SaaS,30,281,16,0.682,0.536,416.0,1,0,-20.0,3.9,346,877.66,0
ACC-02635,Growth,FinTech,28,846,18,0.538,0.391,166.0,0,0,19.0,3.9,304,944.66,0
ACC-02636,Growth,E-commerce,14,80,10,0.572,0.654,207.0,1,0,14.0,4.2,21,519.6,0
ACC-02637,Growth,Healthcare,37,308,16,0.328,0.02,50.0,2,0,37.0,3.2,101,1077.02,1
ACC-02638,Starter,Healthcare,6,235,5,0.48,0.305,103.0,2,0,37.0,3.0,337,129.47,0
ACC-02639,Enterprise,Other,75,834,24,0.804,0.549,235.0,0,0,35.0,3.5,340,8515.8,0
ACC-02640,Starter,Other,3,231,8,0.906,0.306,39.0,1,0,46.0,4.6,102,33.49,0
ACC-02641,Growth,Healthcare,15,209,16,0.69,0.492,96.0,2,1,92.0,3.2,145,530.62,0
ACC-02642,Growth,SaaS,25,537,14,0.572,0.229,113.0,1,0,58.0,4.6,173,868.89,0
ACC-02643,Growth,FinTech,25,244,16,0.532,0.473,133.0,3,0,54.0,3.4,202,700.95,0
ACC-02644,Enterprise,E-commerce,69,263,16,0.783,0.672,172.0,0,0,39.0,3.1,83,3912.19,0
ACC-02645,Starter,E-commerce,5,231,0,0.684,0.294,4.0,4,0,40.0,4.2,366,55.36,0
ACC-02646,Enterprise,SaaS,20,486,24,0.698,0.639,323.0,0,0,49.0,3.1,314,1358.33,0
ACC-02647,Growth,E-commerce,8,677,19,0.439,0.48,241.0,0,0,39.0,2.9,342,210.91,0
ACC-02648,Growth,FinTech,6,430,12,0.496,0.494,46.0,0,0,82.0,4.1,103,173.55,0
ACC-02649,Growth,FinTech,20,802,17,0.55,0.142,344.0,1,0,18.0,4.3,95,617.01,0
ACC-02650,Enterprise,Healthcare,130,249,13,0.739,0.673,457.0,1,0,56.0,3.3,303,12915.53,0
ACC-02651,Enterprise,FinTech,105,762,17,0.77,0.742,420.0,1,0,21.0,,296,9437.91,0
ACC-02652,Growth,E-commerce,25,670,13,0.564,0.788,139.0,1,0,49.0,2.7,108,822.63,0
ACC-02653,Enterprise,E-commerce,42,79,12,0.695,0.617,671.0,4,0,51.0,2.4,89,5861.89,0
ACC-02654,Growth,E-commerce,27,605,6,0.558,0.582,54.0,2,0,49.0,2.7,96,712.34,0
ACC-02655,Growth,SaaS,11,893,14,0.357,0.331,,1,0,33.0,3.6,37,397.86,0
ACC-02656,Enterprise,E-commerce,181,616,17,1.0,0.583,592.0,2,0,8.0,2.2,26,16701.59,0
ACC-02657,Starter,FinTech,2,242,5,0.341,,0.0,1,0,29.0,4.4,319,53.35,0
ACC-02658,Growth,E-commerce,2,398,11,0.36,0.563,12.0,0,0,50.0,3.4,47,780.37,0
ACC-02659,Starter,SaaS,1,784,1,0.281,0.497,29.0,0,0,-16.0,5.0,352,13.54,1
ACC-02660,Starter,Other,567,294,6,0.609,0.273,,2,1,47.0,3.5,211,107.32,0
ACC-02661,Enterprise,Healthcare,78,435,20,0.732,0.839,346.0,4,1,32.0,2.8,339,4460.89,0
ACC-02662,Starter,FinTech,7,537,4,0.417,0.152,27.0,0,0,7.0,5.0,110,184.97,0
ACC-02663,Starter,FinTech,8,747,5,0.527,0.232,49.0,1,0,42.0,2.4,73,140.86,0
ACC-02664,Starter,FinTech,6,863,6,,0.429,30.0,1,0,77.0,3.6,4,47251.495003680604,0
ACC-02665,Growth,Healthcare,36,638,17,0.923,0.395,121.0,3,1,67.0,3.5,118,1404.87,0
ACC-02666,Enterprise,E-commerce,190,398,20,,0.564,796.0,2,1,17.0,3.3,240,24713.14,0
ACC-02667,Enterprise,Healthcare,193,377,11,0.845,0.633,587.0,1,0,92.0,3.2,95,13978.12,0
ACC-02668,Starter,Other,4,603,2,0.412,0.313,18.0,3,1,53.0,3.5,329,57.93,0
ACC-02669,Growth,FinTech,30,79,17,0.572,0.513,273.0,1,0,59.0,4.1,338,1595.62,0
ACC-02670,Growth,E-commerce,24,405,10,0.49,0.665,108.0,3,1,40.0,3.2,267,1112.87,0
ACC-02671,Growth,FinTech,6,329,13,0.402,,262.0,1,1,30.0,4.8,84,300.91,0
ACC-02672,Growth,E-commerce,1,840,22,0.436,0.489,89.0,0,0,-2.0,3.3,318,540.16,0
ACC-02673,Starter,FinTech,4,771,10,0.519,0.385,7.0,2,0,78.0,,132,90.75,0
ACC-02674,Growth,Healthcare,19,248,3,0.709,0.412,309.0,1,0,48.0,3.9,273,676.27,0
ACC-02675,Growth,SaaS,14,594,20,,0.76,162.0,1,1,33.0,4.0,283,671.45,0
ACC-02676,Growth,SaaS,1,420,14,,0.36,178.0,1,0,67.0,4.1,19,1496.06,0
ACC-02677,Growth,FinTech,7,749,15,0.919,0.542,105.0,0,0,44.0,3.8,276,297.14,0
ACC-02678,Enterprise,Other,16,451,21,0.62,0.761,486.0,2,1,7.0,2.6,360,1828.11,0
ACC-02679,Growth,E-commerce,32,582,17,0.434,0.572,158.0,0,0,38.0,3.2,174,1143.34,0
ACC-02680,Starter,FinTech,7,659,7,0.347,0.412,50.0,0,0,26.0,3.9,385,81.87,0
ACC-02681,Enterprise,FinTech,191,743,13,0.544,0.683,448.0,0,0,27.0,2.8,329,22919.08,0
ACC-02682,Enterprise,FinTech,140,653,21,0.477,0.866,708.0,0,0,77.0,4.9,314,13843.28,0
ACC-02683,Starter,Other,3,276,1,0.417,0.284,4.0,1,0,52.0,,145,44.31,0
ACC-02684,Growth,Other,21,669,21,0.483,0.473,146.0,2,0,58.0,2.7,105,804.13,0
ACC-02685,Starter,Other,3,294,5,0.582,0.128,0.0,4,1,69.0,3.1,3,39.12,0
ACC-02686,Growth,Other,23,663,13,0.507,0.515,132.0,0,0,56.0,3.3,193,635.34,0
ACC-02687,Starter,SaaS,4,855,4,0.407,0.594,28.0,0,0,56.0,2.5,227,71.87,0
ACC-02688,Growth,SaaS,36,430,15,0.47,0.448,111.0,2,1,54.0,3.1,240,1085.72,0
ACC-02689,Starter,E-commerce,6,804,9,0.334,0.318,26.0,0,0,43.0,4.3,330,126.82,0
ACC-02690,Growth,E-commerce,8,151,10,0.646,0.504,118.0,1,0,43.0,4.6,388,385.46,0
ACC-02691,Enterprise,SaaS,162,390,22,0.78,0.59,966.0,0,0,21.0,3.6,121,20170.04,0
ACC-02692,Starter,Healthcare,4,785,7,0.338,0.154,23.0,1,0,30.0,3.0,27,111.34,0
ACC-02693,Enterprise,SaaS,56,661,20,,0.91,780.0,1,0,47.0,3.4,41,4150.35,0
ACC-02694,Enterprise,SaaS,41,301,17,0.587,,712.0,1,0,44.0,3.5,32,2392.88,0
ACC-02695,Enterprise,FinTech,126,457,30,0.762,0.705,348.0,1,0,22.0,3.7,307,11579.55,0
ACC-02696,Starter,Other,1,111,12,0.379,0.085,,2,0,35.0,3.2,64,20.18,0
ACC-02697,Enterprise,Healthcare,120,737,23,0.639,0.531,490.0,1,0,30.0,3.6,360,14019.78,0
ACC-02698,Starter,E-commerce,8,128,12,0.306,0.421,60.0,2,1,69.0,4.0,156,141.1,0
ACC-02699,Starter,Healthcare,7,513,8,,,0.0,1,0,37.0,5.0,393,144.92,0
ACC-02700,Enterprise,Healthcare,84,452,18,0.602,0.739,558.0,0,0,27.0,3.6,178,8783.51,0
ACC-02701,Growth,FinTech,37,561,1,0.443,0.481,73.0,3,0,12.0,4.5,118,1688.57,0
ACC-02702,Growth,Healthcare,5,391,8,0.591,0.532,127.0,5,0,10.0,4.3,75,135.48,0
ACC-02703,Starter,SaaS,6,89,17,0.68,0.302,29.0,0,0,2.0,3.9,152,149.3,0
ACC-02704,Enterprise,E-commerce,95,601,25,0.855,0.811,572.0,3,1,52.0,3.9,140,11725.94,0
ACC-02705,Growth,SaaS,23,806,14,0.487,,305.0,1,0,10.0,3.5,122,619.18,0
ACC-02706,Growth,FinTech,15,556,6,,0.309,248.0,1,0,12.0,4.6,195,785.64,0
ACC-02707,Enterprise,E-commerce,38,52,23,,,642.0,2,0,-17.0,3.2,20,3073.76,0
ACC-02708,Starter,SaaS,2,109,6,0.615,0.067,62.0,1,0,22.0,4.4,176,39.59,0
ACC-02709,Starter,FinTech,438,257,10,0.42,0.173,85.0,1,0,-5.0,3.1,24,56.03,0
ACC-02710,Growth,E-commerce,5,276,8,0.475,0.537,289.0,0,0,-2.0,3.8,369,271.64,0
ACC-02711,Enterprise,E-commerce,195,122,18,0.623,0.479,3542.0,3,0,56.0,4.6,26,20869.28,1
ACC-02712,Starter,SaaS,1,808,11,0.564,0.503,21.0,1,1,38.0,,141,27.16,0
ACC-02713,Starter,SaaS,4,667,16,0.392,0.319,43.0,0,0,24.0,3.1,138,49.69,0
ACC-02714,Starter,FinTech,3,693,4,0.43,0.395,76.0,0,0,61.0,3.5,369,36.28,0
ACC-02715,Enterprise,Other,60,867,16,0.747,0.736,628.0,1,0,30.0,2.8,370,3686.24,0
ACC-02716,Starter,Other,1,785,12,0.654,0.264,17.0,0,0,6.0,3.8,353,17.1,0
ACC-02717,Growth,FinTech,19,165,7,0.526,,69.0,2,0,57.0,,178,1062.47,1
ACC-02718,Enterprise,Healthcare,127,33,15,0.62,0.718,515.0,2,1,55.0,4.2,308,14864.42,0
ACC-02719,Starter,E-commerce,3,660,8,,0.132,29.0,2,1,16.0,4.5,204,40.3,1
ACC-02720,Growth,Other,39,822,22,0.338,0.6,193.0,3,0,23.0,4.3,390,1605.94,0
ACC-02721,Growth,SaaS,22,635,9,0.856,0.613,136.0,1,0,25.0,2.8,241,599.91,0
ACC-02722,Enterprise,E-commerce,71,776,18,0.739,0.661,717.0,3,0,78.0,4.4,234,7301.72,0
ACC-02723,Starter,E-commerce,7,553,8,0.585,0.466,4.0,2,0,25.0,,395,71779.78831171746,0
ACC-02724,Starter,FinTech,9,414,5,0.454,0.449,26.0,0,0,28.0,3.2,100,205.31,0
ACC-02725,Starter,SaaS,2,129,0,0.405,0.313,65.0,4,0,19.0,4.3,65,67937.48600739174,0
ACC-02726,Growth,SaaS,34,610,17,0.543,0.697,116.0,1,0,18.0,2.2,100,1097.67,0
ACC-02727,Growth,FinTech,27,272,14,0.289,0.6,91.0,1,0,50.0,,269,1083.88,0
ACC-02728,Starter,Healthcare,3,254,9,0.325,0.29,40.0,0,0,72.0,3.7,310,37.91,0
ACC-02729,Starter,Healthcare,2,789,6,0.223,0.243,6.0,0,0,17.0,3.6,245,42.98,0
ACC-02730,Enterprise,SaaS,373,597,27,0.748,0.821,553.0,5,0,-24.0,3.0,76,20696.52,0
ACC-02731,Starter,Other,9,408,5,0.606,0.114,33.0,2,0,40.0,1.7,73,203.52,0
ACC-02732,Starter,FinTech,8,721,2,0.375,0.381,51.0,0,0,-29.0,3.5,192,169.94,1
ACC-02733,Growth,Other,31,663,20,0.382,0.594,245.0,0,0,31.0,4.2,160,1084.6,0
ACC-02734,Starter,SaaS,3,442,0,0.429,0.406,30.0,3,1,37.0,4.9,304,31.73,0
ACC-02735,Starter,Healthcare,5,880,6,,0.428,26.0,4,1,1.0,4.3,32,91.92,1
ACC-02736,Growth,Other,7,39,13,0.484,0.539,257.0,1,0,42.0,,63,367.54,1
ACC-02737,Starter,Healthcare,8,450,6,0.32,0.297,41.0,1,0,33.0,3.5,375,145.4,0
ACC-02738,Growth,Healthcare,14,382,6,,0.653,3683.0,3,0,-8.0,,188,469.07,0
ACC-02739,Growth,FinTech,36,122,8,0.706,0.483,250.0,2,1,15.0,4.1,100,1678.92,0
ACC-02740,Growth,Healthcare,25,656,17,0.478,0.245,161.0,2,1,36.0,5.0,351,1048.01,0
ACC-02741,Starter,E-commerce,3,102,13,0.327,0.459,66.0,2,0,60.0,3.9,42,44.1,0
ACC-02742,Enterprise,FinTech,146,637,18,,0.885,430.0,0,0,22.0,2.6,132,16883.92,0
ACC-02743,Starter,Other,5,682,3,0.49,0.16,41.0,4,2,,3.2,285,109.49,0
ACC-02744,Growth,FinTech,499,444,5,0.75,0.635,240.0,0,0,11.0,4.0,258,935.39,0
ACC-02745,Starter,FinTech,5,230,11,0.519,0.698,30.0,2,1,42.0,4.1,56,85.73,0
ACC-02746,Growth,Other,39,887,17,0.428,0.532,189.0,1,0,34.0,3.5,390,1315.11,0
ACC-02747,Starter,FinTech,2,638,0,0.824,0.407,74.0,0,0,50.0,,282,40.87,0
ACC-02748,Starter,SaaS,7,117,0,0.436,0.188,60.0,1,0,21.0,3.0,226,182.17,1
ACC-02749,Growth,FinTech,26,666,14,0.449,0.608,242.0,3,0,15.0,3.4,359,941.56,1
ACC-02750,Starter,Healthcare,4,154,8,0.465,0.557,59.0,3,2,28.0,3.7,132,60.03,0
ACC-02751,Starter,Other,7,566,5,0.33,0.37,79.0,1,0,32.0,3.9,323,112.53,0
ACC-02752,Growth,SaaS,35,242,13,0.599,0.737,127.0,0,0,44.0,2.9,21,1060.74,0
ACC-02753,Enterprise,E-commerce,135,576,19,0.862,0.643,361.0,1,1,51.0,4.2,219,14671.97,0
ACC-02754,Starter,E-commerce,4,725,7,0.527,0.298,95.0,1,0,47.0,2.9,17,85.65,0
ACC-02755,Enterprise,E-commerce,103,708,16,0.713,0.697,1091.0,1,0,27.0,3.0,63,14099.11,0
ACC-02756,Growth,E-commerce,33,689,13,0.491,0.611,113.0,0,0,63.0,3.3,283,928.78,0
ACC-02757,Enterprise,Other,90,640,17,,0.78,843.0,2,1,43.0,4.2,349,9512.21,0
ACC-02758,Growth,FinTech,26,698,10,0.749,0.427,97.0,1,0,76.0,5.0,278,1110.68,0
ACC-02759,Growth,FinTech,11,813,5,0.566,0.678,103.0,1,1,52.0,2.9,337,489.45,0
ACC-02760,Growth,E-commerce,39,793,12,0.552,0.603,207.0,2,0,-11.0,4.5,185,1557.86,0
ACC-02761,Growth,FinTech,27,698,17,0.663,0.753,94.0,2,1,0.0,,25,926.19,1
ACC-02762,Enterprise,FinTech,128,406,19,0.849,0.932,1104.0,2,1,76.0,4.6,272,17531.43,0
ACC-02763,Starter,SaaS,9,273,5,0.366,0.389,21.0,1,1,52.0,3.7,48,180.45,0
ACC-02764,Starter,SaaS,8,296,13,0.297,0.426,36.0,1,0,39.0,2.6,108,139.39,0
ACC-02765,Starter,Other,567,557,12,0.625,0.301,2484.0,0,0,90.0,4.8,335,17.37,0
ACC-02766,Enterprise,SaaS,128,545,28,0.716,0.761,761.0,3,1,-17.0,3.2,334,12633.46,0
ACC-02767,Growth,E-commerce,36,392,23,0.414,0.408,284.0,0,0,15.0,3.1,176,1052.88,0
ACC-02768,Growth,Healthcare,20,377,13,0.591,0.316,90.0,2,0,44.0,3.9,179,620.02,0
ACC-02769,Enterprise,SaaS,156,656,15,0.858,0.919,868.0,2,0,31.0,3.2,339,20616.94,0
ACC-02770,Enterprise,SaaS,69,478,18,,0.611,785.0,3,0,,,96,6693.24,0
ACC-02771,Starter,FinTech,9,30,10,0.365,0.02,0.0,2,0,88.0,3.4,170,200.86,0
ACC-02772,Growth,E-commerce,20,138,19,0.452,0.578,421.0,1,0,58.0,4.8,392,916.3,0
ACC-02773,Enterprise,FinTech,79,307,15,0.731,0.649,805.0,2,0,-12.0,2.2,283,10437.32,1
ACC-02774,Starter,E-commerce,6,365,8,0.21,0.349,79.0,1,0,80.0,2.8,82,91.44,0
ACC-02775,Growth,SaaS,38,663,9,0.634,0.429,392.0,3,0,37.0,4.1,43,1316.75,0
ACC-02776,Starter,SaaS,5,432,6,0.281,0.622,,0,0,21.0,4.2,64,106.24,1
ACC-02777,Growth,SaaS,8,392,12,0.599,0.607,186.0,1,0,-8.0,3.8,317,204.93,0
ACC-02778,Growth,FinTech,30,91,15,0.489,0.777,21.0,0,0,39.0,2.3,322,1347.22,0
ACC-02779,Starter,FinTech,1,68,16,0.357,0.261,77.0,3,0,-3.0,,143,26.06,0
ACC-02780,Starter,Other,3,895,9,0.644,0.392,47.0,6,1,18.0,2.4,127,66.03,1
ACC-02781,Starter,SaaS,3,777,5,0.093,0.438,9.0,3,0,2.0,5.0,241,79.5,0
ACC-02782,Starter,E-commerce,3,47,4,0.548,,38.0,1,0,29.0,4.0,204,32.06,0
ACC-02783,Growth,E-commerce,10,416,12,0.401,0.595,67.0,1,0,28.0,3.2,79,277.06,0
ACC-02784,Starter,Healthcare,2,828,3,0.259,0.298,40.0,0,0,8.0,5.0,369,51.17,1
ACC-02785,Starter,E-commerce,4,644,8,0.512,0.094,27.0,3,0,31.0,5.0,373,60.9,0
ACC-02786,Growth,SaaS,21,85,2,0.619,0.609,214.0,0,0,51.0,4.7,393,738.19,0
ACC-02787,Growth,E-commerce,33,394,12,0.472,0.716,243.0,4,1,34.0,4.7,19,1249.22,1
ACC-02788,Growth,FinTech,20,775,12,0.468,,60.0,3,0,98.0,3.3,61,635.32,0
ACC-02789,Enterprise,Healthcare,45,279,15,0.805,0.555,835.0,0,0,25.0,4.5,33,4924.44,0
ACC-02790,Starter,SaaS,4,499,5,0.52,0.411,53.0,1,1,34.0,3.2,4,60.17,0
ACC-02791,Enterprise,Healthcare,166,300,25,0.623,0.809,546.0,1,1,66.0,4.6,31,62554.26964670553,0
ACC-02792,Starter,E-commerce,7,187,12,0.397,0.412,70.0,1,0,15.0,4.0,108,125.39,0
ACC-02793,Growth,E-commerce,9,775,11,,0.408,148.0,0,0,54.0,4.8,197,536.01,0
ACC-02794,Enterprise,SaaS,37,218,22,0.747,0.563,623.0,1,1,11.0,,323,4983.1,0
ACC-02795,Enterprise,E-commerce,60,530,13,0.754,0.895,554.0,1,0,20.0,4.0,36,7794.72,0
ACC-02796,Growth,Healthcare,36,325,12,0.615,0.534,2870.0,2,0,45.0,3.0,303,2124.4,0
ACC-02797,Growth,FinTech,27,557,14,0.568,0.522,221.0,1,0,18.0,2.4,52,976.33,0
ACC-02798,Starter,FinTech,8,717,14,0.49,0.303,25.0,1,0,25.0,2.8,218,215.47,0
ACC-02799,Growth,SaaS,22,503,18,0.566,0.448,161.0,2,0,,1.3,159,1011.83,0
ACC-02800,Growth,FinTech,9,144,14,0.351,0.298,43.0,2,1,79.0,3.6,183,373.88,0
ACC-02801,Enterprise,Healthcare,199,268,16,0.742,0.568,268.0,5,0,55.0,3.8,351,24713.21,0
ACC-02802,Growth,FinTech,7,228,19,0.628,0.436,169.0,0,0,47.0,2.7,369,405.91,0
ACC-02803,Starter,Healthcare,1,624,5,0.51,0.376,34.0,2,0,22.0,5.0,146,20.89,1
ACC-02804,Growth,Healthcare,11,627,15,0.62,0.517,271.0,2,1,-9.0,4.6,247,578.5,0
ACC-02805,Starter,E-commerce,3,141,6,0.342,0.649,0.0,1,0,,,209,36.77,0
ACC-02806,Starter,E-commerce,7,557,16,0.815,0.39,6.0,0,0,47.0,4.2,346,109.2,0
ACC-02807,Starter,E-commerce,8,425,4,0.445,0.159,104.0,1,0,-11.0,,239,143.52,0
ACC-02808,Growth,E-commerce,36,386,17,0.769,,141.0,1,0,1.0,4.4,113,1260.77,0
ACC-02809,Starter,SaaS,2,774,7,0.692,0.258,75.0,2,0,36.0,3.4,35,39.35,0
ACC-02810,Starter,Other,5,67,10,,0.199,26.0,0,0,45.0,4.4,138,72.99,0
ACC-02811,Starter,Other,3,657,14,0.356,0.506,65.0,0,0,34.0,3.1,128,56.99,0
ACC-02812,Enterprise,FinTech,65,508,11,0.631,0.805,601.0,0,0,-31.0,5.0,21,4134.4,0
ACC-02813,Growth,Other,31,243,13,0.727,0.391,206.0,3,0,,3.5,172,1672.52,1
ACC-02814,Starter,Other,8,217,3,0.407,0.556,48.0,0,0,34.0,2.6,68,192.51,0
ACC-02815,Starter,FinTech,8,158,9,0.819,0.248,3.0,1,0,1.0,2.6,356,214.59,0
ACC-02816,Growth,Healthcare,34,556,16,0.828,0.576,290.0,3,0,38.0,4.1,44,1813.84,0
ACC-02817,Starter,E-commerce,1,594,5,0.611,0.39,44.0,1,0,21.0,4.0,16,19.58,0
ACC-02818,Growth,SaaS,18,257,11,0.56,0.62,179.0,1,0,-16.0,,118,61751.15346898814,0
ACC-02819,Growth,SaaS,25,352,14,0.557,0.597,2980.0,1,1,38.0,4.4,73,906.42,0
ACC-02820,Enterprise,FinTech,158,882,14,0.842,0.819,272.0,0,0,,3.9,191,15469.09,0
ACC-02821,Starter,Healthcare,625,638,8,0.746,0.2,79.0,1,0,67.0,4.3,323,85.7,0
ACC-02822,Growth,FinTech,39,537,9,0.538,0.479,125.0,2,0,58.0,3.1,165,1239.59,0
ACC-02823,Starter,Healthcare,4,119,10,0.624,0.356,1.0,1,0,30.0,3.5,154,60.98,0
ACC-02824,Enterprise,E-commerce,647,520,14,0.83,0.604,744.0,4,1,20.0,4.3,205,9478.04,0
ACC-02825,Enterprise,Healthcare,164,362,17,0.838,0.613,364.0,2,0,7.0,5.0,97,16679.74,0
ACC-02826,Growth,FinTech,30,755,10,0.627,0.481,0.0,0,0,-19.0,2.9,68,1670.26,0
ACC-02827,Growth,FinTech,23,184,12,0.449,0.671,46.0,1,1,40.0,3.4,257,653.73,0
ACC-02828,Starter,SaaS,5,893,13,0.707,0.418,45.0,0,0,41.0,1.7,335,104.82,0
ACC-02829,Enterprise,SaaS,91,848,24,0.966,0.62,718.0,0,0,26.0,4.0,85,10458.45,0
ACC-02830,Growth,SaaS,12,704,11,0.486,0.48,0.0,4,1,67.0,2.1,140,67201.69192632491,1
ACC-02831,Starter,SaaS,6,457,5,0.591,0.463,14.0,1,0,63.0,,11,125.65,0
ACC-02832,Growth,SaaS,39,540,17,0.495,0.746,66.0,1,0,51.0,3.6,333,1642.73,0
ACC-02833,Growth,E-commerce,2,816,8,0.294,0.261,3492.0,4,0,19.0,3.0,248,1377.49,0
ACC-02834,Enterprise,FinTech,142,779,20,0.613,0.539,566.0,2,0,82.0,4.2,153,14108.4,0
ACC-02835,Growth,SaaS,28,730,10,0.528,0.279,165.0,2,0,71.0,4.5,228,1386.07,0
ACC-02836,Growth,Other,20,174,12,0.334,0.408,219.0,1,0,3.0,3.5,163,1130.16,0
ACC-02837,Growth,E-commerce,37,375,17,,0.59,0.0,0,0,44.0,3.2,228,2118.62,0
ACC-02838,Starter,Other,4,691,4,0.125,0.212,51.0,0,0,52.0,2.4,150,47.92,0
ACC-02839,Starter,E-commerce,3,124,11,0.213,0.404,3.0,1,0,,3.6,169,82.13,0
ACC-02840,Starter,SaaS,8,616,17,0.35,0.268,15.0,1,0,57.0,3.1,156,109.36,0
ACC-02841,Growth,Other,36,331,16,0.41,0.659,225.0,1,0,67.0,3.3,100,1402.16,0
ACC-02842,Growth,Other,8,513,13,0.513,0.532,276.0,3,1,19.0,4.5,278,356.46,0
ACC-02843,Growth,E-commerce,26,827,18,0.699,0.52,450.0,0,0,30.0,3.1,321,1105.9,0
ACC-02844,Starter,E-commerce,8,781,2,0.521,0.501,103.0,0,0,52.0,2.1,171,104.56,0
ACC-02845,Starter,FinTech,8,339,14,0.502,0.448,63.0,1,0,79.0,3.0,303,84.13,0
ACC-02846,Growth,FinTech,22,642,10,0.475,,139.0,2,0,52.0,3.0,188,47977.22344804906,0
ACC-02847,Starter,Healthcare,5,23,17,0.618,0.368,18.0,0,0,,,162,73.79,0
ACC-02848,Starter,E-commerce,9,649,4,0.265,,19.0,1,1,27.0,5.0,202,142.37,1
ACC-02849,Growth,SaaS,38,136,16,0.742,0.534,206.0,0,0,46.0,2.9,373,990.16,0
ACC-02850,Starter,SaaS,5,820,0,0.584,0.094,33.0,1,0,40.0,3.5,393,122.23,0
ACC-02851,Starter,SaaS,4,278,6,0.29,0.449,,3,0,38.0,4.2,94,57.39,1
ACC-02852,Growth,SaaS,25,633,8,0.624,0.543,0.0,1,0,6.0,4.8,55,670.02,0
ACC-02853,Enterprise,FinTech,93,604,14,0.54,0.616,425.0,1,0,43.0,4.1,36,12128.86,0
ACC-02854,Starter,Other,8,240,12,0.215,0.465,,5,0,51.0,4.8,375,123.4,0
ACC-02855,Growth,SaaS,6,756,7,0.399,0.279,199.0,3,1,23.0,2.6,206,248.92,0
ACC-02856,Enterprise,FinTech,182,176,17,0.742,0.914,497.0,1,0,51.0,3.1,261,14401.58,0
ACC-02857,Growth,SaaS,29,811,9,,0.729,152.0,2,0,63.0,4.2,139,1572.96,0
ACC-02858,Growth,E-commerce,34,468,18,0.591,0.369,140.0,1,0,57.0,3.2,91,987.43,0
ACC-02859,Growth,E-commerce,19,427,18,0.718,0.283,2222.0,1,0,72.0,2.8,121,876.41,0
ACC-02860,Growth,E-commerce,20,222,19,0.627,,110.0,1,0,10.0,3.0,382,1170.59,0
ACC-02861,Starter,Other,3,21,3,0.535,0.383,56.0,1,0,51.0,3.1,260,36.83,0
ACC-02862,Growth,Other,34,633,19,0.404,0.587,71.0,2,1,,2.9,126,1329.08,0
ACC-02863,Starter,Healthcare,1,662,3,0.71,0.155,0.0,0,0,73.0,3.4,168,41767.92914238415,1
ACC-02864,Starter,Healthcare,9,760,4,0.297,0.283,49.0,0,0,-17.0,2.2,203,97.29,0
ACC-02865,Starter,FinTech,5,868,4,0.198,0.225,44.0,4,0,26.0,2.5,89,83.54,1
ACC-02866,Starter,E-commerce,6,272,4,0.251,,20.0,3,0,,3.9,76,71.56,0
ACC-02867,Starter,FinTech,3,516,7,0.582,0.248,105.0,1,0,-18.0,3.1,47,35.44,0
ACC-02868,Growth,Healthcare,28,823,9,0.331,0.829,52.0,1,0,47.0,3.5,102,934.06,0
ACC-02869,Enterprise,SaaS,137,516,21,0.711,1.0,610.0,0,0,-5.0,3.0,196,16591.33,0
ACC-02870,Starter,SaaS,8,675,0,0.331,0.552,55.0,0,0,27.0,4.5,376,150.6,0
ACC-02871,Growth,SaaS,6,646,14,0.656,0.548,149.0,2,2,22.0,2.7,324,277.53,1
ACC-02872,Growth,E-commerce,22,889,8,0.74,0.233,180.0,1,0,23.0,3.1,135,1139.24,0
ACC-02873,Starter,Healthcare,6,315,4,0.3,0.288,69.0,1,0,30.0,4.4,252,63.13,1
ACC-02874,Starter,SaaS,6,190,4,0.39,0.364,15.0,2,0,-14.0,4.2,305,135.35,0
ACC-02875,Starter,E-commerce,2,825,11,0.345,0.368,18.0,1,0,49.0,4.0,254,29.21,0
ACC-02876,Starter,FinTech,6,422,9,0.324,0.249,12.0,3,1,43.0,3.6,291,124.27,0
ACC-02877,Starter,Healthcare,2,185,6,0.67,0.391,44.0,1,0,48.0,3.8,177,23.4,0
ACC-02878,Starter,SaaS,2,581,4,0.357,0.255,,1,0,66.0,3.0,19,30.6,1
ACC-02879,Growth,SaaS,26,768,17,0.534,0.409,246.0,1,1,63.0,2.5,147,995.95,0
ACC-02880,Starter,E-commerce,2,689,15,0.555,0.193,20.0,2,1,38.0,4.3,48,22.05,0
ACC-02881,Starter,E-commerce,9,311,7,0.278,0.465,63.0,2,1,47.0,4.1,323,196.23,1
ACC-02882,Starter,Healthcare,1,821,0,0.284,0.447,76.0,3,2,64.0,3.6,184,11.2,1
ACC-02883,Growth,E-commerce,32,49,10,0.642,0.653,192.0,4,1,11.0,4.5,41,1259.05,0
ACC-02884,Starter,Other,2,803,10,0.319,0.413,31.0,1,0,48.0,4.5,225,48.01,0
ACC-02885,Growth,FinTech,32,176,11,0.424,0.364,,2,0,11.0,3.7,334,833.82,0
ACC-02886,Starter,FinTech,4,223,3,0.458,0.425,94.0,1,0,7.0,4.3,343,60.3,0
ACC-02887,Starter,Other,9,292,3,0.398,0.422,51.0,0,0,21.0,3.9,68,91.96,0
ACC-02888,Enterprise,SaaS,183,388,20,0.602,0.548,658.0,4,0,36.0,4.0,137,24313.99,0
ACC-02889,Starter,Healthcare,5,56,0,0.028,0.11,87.0,1,0,48.0,3.2,218,127.11,1
ACC-02890,Starter,SaaS,2,650,7,,0.209,16.0,2,0,15.0,5.0,154,49.6,0
ACC-02891,Starter,FinTech,4,130,7,0.74,0.627,58.0,3,1,70.0,2.8,306,104.09,0
ACC-02892,Enterprise,SaaS,153,131,18,0.79,0.679,,3,1,42.0,2.7,32,19265.33,0
ACC-02893,Growth,E-commerce,12,18,8,0.751,0.54,62.0,1,0,30.0,4.2,184,596.87,0
ACC-02894,Growth,Healthcare,12,863,18,0.482,0.824,179.0,1,0,27.0,4.2,238,430.09,0
ACC-02895,Enterprise,SaaS,160,56,14,0.812,0.577,112.0,1,0,26.0,5.0,181,21461.09,0
ACC-02896,Starter,SaaS,3,675,8,0.298,0.194,3297.0,0,0,10.0,1.7,223,34.53,0
ACC-02897,Enterprise,FinTech,141,575,23,0.436,0.822,0.0,1,0,,4.2,194,8223.46,0
ACC-02898,Starter,SaaS,9,748,8,,0.302,18.0,1,0,30.0,3.8,360,231.18,0
ACC-02899,Growth,FinTech,11,412,19,0.782,0.497,,3,0,31.0,4.8,98,554.07,0
ACC-02900,Growth,Other,26,817,8,0.404,0.457,189.0,1,0,54.0,2.7,37,661.71,1
ACC-02901,Starter,SaaS,2,431,3,0.078,0.225,52.0,3,0,91.0,4.3,44,33.67,1
ACC-02902,Enterprise,FinTech,82,171,18,0.834,0.845,593.0,1,0,47.0,3.1,90,7502.38,0
ACC-02903,Starter,FinTech,4,813,22,0.565,0.442,9.0,0,0,11.0,2.8,182,55.42,0
ACC-02904,Enterprise,FinTech,65,388,22,0.518,,556.0,2,0,27.0,4.9,232,5974.06,0
ACC-02905,Starter,SaaS,6,19,10,0.746,0.332,15.0,2,0,86.0,4.1,209,135.42,0
ACC-02906,Growth,Healthcare,18,591,16,,0.624,275.0,1,0,90.0,4.4,96,1024.16,0
ACC-02907,Enterprise,E-commerce,54,298,20,0.659,0.68,673.0,2,0,41.0,2.6,68,6624.38,0
ACC-02908,Starter,Healthcare,2,742,12,0.226,0.311,19.0,1,1,79.0,4.6,12,48.92,0
ACC-02909,Enterprise,FinTech,135,149,12,0.753,0.671,120.0,1,0,65.0,3.7,253,16008.78,0
ACC-02910,Growth,E-commerce,24,667,14,0.619,,58.0,1,0,49.0,4.1,343,967.52,0
ACC-02911,Growth,Other,31,749,15,0.601,0.336,106.0,1,0,45.0,2.9,314,1647.46,0
ACC-02912,Starter,Other,9,121,12,0.408,0.406,28.0,0,0,66.0,4.0,278,141.96,0
ACC-02913,Growth,Other,37,532,8,0.501,0.33,76.0,0,0,64.0,4.7,159,2113.26,0
ACC-02914,Growth,SaaS,19,586,8,0.484,0.618,129.0,1,0,8.0,3.3,114,639.42,0
ACC-02915,Growth,Other,18,830,8,0.729,0.441,168.0,2,0,18.0,3.5,223,517.43,0
ACC-02916,Starter,Healthcare,9,274,9,0.485,,6.0,1,0,41.0,4.6,107,247.32,0
ACC-02917,Starter,Healthcare,8,445,9,0.752,0.208,24.0,2,0,29.0,,17,186.13,0
ACC-02918,Enterprise,E-commerce,182,374,16,0.853,0.697,1100.0,2,0,8.0,4.7,337,15504.39,0
ACC-02919,Starter,Other,1,345,16,0.487,0.36,36.0,4,0,-5.0,2.8,49,23.73,1
ACC-02920,Growth,FinTech,14,894,14,0.525,0.509,78.0,1,0,25.0,4.8,140,462.81,0
ACC-02921,Enterprise,Healthcare,141,595,21,0.302,0.684,978.0,0,0,18.0,5.0,28,10586.06,0
ACC-02922,Starter,Healthcare,1,153,6,,0.437,22.0,3,0,60.0,3.0,329,26.18,0
ACC-02923,Starter,Healthcare,8,779,11,0.265,0.313,16.0,2,0,64.0,4.2,361,201.88,0
ACC-02924,Growth,Healthcare,22,106,15,0.616,0.666,,1,0,34.0,3.5,196,971.93,0
ACC-02925,Starter,SaaS,1,790,16,0.445,,31.0,1,0,,3.9,184,22.68,0
ACC-02926,Growth,FinTech,2,376,8,0.624,0.458,230.0,0,0,27.0,2.4,70,1217.84,0
ACC-02927,Growth,FinTech,9,613,6,0.431,0.518,188.0,2,1,86.0,2.7,6,529.94,0
ACC-02928,Growth,Healthcare,33,779,10,0.576,0.833,95.0,2,0,,3.1,129,828.97,0
ACC-02929,Starter,Healthcare,4,786,9,0.542,0.176,46.0,4,0,61.0,2.8,128,40.89,0
ACC-02930,Growth,Healthcare,25,157,11,0.688,0.687,,1,0,42.0,2.9,122,716.45,0
ACC-02931,Growth,Healthcare,31,373,19,0.687,0.644,278.0,2,0,62.0,3.7,195,1184.86,0
ACC-02932,Starter,E-commerce,9,84,5,,0.464,66.0,0,0,70.0,3.2,25,238.15,0
ACC-02933,Growth,SaaS,20,583,18,0.886,0.67,226.0,1,1,5.0,3.7,236,1001.37,0
ACC-02934,Enterprise,E-commerce,90,385,16,0.759,,694.0,1,1,53.0,3.9,145,8715.45,0
ACC-02935,Growth,Other,13,898,18,0.799,0.441,131.0,0,0,42.0,3.6,53,479.03,0
ACC-02936,Growth,E-commerce,24,574,19,0.803,0.475,102.0,4,0,6.0,2.6,237,1100.31,0
ACC-02937,Starter,Other,2,402,4,0.419,0.378,64.0,0,0,35.0,3.6,165,30.92,0
ACC-02938,Starter,Other,603,151,9,0.454,,25.0,4,0,18.0,2.8,338,163.6,0
ACC-02939,Starter,FinTech,1,268,8,0.624,,22.0,1,1,60.0,4.4,322,21.77,1
ACC-02940,Starter,Healthcare,3,726,9,0.196,0.421,2020.0,0,0,20.0,1.9,399,59.7,0
ACC-02941,Enterprise,E-commerce,94,141,26,0.825,0.801,920.0,1,0,62.0,2.4,191,8884.66,0
ACC-02942,Starter,FinTech,4,763,11,0.23,0.169,,2,1,25.0,2.9,76,111.18,1
ACC-02943,Enterprise,SaaS,104,547,22,0.796,,236.0,3,0,14.0,2.6,189,7539.34,0
ACC-02944,Starter,SaaS,7,477,10,0.432,0.205,50.0,4,1,12.0,3.7,292,156.97,0
ACC-02945,Starter,SaaS,7,436,1,0.285,0.252,57.0,2,0,,4.0,312,111.63,0
ACC-02946,Starter,E-commerce,4,40,7,0.41,0.257,72.0,3,1,45.0,4.4,253,110.17,0
ACC-02947,Starter,SaaS,4,214,2,0.336,0.287,52.0,2,1,31.0,3.7,239,62.48,1
ACC-02948,Growth,FinTech,24,471,13,0.478,0.386,206.0,1,0,70.0,2.3,253,732.59,0
ACC-02949,Enterprise,E-commerce,133,443,25,0.723,0.563,692.0,2,1,89.0,2.7,6,8656.75,0
ACC-02950,Enterprise,FinTech,74,203,20,0.863,0.698,238.0,1,0,22.0,3.6,396,9625.3,0
ACC-02951,Starter,Other,3,725,0,0.681,,54.0,2,1,72.0,,276,69.26,1
ACC-02952,Growth,FinTech,8,409,8,0.659,0.496,102.0,2,0,33.0,3.3,71,419.8,0
ACC-02953,Starter,SaaS,6,357,10,0.541,0.471,119.0,3,0,43.0,3.1,30,140.24,0
ACC-02954,Enterprise,Other,189,687,18,0.578,0.756,,1,0,24.0,2.9,25,71169.76766350986,0
ACC-02955,Growth,Other,38,145,17,0.41,0.657,148.0,2,0,48.0,4.3,332,1974.28,0
ACC-02956,Starter,E-commerce,5,62,2,0.139,0.392,41.0,1,1,57.0,2.7,31,135.31,0
ACC-02957,Starter,Healthcare,1,299,9,0.773,0.462,0.0,1,0,57.0,4.7,285,10.64,0
ACC-02958,Starter,SaaS,3,14,9,0.446,0.259,0.0,1,1,17.0,3.4,311,37.54,1
ACC-02959,Starter,Healthcare,8,342,11,0.417,0.453,0.0,3,0,76.0,3.9,36,83.96,0
ACC-02960,Enterprise,SaaS,148,132,17,0.654,0.672,712.0,1,0,91.0,3.5,116,9361.66,0
ACC-02961,Growth,FinTech,29,598,17,0.412,0.475,135.0,1,0,57.0,4.5,94,51040.441313827134,0
ACC-02962,Enterprise,SaaS,71,54,27,0.774,0.904,820.0,0,0,67.0,3.1,220,9686.41,0
ACC-02963,Starter,Healthcare,9,196,0,0.605,0.496,41.0,3,1,0.0,3.4,347,184.43,0
ACC-02964,Growth,SaaS,26,244,13,0.643,0.066,191.0,0,0,19.0,,337,1477.4,0
ACC-02965,Starter,SaaS,6,542,0,0.495,0.404,29.0,3,0,77.0,4.3,114,153.3,0
ACC-02966,Growth,SaaS,21,372,9,0.375,0.587,123.0,0,0,70.0,4.0,238,536.01,0
ACC-02967,Starter,Healthcare,2,694,3,0.567,0.16,10.0,0,0,45.0,3.6,350,36.96,0
ACC-02968,Starter,FinTech,8,704,7,0.309,0.289,38.0,1,0,29.0,3.2,339,126.39,0
ACC-02969,Growth,E-commerce,22,355,15,0.374,0.688,38.0,3,0,41.0,3.1,49,916.39,1
ACC-02970,Starter,FinTech,3,40,11,0.353,0.282,44.0,0,0,52.0,4.8,125,75.58,0
ACC-02971,Growth,Healthcare,38,864,14,0.502,,217.0,0,0,,2.5,60,962.86,0
ACC-02972,Growth,SaaS,16,324,16,0.486,0.509,79.0,2,0,34.0,3.7,58,910.56,0
ACC-02973,Starter,Other,2,490,2,0.268,0.17,29.0,2,1,0.0,3.2,203,43.8,1
ACC-02974,Enterprise,FinTech,74,837,25,0.894,0.819,848.0,0,0,46.0,3.0,196,8395.93,0
ACC-02975,Growth,SaaS,12,591,0,0.594,0.491,28.0,0,0,4.0,3.1,240,570.0,0
ACC-02976,Enterprise,SaaS,153,524,27,0.665,0.942,611.0,2,0,79.0,2.5,258,13611.0,0
ACC-02977,Growth,SaaS,10,315,19,0.612,0.512,270.0,2,1,57.0,4.3,238,315.98,0
ACC-02978,Growth,FinTech,26,746,16,0.709,0.447,225.0,1,0,74.0,3.1,75,753.87,0
ACC-02979,Growth,SaaS,31,186,23,0.368,0.574,179.0,0,0,61.0,,156,1235.37,0
ACC-02980,Enterprise,Other,166,442,12,0.587,0.784,328.0,1,0,55.0,3.3,282,17798.5,0
ACC-02981,Growth,E-commerce,18,324,17,0.52,0.727,395.0,1,0,13.0,3.0,354,599.5,0
ACC-02982,Starter,SaaS,5,100,8,,0.144,63.0,2,0,27.0,3.7,234,86.54,0
ACC-02983,Starter,FinTech,3,259,8,0.269,0.064,8.0,0,0,20.0,4.9,95,81.68,0
ACC-02984,Growth,SaaS,27,179,8,0.832,0.421,,1,0,28.0,,372,1102.99,0
ACC-02985,Starter,SaaS,9,94,9,0.47,0.399,48.0,2,0,39.0,4.1,68,95.26,0
ACC-02986,Starter,FinTech,3,685,9,0.567,0.422,0.0,1,0,20.0,,90,69.05,0
ACC-02987,Starter,SaaS,8,644,4,0.444,0.198,12.0,0,0,8.0,4.7,338,96.04,0
ACC-02988,Growth,SaaS,547,779,13,0.559,0.612,246.0,0,0,-6.0,3.4,357,1418.41,0
ACC-02989,Starter,Other,8,40,1,0.128,0.263,41.0,5,3,11.0,3.7,151,211.42,1
ACC-02990,Growth,E-commerce,37,428,11,0.64,,170.0,0,0,51.0,3.5,204,1416.65,0
ACC-02991,Growth,Other,617,599,17,0.501,0.298,225.0,3,1,40.0,3.6,44,1016.71,0
ACC-02992,Enterprise,SaaS,70,450,24,0.706,0.976,747.0,1,1,52.0,4.6,104,8412.18,0
ACC-02993,Starter,Other,3,36,10,0.627,0.179,0.0,0,0,31.0,4.5,396,66.47,0
ACC-02994,Growth,FinTech,17,412,17,0.533,0.464,42.0,1,0,29.0,,390,758.89,0
ACC-02995,Growth,SaaS,27,124,17,0.605,0.336,218.0,2,1,,3.9,326,892.36,0
ACC-02996,Growth,Healthcare,32,30,10,0.607,0.514,348.0,0,0,44.0,3.2,40,1515.23,0
ACC-02997,Growth,SaaS,22,661,15,0.692,0.409,196.0,2,0,45.0,3.7,360,915.69,0
ACC-02998,Starter,FinTech,3,98,12,0.719,0.392,53.0,0,0,36.0,3.7,372,36.92,0
ACC-02999,Enterprise,Healthcare,17,278,14,0.809,0.624,320.0,0,0,48.0,4.1,115,958.07,0
ACC-03000,Starter,E-commerce,8,892,1,0.706,0.131,,0,0,3.0,3.4,187,120.86,0
ACC-03001,Enterprise,E-commerce,150,853,14,1.0,0.434,406.0,2,1,,4.5,190,14133.99,0
ACC-03002,Growth,FinTech,32,51,5,0.334,0.427,187.0,0,0,25.0,4.2,397,1406.04,0
ACC-03003,Starter,SaaS,2,369,2,0.573,0.206,36.0,1,0,41.0,3.0,41,35.7,0
ACC-03004,Growth,Other,23,323,11,,0.688,14.0,2,0,20.0,3.3,177,1159.0,1
ACC-03005,Starter,SaaS,6,565,14,0.148,0.117,78.0,0,0,-1.0,4.1,393,103.11,0
ACC-03006,Growth,SaaS,11,625,11,0.307,0.76,164.0,3,0,13.0,2.7,234,371.13,0
ACC-03007,Growth,SaaS,19,80,6,0.554,0.611,191.0,1,1,55.0,4.0,247,1031.49,0
ACC-03008,Starter,Other,9,390,8,0.563,0.302,0.0,3,0,29.0,2.9,305,155.39,0
ACC-03009,Starter,Healthcare,1,261,6,0.713,0.228,2.0,2,1,38.0,3.8,387,27.26,0
ACC-03010,Growth,FinTech,15,884,9,0.659,0.566,37.0,1,0,44.0,5.0,332,457.99,0
ACC-03011,Starter,Other,1,272,4,,0.524,30.0,0,0,10.0,3.3,312,24.77,0
ACC-03012,Enterprise,SaaS,118,43,25,0.861,1.0,986.0,1,0,-7.0,4.5,5,9657.27,0
ACC-03013,Growth,Other,26,566,7,0.386,0.501,257.0,0,0,,3.0,288,695.3,0
ACC-03014,Growth,SaaS,9,788,6,0.204,,281.0,4,1,,,70,468.97,1
ACC-03015,Starter,FinTech,3,741,9,0.543,0.193,9.0,3,1,52.0,4.6,80,44.42,1
ACC-03016,Growth,SaaS,34,133,10,0.539,0.71,333.0,1,0,29.0,2.2,146,1928.21,0
ACC-03017,Enterprise,Other,96,671,27,1.0,0.831,1057.0,1,0,-34.0,1.7,279,12741.93,0
ACC-03018,Starter,Other,2,195,6,,0.291,63.0,1,0,57.0,3.1,183,26.24,1
ACC-03019,Starter,E-commerce,9,142,7,0.559,0.085,,3,1,54.0,,159,234.89,0
ACC-03020,Starter,SaaS,6,482,11,0.726,0.321,24.0,1,0,19.0,4.4,210,82.42,0
ACC-03021,Starter,SaaS,1,727,0,0.906,0.35,23.0,2,0,35.0,3.2,60,14.16,0
ACC-03022,Growth,FinTech,39,786,15,0.621,0.707,130.0,2,0,21.0,2.4,207,1025.72,0
ACC-03023,Growth,FinTech,11,561,11,0.612,0.521,179.0,3,1,35.0,3.4,108,509.36,0
ACC-03024,Growth,SaaS,16,380,18,0.504,0.507,107.0,1,0,52.0,4.3,261,941.18,0
ACC-03025,Starter,E-commerce,9,533,4,0.248,0.507,43.0,0,0,37.0,2.8,123,238.34,1
ACC-03026,Starter,E-commerce,4,274,8,0.628,0.411,0.0,3,0,49.0,3.1,28,80.27,0
ACC-03027,Starter,Other,4,133,5,0.084,0.326,33.0,0,0,,,271,90.85,0
ACC-03028,Enterprise,FinTech,111,369,22,0.931,0.706,755.0,1,1,3.0,2.9,74,14972.37,0
ACC-03029,Growth,FinTech,12,163,12,0.706,0.623,0.0,1,0,61.0,5.0,382,662.64,0
ACC-03030,Starter,E-commerce,617,97,8,0.578,0.217,0.0,2,0,39.0,3.5,175,66.15,0
ACC-03031,Growth,SaaS,6,676,21,0.819,0.359,197.0,2,1,36.0,4.0,272,214.93,0
ACC-03032,Starter,E-commerce,3,756,6,0.441,0.293,40.0,2,1,81.0,3.1,272,46.99,1
ACC-03033,Starter,Healthcare,9,677,9,0.376,0.276,53.0,0,0,75.0,3.8,99,127.5,1
ACC-03034,Starter,SaaS,1,824,17,0.838,0.489,58.0,0,0,45.0,5.0,95,25.5,0
ACC-03035,Enterprise,FinTech,128,443,22,0.673,0.623,526.0,1,0,22.0,4.8,299,14578.21,0
ACC-03036,Growth,Other,13,612,2,,0.529,98.0,2,0,39.0,3.6,193,508.77,0
ACC-03037,Growth,E-commerce,35,193,10,0.399,0.492,228.0,4,0,18.0,2.6,220,992.97,0
ACC-03038,Starter,E-commerce,9,407,2,0.345,0.273,72.0,0,0,40.0,3.6,198,226.13,0
ACC-03039,Starter,Healthcare,7,103,11,0.644,0.527,21.0,0,0,46.0,1.6,308,110.94,0
ACC-03040,Growth,E-commerce,14,558,13,0.524,0.559,,3,1,73.0,4.2,132,820.79,0
ACC-03041,Starter,SaaS,8,400,12,0.464,0.281,,2,0,33.0,2.9,117,160.0,0
ACC-03042,Enterprise,Healthcare,198,502,23,0.84,0.66,1097.0,1,0,42.0,3.6,44,16949.59,0
ACC-03043,Growth,Other,26,770,16,0.429,0.695,56.0,0,0,40.0,3.5,282,965.36,0
ACC-03044,Growth,SaaS,13,59,7,0.842,0.279,74.0,2,1,61.0,4.5,296,487.07,0
ACC-03045,Growth,SaaS,26,408,15,0.383,0.503,211.0,2,0,-7.0,3.7,25,761.56,0
ACC-03046,Enterprise,Healthcare,21,363,26,0.644,0.849,553.0,1,0,71.0,3.5,11,1833.6,0
ACC-03047,Growth,E-commerce,23,669,6,0.985,,75.0,1,0,53.0,4.9,51,607.84,0
ACC-03048,Growth,FinTech,17,595,12,0.639,0.424,104.0,1,1,15.0,4.4,15,689.53,0
ACC-03049,Enterprise,E-commerce,86,652,22,0.75,0.646,1269.0,4,0,14.0,3.0,332,9574.22,0
ACC-03050,Starter,Healthcare,8,765,7,0.594,0.448,13.0,2,1,5.0,4.2,243,196.38,0
ACC-03051,Enterprise,E-commerce,30,277,26,0.581,0.907,931.0,1,0,56.0,3.3,353,3402.08,0
ACC-03052,Starter,SaaS,7,332,10,0.714,0.338,0.0,0,0,64.0,3.3,147,136.01,0
ACC-03053,Growth,SaaS,5,321,15,0.785,0.532,45.0,2,0,47.0,3.0,80,179.6,0
ACC-03054,Growth,FinTech,17,739,17,0.442,0.623,0.0,0,0,63.0,2.9,36,562.59,0
ACC-03055,Growth,Other,21,425,16,0.475,0.409,79.0,1,0,56.0,3.0,278,808.34,0
ACC-03056,Growth,E-commerce,25,684,13,0.438,0.541,,2,1,,2.9,331,1230.53,0
ACC-03057,Growth,FinTech,27,231,11,0.447,0.581,89.0,3,0,7.0,,252,717.84,0
ACC-03058,Starter,Other,6,837,11,0.507,0.339,20.0,2,0,43.0,3.2,33,123.45,1
ACC-03059,Starter,FinTech,2,442,4,0.552,0.261,46.0,0,0,0.0,4.2,283,53.59,0
ACC-03060,Starter,E-commerce,7,890,7,0.525,0.437,42.0,0,0,12.0,3.4,66,133.27,0
ACC-03061,Growth,SaaS,5,409,8,0.681,0.384,253.0,4,1,74.0,4.6,324,291.34,1
ACC-03062,Growth,Healthcare,22,50,16,0.384,0.679,77.0,2,0,57.0,2.8,197,607.29,0
ACC-03063,Starter,Healthcare,4,247,13,0.404,0.243,0.0,0,0,-32.0,2.0,85,75.34,0
ACC-03064,Enterprise,Healthcare,110,401,16,0.834,0.78,345.0,3,1,9.0,,103,14605.21,0
ACC-03065,Starter,FinTech,2,131,6,0.405,0.176,37.0,1,0,26.0,4.9,173,37.68,0
ACC-03066,Growth,FinTech,31,699,11,0.554,0.557,,1,0,5.0,3.5,100,1003.42,0
ACC-03067,Starter,SaaS,1,322,12,,0.485,30.0,0,0,57.0,3.9,187,17.32,0
ACC-03068,Starter,Other,7,743,13,0.138,,77.0,2,1,-4.0,2.8,179,157.52,0
ACC-03069,Growth,SaaS,22,868,11,0.451,0.463,195.0,2,0,38.0,4.6,137,1317.53,0
ACC-03070,Growth,E-commerce,22,87,0,0.691,0.393,256.0,0,0,34.0,3.6,65,928.47,0
ACC-03071,Starter,Healthcare,8,261,12,0.648,0.337,14.0,3,0,74.0,4.0,52,100.73,1
ACC-03072,Enterprise,SaaS,96,551,20,0.721,0.511,797.0,2,0,15.0,2.9,132,8032.05,0
ACC-03073,Enterprise,FinTech,168,780,20,0.585,0.561,124.0,1,0,-7.0,3.0,150,14499.85,0
ACC-03074,Growth,SaaS,6,810,17,0.571,0.509,329.0,2,0,,3.5,144,195.55,0
ACC-03075,Enterprise,E-commerce,86,186,18,0.858,0.847,758.0,5,1,9.0,3.1,171,8692.21,0
ACC-03076,Enterprise,Other,198,215,17,0.978,0.964,443.0,0,0,54.0,4.4,383,14038.55,0
ACC-03077,Starter,FinTech,2,190,5,0.312,0.254,45.0,1,0,14.0,3.4,244,23.98,0
ACC-03078,Growth,Other,34,321,15,0.762,0.726,78.0,1,0,53.0,3.9,268,996.49,0
ACC-03079,Growth,SaaS,36,555,17,,0.388,2097.0,1,0,44.0,4.7,226,1774.78,0
ACC-03080,Starter,FinTech,6,363,14,0.648,0.316,32.0,2,0,44.0,4.2,382,63.55,0
ACC-03081,Starter,Other,8,657,9,,0.57,57.0,1,0,,5.0,95,176.54,0
ACC-03082,Starter,Other,1,363,6,,0.408,,1,1,60.0,2.7,364,15.9,0
ACC-03083,Growth,FinTech,18,536,17,0.694,0.39,103.0,0,0,42.0,,104,505.7,0
ACC-03084,Growth,E-commerce,17,511,9,0.66,0.635,323.0,1,1,53.0,,114,715.35,0
ACC-03085,Growth,Other,16,238,19,0.729,0.32,158.0,1,0,24.0,2.9,281,926.3,0
ACC-03086,Starter,Healthcare,7,67,8,0.666,0.516,63.0,1,0,28.0,3.6,243,162.29,0
ACC-03087,Starter,E-commerce,6,209,6,0.454,0.435,0.0,0,0,25.0,3.8,352,124.1,0
ACC-03088,Growth,SaaS,11,704,9,0.56,0.842,226.0,2,2,,3.9,204,540.63,0
ACC-03089,Growth,SaaS,18,675,16,0.704,0.674,,0,0,11.0,3.7,289,839.05,0
ACC-03090,Enterprise,E-commerce,108,122,19,0.651,0.647,166.0,1,0,26.0,5.0,335,7181.94,0
ACC-03091,Enterprise,E-commerce,21,354,20,,0.532,165.0,4,1,40.0,3.2,184,2030.17,0
ACC-03092,Enterprise,SaaS,143,734,12,0.978,0.518,376.0,1,0,17.0,2.9,264,18890.32,0
ACC-03093,Enterprise,FinTech,112,729,18,,0.981,552.0,2,1,40.0,5.0,253,6825.07,0
ACC-03094,Enterprise,FinTech,169,29,17,0.683,0.563,484.0,1,0,100.0,5.0,93,15734.28,0
ACC-03095,Growth,FinTech,11,710,15,0.485,0.726,160.0,3,0,37.0,4.4,360,410.49,0
ACC-03096,Starter,FinTech,5,711,6,,0.037,25.0,1,0,65.0,4.5,371,96.48,0
ACC-03097,Starter,FinTech,7,117,0,0.339,0.062,54.0,0,0,96.0,3.4,96,133.14,1
ACC-03098,Starter,SaaS,6,328,5,0.567,0.304,29.0,3,1,75.0,3.5,226,76.82,0
ACC-03099,Starter,Other,2,61,0,0.683,0.242,28.0,0,0,73.0,4.1,143,32.22,0
ACC-03100,Starter,E-commerce,1,595,2,0.219,0.323,50.0,3,1,51.0,3.9,189,23.6,0
ACC-03101,Enterprise,SaaS,105,777,25,0.7,0.828,1028.0,2,0,22.0,3.2,304,10760.65,0
ACC-03102,Starter,FinTech,7,172,0,0.277,0.212,40.0,1,1,64.0,,8,128.47,1
ACC-03103,Enterprise,FinTech,195,325,21,0.942,0.694,415.0,0,0,20.0,5.0,156,20139.95,0
ACC-03104,Growth,E-commerce,39,489,11,,0.737,31.0,0,0,97.0,4.3,28,1883.8,0
ACC-03105,Growth,E-commerce,7,77,10,0.675,0.529,349.0,2,1,57.0,5.0,7,243.94,0
ACC-03106,Growth,E-commerce,21,279,9,0.367,,74.0,3,0,-6.0,4.1,194,623.92,0
ACC-03107,Starter,Healthcare,6,206,8,0.33,0.326,20.0,0,0,40.0,4.6,302,145.88,0
ACC-03108,Growth,SaaS,9,17,15,,0.674,25.0,4,2,53.0,4.0,154,287.3,0
ACC-03109,Starter,FinTech,2,606,0,,0.406,7.0,0,0,20.0,4.1,370,29.08,0
ACC-03110,Enterprise,SaaS,49,656,25,0.766,0.734,436.0,1,0,50.0,3.1,36,6592.29,0
ACC-03111,Starter,FinTech,4,85,2,0.655,0.351,53.0,0,0,20.0,3.1,149,110.91,0
ACC-03112,Starter,FinTech,3,130,9,0.331,0.147,63.0,1,0,53.0,4.1,337,45.79,0
ACC-03113,Growth,Healthcare,17,76,8,0.521,0.597,40.0,1,0,12.0,4.5,128,622.9,0
ACC-03114,Growth,SaaS,7,846,11,,0.514,220.0,1,0,57.0,4.5,116,376.78,0
ACC-03115,Growth,E-commerce,10,518,7,0.58,0.672,111.0,1,0,34.0,4.7,184,518.14,0
ACC-03116,Growth,FinTech,5,495,11,0.587,0.398,261.0,1,0,26.0,2.4,147,276.3,0
ACC-03117,Starter,FinTech,4,90,6,0.431,0.308,3064.0,2,1,-6.0,3.9,350,64.56,1
ACC-03118,Growth,Healthcare,21,15,8,0.337,0.192,127.0,0,0,37.0,4.5,313,650.41,0
ACC-03119,Starter,SaaS,5,836,8,,0.283,,2,0,16.0,1.7,372,129.09,0
ACC-03120,Starter,FinTech,1,851,9,0.217,0.124,40.0,4,1,21.0,4.0,59,11.08,1
ACC-03121,Starter,FinTech,3,496,19,0.556,0.348,59.0,1,0,4.0,3.7,193,41.82,0
ACC-03122,Starter,Healthcare,4,131,11,0.492,0.491,31.0,1,0,43.0,4.3,132,19.49,0
ACC-03123,Starter,SaaS,7,40,12,0.597,0.614,2152.0,0,0,46.0,3.1,5,74.35,0
ACC-03124,Growth,Other,30,752,5,,0.415,77.0,2,0,50.0,4.7,18,1478.64,0
ACC-03125,Starter,Other,6,482,0,0.155,,,3,0,18.0,4.1,286,85.41,0
ACC-03126,Starter,Healthcare,1,305,6,0.361,0.559,9.0,0,0,32.0,3.8,205,10.0,0
ACC-03127,Growth,FinTech,13,24,21,0.371,0.239,66.0,1,0,31.0,3.7,114,496.13,0
ACC-03128,Starter,E-commerce,5,517,18,0.276,0.191,41.0,0,0,52.0,3.5,300,112.19,0
ACC-03129,Growth,SaaS,19,791,10,0.797,0.394,127.0,1,0,22.0,3.9,257,799.17,0
ACC-03130,Enterprise,Other,93,754,17,0.853,0.742,810.0,1,1,9.0,3.4,352,6610.76,0
ACC-03131,Growth,E-commerce,27,661,15,0.642,0.901,26.0,0,0,38.0,3.9,183,1211.12,0
ACC-03132,Enterprise,SaaS,96,58,19,,0.792,478.0,1,0,,3.7,380,5840.19,0
ACC-03133,Starter,FinTech,1,684,6,0.51,0.298,28.0,2,0,16.0,3.6,80,23.41,0
ACC-03134,Starter,Healthcare,9,616,10,0.393,0.282,46.0,0,0,74.0,3.2,329,190.88,0
ACC-03135,Growth,Other,31,757,25,0.49,0.463,102.0,2,0,,4.1,119,1754.5,0
ACC-03136,Growth,E-commerce,12,145,19,0.74,0.286,128.0,1,0,34.0,4.6,91,331.34,0
ACC-03137,Enterprise,FinTech,165,778,28,0.871,0.893,1002.0,5,2,39.0,4.9,302,21689.86,0
ACC-03138,Starter,Healthcare,9,648,0,0.271,0.226,51.0,0,0,,4.0,143,165.84,0
ACC-03139,Growth,Healthcare,36,691,18,0.476,0.377,201.0,1,0,48.0,4.4,46,1130.37,0
ACC-03140,Starter,Healthcare,8,156,3,0.631,0.297,18.0,1,0,18.0,3.3,29,158.79,0
ACC-03141,Starter,FinTech,7,771,15,0.338,0.098,49.0,2,0,37.0,3.8,115,106.56,1
ACC-03142,Starter,E-commerce,4,33,13,0.529,0.124,44.0,3,0,26.0,3.9,342,239.66,0
ACC-03143,Enterprise,Other,91,211,23,0.632,0.679,831.0,1,0,69.0,,299,8268.3,0
ACC-03144,Starter,SaaS,7,151,4,0.229,0.19,72.0,0,0,,2.6,166,166.01,0
ACC-03145,Enterprise,FinTech,119,219,18,0.83,0.783,553.0,0,0,22.0,3.1,274,13541.2,0
ACC-03146,Growth,SaaS,397,568,11,0.614,0.403,346.0,0,0,44.0,3.9,307,580.56,0
ACC-03147,Growth,FinTech,33,833,16,0.596,0.558,149.0,1,0,20.0,4.4,29,1310.58,0
ACC-03148,Growth,Healthcare,31,887,15,0.368,0.411,111.0,1,0,17.0,4.5,92,1859.45,0
ACC-03149,Enterprise,SaaS,34,110,26,0.788,0.893,,1,0,55.0,5.0,282,3369.76,0
ACC-03150,Starter,E-commerce,8,873,14,0.614,0.46,97.0,0,0,,3.2,3,204.83,0
ACC-03151,Starter,SaaS,1,110,3,0.677,0.19,27.0,0,0,17.0,4.5,341,27.75,0
ACC-03152,Growth,Other,27,674,15,0.333,0.563,126.0,1,1,53.0,2.9,344,1568.43,0
ACC-03153,Starter,Healthcare,2,176,9,0.422,0.225,33.0,3,0,2.0,4.4,138,30.34,0
ACC-03154,Starter,E-commerce,7,744,7,0.65,0.332,0.0,0,0,60.0,4.3,41,127.95,0
ACC-03155,Starter,Healthcare,4,323,11,0.542,,7.0,2,0,56.0,4.4,378,50.72,0
ACC-03156,Starter,SaaS,6,788,9,0.636,0.409,84.0,0,0,29.0,4.4,231,83.69,0
ACC-03157,Starter,Other,2,494,4,0.661,0.133,48.0,0,0,32.0,2.8,37,21.09,0
ACC-03158,Starter,Healthcare,1,482,6,0.55,0.541,62.0,1,0,,4.7,360,47562.97520597552,1
ACC-03159,Enterprise,SaaS,179,404,18,0.729,0.811,541.0,0,0,25.0,2.0,249,12130.26,0
ACC-03160,Starter,Other,3,216,4,0.329,0.266,55.0,4,1,69.0,3.4,263,39.26,0
ACC-03161,Enterprise,SaaS,196,470,20,,0.974,421.0,0,0,72.0,4.1,209,25777.46,0
ACC-03162,Enterprise,E-commerce,181,599,14,0.35,0.619,491.0,4,1,38.0,3.8,70,10364.48,0
ACC-03163,Starter,SaaS,3,138,9,0.666,0.481,130.0,3,0,49.0,2.7,314,77.16,0
ACC-03164,Growth,Healthcare,36,139,19,0.612,0.582,91.0,2,0,,4.1,364,1658.18,0
ACC-03165,Growth,SaaS,2,392,13,0.725,0.636,64.0,1,0,45.0,5.0,334,1182.82,1
ACC-03166,Growth,SaaS,24,751,17,0.485,0.525,,0,0,31.0,3.9,179,843.82,0
ACC-03167,Starter,FinTech,6,326,8,0.667,0.144,44.0,3,1,10.0,3.8,70,165.31,0
ACC-03168,Starter,Other,3,379,2,0.312,0.471,21.0,0,0,94.0,2.8,162,65.44,0
ACC-03169,Starter,SaaS,5,863,16,0.399,0.407,,1,1,96.0,2.6,229,116.54,0
ACC-03170,Growth,E-commerce,17,250,2,0.767,0.374,0.0,1,1,76.0,2.8,64,596.85,0
ACC-03171,Enterprise,E-commerce,43,338,20,0.701,0.798,456.0,1,0,79.0,4.4,163,3010.38,0
ACC-03172,Growth,Other,26,761,10,0.584,0.198,,2,0,24.0,4.2,358,974.46,0
ACC-03173,Growth,FinTech,12,473,20,0.676,0.532,116.0,2,1,-24.0,4.5,182,558.91,0
ACC-03174,Enterprise,E-commerce,150,112,21,0.868,0.716,1016.0,2,0,26.0,3.8,298,12400.31,0
ACC-03175,Growth,Other,6,204,24,0.5,,216.0,1,1,10.0,3.4,384,235.63,0
ACC-03176,Starter,FinTech,3,877,7,0.186,0.262,51.0,2,0,46.0,2.9,3,39.11,0
ACC-03177,Enterprise,FinTech,186,732,17,,0.572,,1,0,17.0,2.4,128,22723.65,0
ACC-03178,Starter,Other,3,856,0,0.02,0.256,47.0,2,0,55.0,3.5,271,50890.62002186021,1
ACC-03179,Starter,FinTech,6,439,12,0.613,0.444,41.0,2,0,72.0,3.2,11,144.76,0
ACC-03180,Growth,FinTech,10,553,9,0.568,0.591,290.0,1,0,-11.0,5.0,334,254.57,0
ACC-03181,Enterprise,FinTech,96,135,18,0.924,0.757,581.0,2,0,10.0,4.8,246,8904.86,0
ACC-03182,Starter,Healthcare,1,644,13,0.514,0.267,18.0,0,0,6.0,2.9,313,25.88,0
ACC-03183,Growth,Other,14,518,18,0.352,0.545,2452.0,0,0,-28.0,3.6,344,471.63,0
ACC-03184,Starter,E-commerce,9,46,4,0.634,0.399,8.0,0,0,55.0,1.5,235,186.62,0
ACC-03185,Starter,E-commerce,9,764,5,0.324,0.35,57.0,1,0,9.0,3.9,173,212.49,0
ACC-03186,Starter,FinTech,630,401,0,0.211,0.271,36.0,1,0,46.0,4.0,320,60.21,0
ACC-03187,Growth,SaaS,26,894,4,0.584,0.612,180.0,0,0,7.0,4.1,319,706.68,0
ACC-03188,Enterprise,SaaS,151,797,23,0.532,0.588,697.0,2,0,14.0,4.3,76,10411.51,0
ACC-03189,Starter,SaaS,9,386,11,0.304,0.465,34.0,2,1,32.0,3.7,252,154.16,0
ACC-03190,Starter,SaaS,5,24,9,0.261,0.302,54.0,0,0,35.0,3.6,17,118.95,0
ACC-03191,Starter,E-commerce,9,143,8,0.375,0.189,,1,0,31.0,3.8,392,220.13,1
ACC-03192,Starter,SaaS,8,271,4,0.524,,,3,0,39.0,2.9,336,149.5,0
ACC-03193,Growth,SaaS,30,277,20,0.643,0.369,160.0,2,0,56.0,3.6,244,1429.6,0
ACC-03194,Growth,FinTech,36,327,5,0.548,0.529,25.0,1,0,51.0,4.3,336,1863.96,0
ACC-03195,Growth,SaaS,33,860,11,0.451,0.722,,4,0,33.0,3.3,259,1332.91,0
ACC-03196,Starter,SaaS,3,612,8,0.585,0.224,,0,0,32.0,4.9,118,50.24,0
ACC-03197,Growth,SaaS,30,183,13,0.652,0.398,100.0,2,0,40.0,3.6,166,1426.06,0
ACC-03198,Starter,SaaS,6,638,7,0.556,0.099,77.0,3,0,39.0,3.3,319,125.97,0
ACC-03199,Starter,E-commerce,2,64,5,0.367,0.343,24.0,1,0,21.0,3.0,386,40.36,0
ACC-03200,Enterprise,Healthcare,90,71,22,0.897,0.639,,1,0,69.0,,354,11725.85,0
ACC-03201,Growth,Other,22,584,8,0.57,0.563,297.0,1,0,41.0,3.1,235,774.78,0
ACC-03202,Enterprise,Healthcare,19,206,19,0.873,0.743,870.0,1,0,40.0,3.9,182,2604.75,0
ACC-03203,Enterprise,E-commerce,137,401,22,0.951,0.649,883.0,5,1,8.0,4.2,342,10375.38,1
ACC-03204,Growth,Other,16,745,12,0.622,0.616,183.0,3,1,11.0,5.0,238,442.17,0
ACC-03205,Enterprise,E-commerce,39,358,20,0.872,0.904,403.0,0,0,6.0,3.1,110,4333.13,0
ACC-03206,Starter,E-commerce,9,183,8,0.471,0.368,79.0,2,1,39.0,3.6,37,245.19,0
ACC-03207,Starter,FinTech,4,899,0,0.464,,36.0,1,0,42.0,4.1,224,86.25,0
ACC-03208,Starter,FinTech,6,267,0,0.219,0.417,,3,1,23.0,4.1,27,72.42,1
ACC-03209,Starter,FinTech,7,597,8,0.815,0.043,97.0,0,0,14.0,4.2,350,113.58,0
ACC-03210,Starter,SaaS,1,157,4,0.714,0.574,15.0,1,0,37.0,4.7,225,18.35,0
ACC-03211,Starter,Healthcare,7,157,5,0.473,0.293,,1,0,66.0,3.3,244,180.81,0
ACC-03212,Growth,SaaS,23,682,16,0.643,0.642,375.0,3,1,26.0,3.7,98,748.89,0
ACC-03213,Growth,E-commerce,13,809,9,0.368,0.792,132.0,2,0,41.0,4.3,187,603.88,0
ACC-03214,Growth,Other,12,38,2,0.686,0.517,172.0,0,0,,2.3,269,396.29,0
ACC-03215,Starter,FinTech,5,877,14,0.469,0.02,30.0,2,1,22.0,3.2,298,66.96,0
ACC-03216,Growth,SaaS,17,281,18,0.49,0.421,376.0,0,0,31.0,3.8,155,584.54,0
ACC-03217,Starter,FinTech,6,887,12,0.361,0.271,14.0,3,1,72.0,4.4,131,163.23,1
ACC-03218,Starter,FinTech,2,485,2,0.277,,,1,0,29.0,3.6,364,49.04,0
ACC-03219,Starter,Other,6,692,7,0.478,0.297,25.0,1,0,50.0,,284,136.24,0
ACC-03220,Starter,Healthcare,2,19,1,0.171,,81.0,4,0,36.0,2.0,87,37.34,0
ACC-03221,Starter,Healthcare,9,153,7,0.25,0.164,3.0,2,0,51.0,3.0,241,167.93,0
ACC-03222,Enterprise,E-commerce,29,859,18,0.684,0.51,558.0,2,1,8.0,2.3,16,3579.25,0
ACC-03223,Growth,Healthcare,36,160,8,0.921,0.317,122.0,1,0,47.0,3.9,11,1345.38,0
ACC-03224,Growth,Healthcare,5,784,15,0.352,0.652,229.0,1,0,52.0,3.3,396,213.72,0
ACC-03225,Starter,SaaS,1,118,6,0.376,0.463,14.0,1,0,22.0,4.3,328,22.3,0
ACC-03226,Enterprise,SaaS,83,587,28,0.809,0.601,673.0,3,0,10.0,3.8,59,9064.93,1
ACC-03227,Growth,SaaS,14,343,13,0.456,0.397,114.0,1,0,95.0,3.4,228,495.34,0
ACC-03228,Starter,E-commerce,4,403,0,,,40.0,1,1,61.0,4.0,213,50.85,0
ACC-03229,Growth,Other,10,643,5,0.643,0.674,203.0,3,0,,4.1,339,594.6,0
ACC-03230,Growth,E-commerce,7,151,22,0.685,0.643,179.0,0,0,68.0,3.3,70,229.89,0
ACC-03231,Growth,E-commerce,34,318,11,0.873,0.729,0.0,0,0,74.0,4.1,27,1977.23,0
ACC-03232,Starter,Other,3,504,8,0.379,0.382,4.0,3,0,23.0,2.8,304,61.74,0
ACC-03233,Growth,SaaS,28,333,13,0.611,0.714,67.0,3,1,57.0,,57,1627.85,0
ACC-03234,Starter,SaaS,8,225,13,0.432,0.421,,1,0,19.0,4.2,233,131.58,0
ACC-03235,Starter,Other,2,53,0,0.537,0.546,12.0,3,0,23.0,3.6,102,21.09,0
ACC-03236,Starter,Other,4,579,13,0.492,0.307,94.0,0,0,,3.3,211,65.53,0
ACC-03237,Enterprise,Healthcare,162,69,26,0.886,0.558,302.0,0,0,8.0,2.5,46,20004.51,0
ACC-03238,Starter,SaaS,3,142,7,0.583,0.418,25.0,4,2,85.0,4.2,54,44.59,0
ACC-03239,Starter,Other,9,224,9,0.846,0.319,13.0,1,0,32.0,2.9,381,250.27,1
ACC-03240,Starter,Healthcare,7,649,5,0.247,0.535,37.0,1,0,31.0,2.3,46,75.7,0
ACC-03241,Enterprise,E-commerce,46,122,12,0.723,0.789,992.0,2,1,55.0,3.7,202,6009.51,0
ACC-03242,Growth,SaaS,11,300,16,0.776,0.712,209.0,2,0,30.0,2.7,187,434.56,0
ACC-03243,Enterprise,E-commerce,161,79,21,0.616,0.56,649.0,1,0,29.0,2.5,102,19547.63,0
ACC-03244,Starter,Healthcare,7,458,8,0.336,0.363,3147.0,3,1,25.0,4.3,110,89.2,0
ACC-03245,Starter,Other,6,174,9,0.54,0.043,26.0,0,0,53.0,3.9,189,165.75,0
ACC-03246,Growth,E-commerce,12,157,10,0.707,0.386,168.0,2,0,15.0,4.1,396,480.13,0
ACC-03247,Starter,E-commerce,3,297,14,0.26,0.475,4.0,2,0,20.0,5.0,23,46.22,0
ACC-03248,Enterprise,Healthcare,23,241,20,0.578,0.737,385.0,1,0,29.0,3.9,347,57134.160041313655,0
ACC-03249,Enterprise,E-commerce,101,57,22,0.795,0.664,426.0,2,1,36.0,3.9,302,13201.59,0
ACC-03250,Growth,FinTech,34,412,12,0.745,0.435,150.0,0,0,39.0,3.2,109,1661.42,0
ACC-03251,Enterprise,SaaS,196,459,25,0.799,0.703,322.0,3,0,21.0,5.0,397,14242.4,0
ACC-03252,Growth,SaaS,15,419,13,0.555,0.307,47.0,1,0,,3.0,9,458.15,0
ACC-03253,Starter,Healthcare,1,405,7,0.418,0.177,26.0,2,0,57.0,5.0,61,20.13,0
ACC-03254,Growth,SaaS,12,899,18,0.833,0.585,76.0,1,0,50.0,2.7,86,621.91,0
ACC-03255,Starter,SaaS,6,257,0,0.171,0.349,37.0,0,0,58.0,3.3,237,128.48,1
ACC-03256,Enterprise,Other,185,311,19,0.606,0.675,403.0,0,0,32.0,4.4,228,24395.37,0
ACC-03257,Starter,Healthcare,3,466,4,0.405,0.425,62.0,1,0,52.0,4.7,168,42.6,0
ACC-03258,Starter,SaaS,3,88,9,0.302,0.428,79.0,1,1,19.0,2.6,286,31.49,0
ACC-03259,Growth,FinTech,13,889,14,0.333,0.66,79.0,1,0,34.0,3.9,259,668.52,1
ACC-03260,Starter,Healthcare,8,478,7,0.144,0.349,0.0,3,0,59.0,4.4,42,180.1,0
ACC-03261,Starter,FinTech,9,631,4,0.411,0.323,36.0,1,0,40.0,4.3,294,184.82,0
ACC-03262,Growth,FinTech,36,299,13,0.896,0.643,146.0,2,1,61.0,4.3,363,961.01,0
ACC-03263,Starter,FinTech,5,626,8,0.189,0.43,2158.0,2,0,31.0,2.9,368,93.53,0
ACC-03264,Growth,SaaS,5,791,12,0.466,0.31,141.0,0,0,35.0,5.0,263,131.28,0
ACC-03265,Starter,Healthcare,597,526,12,,0.224,12.0,0,0,65.0,2.7,336,39.07,0
ACC-03266,Starter,SaaS,5,200,10,0.327,0.276,43.0,1,0,-13.0,4.2,111,54.68,0
ACC-03267,Starter,E-commerce,3,620,7,0.592,0.162,122.0,2,1,64.0,4.7,366,53.8,0
ACC-03268,Growth,SaaS,6,772,2,0.44,0.48,195.0,1,0,45.0,4.9,11,255.98,0
ACC-03269,Enterprise,SaaS,93,628,19,0.787,0.882,329.0,2,0,42.0,4.8,97,6025.9,0
ACC-03270,Starter,SaaS,7,601,10,0.24,0.162,101.0,2,0,-5.0,4.8,382,94.57,0
ACC-03271,Enterprise,Other,110,424,19,0.671,,395.0,1,0,19.0,5.0,87,12950.53,0
ACC-03272,Growth,SaaS,19,180,14,0.37,0.694,241.0,0,0,58.0,3.6,109,589.29,0
ACC-03273,Growth,SaaS,10,650,12,0.512,0.465,3518.0,2,0,46.0,3.3,237,586.6,0
ACC-03274,Growth,SaaS,7,373,14,0.652,0.564,148.0,1,0,23.0,,6,181.74,0
ACC-03275,Growth,Healthcare,12,218,19,0.54,0.213,175.0,0,0,48.0,4.5,132,499.72,0
ACC-03276,Enterprise,FinTech,59,450,24,0.752,,840.0,1,0,25.0,4.3,295,5607.87,0
ACC-03277,Growth,Other,33,33,7,,0.591,279.0,4,1,25.0,3.7,75,1719.05,0
ACC-03278,Growth,E-commerce,13,476,6,0.804,0.589,243.0,1,0,100.0,2.0,140,394.16,0
ACC-03279,Starter,E-commerce,8,498,9,0.478,0.271,0.0,1,0,24.0,4.8,269,119.77,0
ACC-03280,Starter,E-commerce,7,365,12,0.367,,2.0,2,0,-34.0,4.1,321,126.61,0
ACC-03281,Growth,SaaS,39,637,6,0.554,0.738,0.0,1,0,22.0,4.5,11,1406.33,0
ACC-03282,Starter,Other,3,531,6,0.18,0.199,0.0,2,0,-3.0,3.4,341,69.06,1
ACC-03283,Starter,Other,4,338,18,0.686,0.198,55.0,2,1,17.0,3.7,9,99.76,0
ACC-03284,Starter,SaaS,5,649,6,0.756,0.294,0.0,2,0,27.0,3.2,131,51.62,0
ACC-03285,Starter,E-commerce,1,117,18,0.473,0.519,26.0,1,1,6.0,3.5,368,15.6,0
ACC-03286,Growth,SaaS,34,462,9,0.657,0.774,145.0,0,0,79.0,3.9,82,1693.26,0
ACC-03287,Growth,E-commerce,19,138,10,0.665,0.628,138.0,0,0,31.0,5.0,310,523.5,0
ACC-03288,Growth,Healthcare,13,547,10,0.515,0.751,,0,0,48.0,2.1,251,528.58,0
ACC-03289,Starter,Other,441,29,1,0.35,0.307,,3,0,12.0,4.2,135,66.86,0
ACC-03290,Growth,FinTech,19,775,5,0.493,0.704,183.0,2,0,26.0,5.0,227,653.68,0
ACC-03291,Starter,Healthcare,7,41,6,0.544,0.265,33.0,2,1,,4.7,333,124.69,0
ACC-03292,Growth,Healthcare,29,455,14,0.366,0.507,275.0,0,0,19.0,5.0,353,1715.8,0
ACC-03293,Growth,SaaS,26,604,10,,0.318,0.0,2,0,53.0,2.3,195,1091.24,0
ACC-03294,Growth,E-commerce,16,382,11,0.451,0.54,176.0,2,2,21.0,2.9,26,486.49,1
ACC-03295,Growth,E-commerce,13,204,20,0.568,0.548,95.0,4,1,24.0,4.2,8,742.54,0
ACC-03296,Enterprise,Healthcare,1,233,24,0.896,0.62,261.0,3,0,68.0,5.0,229,7799.89,0
ACC-03297,Growth,Other,16,760,12,0.489,0.558,170.0,1,0,71.0,,399,479.85,0
ACC-03298,Growth,SaaS,13,130,15,0.468,0.411,102.0,5,1,76.0,2.7,251,381.43,0
ACC-03299,Growth,SaaS,12,643,6,0.544,0.452,234.0,3,0,76.0,3.9,72,473.03,0
ACC-03300,Starter,SaaS,1,272,8,0.476,,,1,0,26.0,4.3,254,19.35,0
ACC-03301,Enterprise,SaaS,162,24,20,0.865,0.473,637.0,1,0,47.0,4.1,386,15937.17,0
ACC-03302,Starter,FinTech,4,373,5,,0.156,0.0,3,1,27.0,4.6,14,79.3,0
ACC-03303,Starter,Other,9,97,7,0.758,0.106,62.0,1,1,55.0,4.4,238,204.14,0
ACC-03304,Enterprise,FinTech,141,691,19,0.821,0.782,660.0,1,0,82.0,3.3,396,9432.31,0
ACC-03305,Growth,E-commerce,29,695,7,0.727,0.419,278.0,1,0,56.0,4.6,317,1051.2,0
ACC-03306,Starter,FinTech,6,206,15,0.302,0.434,82.0,2,0,76.0,2.8,331,142.09,0
ACC-03307,Starter,FinTech,2,699,11,0.398,0.237,25.0,3,0,17.0,3.3,141,26.92,0
ACC-03308,Starter,Healthcare,9,636,5,0.503,0.15,52.0,3,2,29.0,,229,187.39,1
ACC-03309,Growth,E-commerce,26,613,5,0.58,0.807,198.0,3,0,60.0,2.4,364,1101.23,0
ACC-03310,Starter,FinTech,5,84,0,0.631,0.177,15.0,2,0,48.0,3.3,388,73.52,0
ACC-03311,Enterprise,Other,138,127,29,0.633,0.554,316.0,0,0,-3.0,3.5,16,10573.34,0
ACC-03312,Enterprise,FinTech,17,154,19,0.916,0.932,633.0,0,0,79.0,3.2,122,1237.22,0
ACC-03313,Growth,SaaS,16,738,16,0.322,0.55,62.0,0,0,31.0,4.0,7,704.98,0
ACC-03314,Growth,FinTech,30,303,9,0.536,0.504,181.0,1,0,15.0,2.7,294,1082.94,1
ACC-03315,Starter,E-commerce,6,483,6,0.441,0.501,41.0,1,0,20.0,3.2,380,135.19,0
ACC-03316,Starter,FinTech,2,430,6,0.745,0.453,23.0,2,0,41.0,3.0,260,39.86,0
ACC-03317,Growth,Other,36,899,14,0.455,0.544,,1,0,,5.0,14,2109.04,0
ACC-03318,Starter,E-commerce,4,174,7,0.6,0.218,61.0,2,0,64.0,3.4,32,80.76,0
ACC-03319,Starter,FinTech,4,703,3,0.349,0.482,40.0,2,1,56.0,4.9,327,72.09,0
ACC-03320,Starter,Other,2,113,3,0.777,0.426,66.0,1,0,29.0,1.8,111,37.33,0
ACC-03321,Starter,FinTech,1,880,7,0.652,0.027,68.0,2,0,25.0,3.8,100,10.77,0
ACC-03322,Growth,FinTech,14,515,5,0.575,0.497,183.0,1,0,94.0,4.7,279,368.98,0
ACC-03323,Growth,SaaS,8,247,9,0.288,0.674,205.0,1,0,42.0,4.1,238,203.79,0
ACC-03324,Enterprise,FinTech,152,379,19,0.776,0.751,959.0,3,1,72.0,4.2,386,11140.6,1
ACC-03325,Growth,FinTech,31,659,15,0.406,0.443,144.0,0,0,55.0,2.8,135,66349.69200256027,0
ACC-03326,Enterprise,SaaS,121,382,27,0.734,0.766,,1,0,,3.6,45,7764.79,0
ACC-03327,Starter,E-commerce,9,73,5,0.479,0.14,45.0,2,1,13.0,4.4,293,106.22,0
ACC-03328,Enterprise,SaaS,47,286,20,0.753,0.544,,2,0,31.0,4.2,300,3926.35,0
ACC-03329,Growth,SaaS,5,825,5,0.595,0.463,153.0,0,0,53.0,4.8,55,265.01,0
ACC-03330,Starter,E-commerce,2,342,9,0.656,0.121,46.0,2,0,5.0,4.0,181,45.96,0
ACC-03331,Enterprise,SaaS,90,448,16,0.811,0.711,312.0,1,1,28.0,4.5,326,5953.67,0
ACC-03332,Starter,E-commerce,3,177,6,0.349,0.197,19.0,2,0,36.0,4.9,21,48.97,0
ACC-03333,Starter,Healthcare,5,37,9,0.055,,0.0,2,0,18.0,4.5,77,67.29,0
ACC-03334,Starter,FinTech,9,253,9,0.51,0.336,53.0,2,0,3.0,3.5,227,94.22,0
ACC-03335,Starter,SaaS,5,783,0,0.246,0.308,10.0,3,1,63.0,4.0,350,135.16,1
ACC-03336,Starter,FinTech,3,494,11,0.164,0.239,26.0,2,1,42.0,4.4,32,47.29,0
ACC-03337,Growth,SaaS,20,348,13,0.554,0.39,213.0,2,0,93.0,,28,936.05,0
ACC-03338,Enterprise,E-commerce,57,476,26,0.842,0.642,395.0,1,0,53.0,3.5,266,7682.92,0
ACC-03339,Starter,Healthcare,6,733,14,0.411,0.334,,2,0,47.0,,359,73.92,0
ACC-03340,Growth,E-commerce,23,816,20,0.573,0.256,300.0,1,0,35.0,2.8,300,1315.78,0
ACC-03341,Starter,FinTech,3,295,1,0.57,0.232,2310.0,3,1,27.0,4.3,261,73.69,0
ACC-03342,Enterprise,Other,37,751,22,0.806,0.697,415.0,1,0,76.0,4.2,163,5092.31,0
ACC-03343,Starter,SaaS,9,724,0,0.35,0.517,0.0,2,1,53.0,4.2,12,165.73,0
ACC-03344,Starter,Other,3,20,13,0.644,0.524,13.0,1,0,41.0,3.6,317,76.76,0
ACC-03345,Growth,Healthcare,32,806,19,,0.207,142.0,0,0,53.0,4.8,255,914.69,0
ACC-03346,Growth,FinTech,24,217,17,0.534,0.325,,1,0,50.0,4.9,126,1336.07,0
ACC-03347,Growth,SaaS,18,692,11,0.724,0.654,224.0,1,0,34.0,3.8,392,893.5,0
ACC-03348,Growth,SaaS,8,800,15,0.673,0.581,142.0,0,0,33.0,3.0,263,283.44,0
ACC-03349,Growth,Other,19,522,11,0.67,0.48,156.0,0,0,21.0,2.0,141,766.82,0
ACC-03350,Starter,SaaS,7,292,7,0.405,0.514,3.0,2,0,45.0,2.7,371,142.99,0
ACC-03351,Starter,Other,6,771,7,0.575,0.434,5.0,0,0,41.0,4.4,372,88.38,0
ACC-03352,Starter,E-commerce,2,437,0,0.061,0.382,77.0,1,0,-31.0,2.9,62,20.01,0
ACC-03353,Starter,FinTech,7,694,3,0.255,0.431,3.0,0,0,19.0,4.2,368,161.89,0
ACC-03354,Starter,E-commerce,6,612,17,0.367,0.336,,4,1,76.0,2.8,300,148.08,0
ACC-03355,Growth,SaaS,9,298,13,1.0,,213.0,3,0,18.0,2.6,371,65615.05340677164,0
ACC-03356,Starter,FinTech,6,495,8,0.19,0.405,3.0,0,0,63.0,4.1,244,98.52,0
ACC-03357,Growth,Other,17,191,13,0.566,0.748,5.0,2,1,20.0,3.6,319,717.17,0
ACC-03358,Growth,SaaS,39,18,11,0.553,0.319,158.0,4,1,68.0,3.2,256,979.48,0
ACC-03359,Growth,Other,19,624,13,0.567,0.54,178.0,0,0,37.0,4.2,333,540.63,0
ACC-03360,Growth,Other,27,197,11,0.418,0.342,277.0,3,1,44.0,5.0,56,708.56,1
ACC-03361,Starter,SaaS,5,474,0,0.338,0.318,30.0,1,0,68.0,3.2,86,62.71,0
ACC-03362,Starter,E-commerce,2,102,11,0.406,0.361,57.0,1,1,19.0,3.7,172,33.06,0
ACC-03363,Growth,SaaS,33,594,20,0.625,0.708,376.0,7,2,63.0,3.3,331,905.19,0
ACC-03364,Growth,E-commerce,25,162,8,0.605,0.352,210.0,1,0,33.0,4.1,377,1108.53,0
ACC-03365,Starter,Other,5,234,5,0.061,0.297,59.0,0,0,68.0,3.8,48,128.17,0
ACC-03366,Starter,Other,6,144,14,0.534,0.345,80.0,1,1,6.0,3.3,82,119.38,0
ACC-03367,Growth,Other,35,826,10,0.833,0.541,148.0,1,0,57.0,5.0,235,1119.49,0
ACC-03368,Growth,SaaS,35,565,15,,0.598,199.0,3,0,33.0,2.4,58,1338.92,0
ACC-03369,Starter,E-commerce,9,603,26,0.695,0.508,81.0,2,0,30.0,3.8,326,106.83,0
ACC-03370,Growth,SaaS,7,374,16,,0.523,112.0,0,0,52.0,4.3,373,251.84,0
ACC-03371,Enterprise,Other,94,774,20,0.65,0.528,,1,0,,3.4,351,9851.97,0
ACC-03372,Starter,SaaS,1,72,11,0.323,0.247,0.0,1,1,34.0,4.1,86,24.48,0
ACC-03373,Enterprise,SaaS,27,380,23,0.729,0.627,664.0,1,0,70.0,4.0,99,3692.55,0
ACC-03374,Starter,SaaS,5,86,4,0.48,0.351,,1,0,42.0,4.7,153,60.68,0
ACC-03375,Growth,SaaS,24,631,5,,0.535,271.0,2,0,,4.7,247,1053.87,0
ACC-03376,Growth,SaaS,600,856,16,1.0,0.554,120.0,3,2,76.0,3.6,390,775.78,0
ACC-03377,Starter,SaaS,8,692,10,0.603,0.376,0.0,2,1,30.0,4.6,17,216.78,0
ACC-03378,Enterprise,Other,20,151,19,0.61,0.691,643.0,1,0,56.0,5.0,100,2325.17,0
ACC-03379,Growth,Healthcare,38,712,20,0.618,0.668,88.0,2,0,46.0,4.0,165,1518.17,0
ACC-03380,Enterprise,SaaS,143,238,27,0.885,0.577,444.0,1,0,75.0,3.4,150,8936.92,0
ACC-03381,Starter,Healthcare,3,322,10,0.357,0.242,58.0,0,0,58.0,3.3,32,54.9,1
ACC-03382,Enterprise,FinTech,139,522,19,0.961,0.664,526.0,1,0,46.0,4.4,253,14190.1,0
ACC-03383,Enterprise,Healthcare,79,415,11,0.604,0.697,,0,0,0.0,,316,7843.98,0
ACC-03384,Growth,FinTech,13,179,12,0.299,0.458,273.0,1,0,38.0,3.3,23,473.04,0
ACC-03385,Starter,E-commerce,1,483,0,0.228,0.587,35.0,3,0,83.0,4.0,279,26.87,0
ACC-03386,Growth,FinTech,17,189,2,0.549,0.575,108.0,1,0,82.0,3.1,298,562.89,0
ACC-03387,Growth,SaaS,11,650,16,0.473,0.232,308.0,1,0,27.0,3.7,323,364.45,0
ACC-03388,Enterprise,E-commerce,33,78,25,0.652,,278.0,4,0,,4.5,170,3832.62,0
ACC-03389,Growth,Healthcare,20,731,4,0.721,0.43,241.0,2,0,3.0,2.8,342,1198.74,0
ACC-03390,Starter,Healthcare,7,883,6,0.434,0.248,21.0,2,0,,4.0,339,113.23,0
ACC-03391,Starter,FinTech,4,675,7,0.274,0.341,15.0,1,0,12.0,4.3,382,102.49,0
ACC-03392,Growth,E-commerce,28,550,12,0.701,0.518,255.0,0,0,36.0,4.8,84,1102.88,0
ACC-03393,Enterprise,Healthcare,136,404,14,0.874,0.474,682.0,0,0,60.0,3.8,313,14319.98,0
ACC-03394,Starter,SaaS,7,483,13,0.347,0.631,,0,0,30.0,3.6,166,182.33,1
ACC-03395,Growth,SaaS,15,467,7,0.414,0.802,122.0,3,1,42.0,3.5,301,415.92,1
ACC-03396,Enterprise,FinTech,169,801,11,0.824,0.587,677.0,3,0,67.0,,312,18657.52,0
ACC-03397,Starter,SaaS,6,126,1,0.336,0.156,80.0,2,1,68.0,4.8,225,163.55,0
ACC-03398,Starter,FinTech,1,540,9,0.868,0.468,15.0,2,0,26.0,3.9,241,23.29,0
ACC-03399,Growth,SaaS,31,501,12,0.634,0.517,291.0,1,0,11.0,3.8,186,1073.26,0
ACC-03400,Growth,E-commerce,10,247,10,0.62,0.613,97.0,2,2,33.0,3.8,278,294.31,1
ACC-03401,Starter,E-commerce,8,379,9,0.162,0.218,1.0,0,0,22.0,3.5,312,108.67,1
ACC-03402,Enterprise,Healthcare,51,432,21,0.555,0.829,,4,1,1.0,3.3,110,6707.82,0
ACC-03403,Growth,E-commerce,11,44,3,0.706,0.384,318.0,0,0,63.0,3.6,328,452.88,0
ACC-03404,Enterprise,FinTech,156,437,22,0.974,0.663,500.0,0,0,4.0,3.0,194,21508.65,0
ACC-03405,Enterprise,Other,134,165,25,0.771,0.994,904.0,0,0,40.0,3.5,203,10920.94,0
ACC-03406,Enterprise,Healthcare,90,366,19,0.572,0.409,672.0,1,0,42.0,3.4,330,9460.23,0
ACC-03407,Growth,E-commerce,7,260,12,,0.672,183.0,1,0,11.0,3.6,328,419.39,0
ACC-03408,Starter,SaaS,1,681,16,0.527,0.185,0.0,0,0,37.0,2.5,319,12.59,0
ACC-03409,Growth,E-commerce,23,864,10,0.577,0.277,216.0,0,0,59.0,4.8,40,1154.93,0
ACC-03410,Starter,E-commerce,4,111,6,0.376,0.193,68.0,0,0,,3.8,187,108.95,0
ACC-03411,Growth,Healthcare,5,241,14,0.763,0.487,133.0,2,0,19.0,3.4,222,168.96,0
ACC-03412,Starter,Healthcare,6,155,7,0.492,0.59,17.0,2,0,62.0,3.4,64,96.42,1
ACC-03413,Growth,Other,23,442,12,0.762,0.367,161.0,2,0,34.0,5.0,202,1154.51,0
ACC-03414,Starter,Other,7,343,7,0.233,0.606,44.0,5,2,56.0,3.3,318,123.55,1
ACC-03415,Starter,E-commerce,3,417,14,0.364,0.302,16.0,1,0,48.0,4.7,218,36.44,0
ACC-03416,Starter,Other,8,77,11,0.479,0.42,61.0,1,0,45.0,3.2,9,86.13,0
ACC-03417,Growth,Other,22,785,13,0.524,0.465,169.0,2,0,31.0,4.2,37,663.0,0
ACC-03418,Growth,SaaS,12,888,9,,0.584,125.0,1,0,,4.2,164,676.59,0
ACC-03419,Starter,E-commerce,5,821,4,0.304,0.067,25.0,1,0,30.0,4.8,24,114.86,0
ACC-03420,Enterprise,SaaS,131,453,24,0.892,0.667,590.0,1,0,23.0,3.9,395,10332.94,0
ACC-03421,Enterprise,FinTech,66,604,13,0.82,0.608,,1,0,89.0,3.5,74,7976.08,0
ACC-03422,Starter,FinTech,4,58,18,0.394,0.129,0.0,2,0,41.0,4.7,195,70.09,0
ACC-03423,Growth,FinTech,14,555,13,0.216,0.587,0.0,2,0,21.0,4.4,152,600.78,0
ACC-03424,Starter,SaaS,1,552,1,0.632,0.372,0.0,3,1,51.0,2.3,344,26.55,1
ACC-03425,Starter,SaaS,2,665,8,0.505,0.02,57.0,1,0,72.0,5.0,346,31.19,0
ACC-03426,Growth,SaaS,15,706,9,0.537,0.529,338.0,2,0,21.0,3.0,312,846.26,0
ACC-03427,Starter,E-commerce,3,14,5,,0.327,65.0,0,0,55.0,4.3,392,70.67,1
ACC-03428,Enterprise,Other,109,375,13,0.789,0.554,628.0,0,0,41.0,3.8,236,15259.76,0
ACC-03429,Enterprise,Other,35,444,19,0.817,0.736,708.0,0,0,-11.0,1.2,119,2487.43,0
ACC-03430,Enterprise,FinTech,159,439,10,0.532,0.606,621.0,1,0,7.0,5.0,188,9240.43,0
ACC-03431,Growth,SaaS,19,500,10,0.497,0.37,1.0,2,0,22.0,4.6,248,738.05,0
ACC-03432,Growth,Other,6,634,9,0.528,0.281,168.0,2,0,23.0,3.4,16,218.31,0
ACC-03433,Enterprise,SaaS,151,534,18,0.802,0.376,458.0,1,0,15.0,5.0,97,12191.36,1
ACC-03434,Starter,Other,8,221,4,0.399,0.219,68.0,3,1,33.0,3.6,37,219.13,1
ACC-03435,Starter,Healthcare,5,602,7,0.707,0.293,44.0,0,0,,3.6,137,59.17,0
ACC-03436,Growth,E-commerce,24,543,17,,0.765,132.0,1,0,18.0,3.4,258,965.92,0
ACC-03437,Starter,SaaS,2,191,9,0.588,0.377,79.0,2,1,66.0,4.3,233,45.39,1
ACC-03438,Starter,SaaS,9,573,13,0.566,0.288,17.0,1,0,65.0,4.2,11,91.5,0
ACC-03439,Starter,E-commerce,3,475,5,0.587,0.216,35.0,4,3,34.0,3.6,51,47.14,0
ACC-03440,Growth,FinTech,27,726,14,0.988,0.215,204.0,1,0,36.0,3.4,258,1156.83,0
ACC-03441,Starter,Other,9,361,9,0.586,0.262,0.0,3,1,60.0,4.5,328,111.47,0
ACC-03442,Starter,E-commerce,5,803,12,0.183,0.363,37.0,0,0,16.0,3.2,280,98.28,0
ACC-03443,Starter,FinTech,7,489,4,0.723,0.276,30.0,1,1,0.0,,79,101.98,1
ACC-03444,Starter,SaaS,8,847,11,0.125,0.185,12.0,0,0,-6.0,3.9,120,147.2,1
ACC-03445,Enterprise,FinTech,192,104,16,0.721,0.742,875.0,1,0,39.0,1.9,157,21699.53,0
ACC-03446,Starter,SaaS,3,125,4,0.441,0.396,6.0,1,0,14.0,3.8,363,75.53,0
ACC-03447,Growth,E-commerce,34,207,11,0.871,0.406,79.0,2,1,-32.0,3.0,299,1618.4,0
ACC-03448,Growth,E-commerce,633,737,15,0.39,0.239,58.0,4,1,77.0,3.9,258,1019.85,0
ACC-03449,Starter,Healthcare,4,462,2,0.549,0.419,0.0,2,0,93.0,4.0,246,110.9,0
ACC-03450,Enterprise,FinTech,36,612,16,0.798,0.791,684.0,0,0,25.0,4.8,84,2342.04,0
ACC-03451,Growth,SaaS,7,31,10,0.878,,229.0,2,0,100.0,4.0,335,319.04,0
ACC-03452,Growth,Healthcare,24,342,13,0.718,0.65,101.0,1,1,41.0,4.0,227,1293.68,0
ACC-03453,Starter,Healthcare,8,327,3,0.681,0.219,16.0,1,1,62.0,,267,145.0,0
ACC-03454,Starter,Healthcare,6,831,8,0.374,0.171,52.0,3,1,51.0,3.4,249,133.18,0
ACC-03455,Enterprise,E-commerce,119,106,18,0.703,0.786,827.0,3,0,36.0,4.7,84,14195.41,0
ACC-03456,Growth,Other,19,776,16,0.424,0.462,197.0,1,0,13.0,3.2,247,891.31,0
ACC-03457,Enterprise,SaaS,171,340,20,1.0,0.754,307.0,0,0,42.0,3.3,329,42762.3930275072,0
ACC-03458,Enterprise,FinTech,155,700,28,0.891,0.991,685.0,2,1,1.0,3.6,46,19042.34,0
ACC-03459,Starter,Healthcare,3,271,8,0.6,0.22,2754.0,1,0,-8.0,5.0,137,83.22,0
ACC-03460,Growth,SaaS,29,64,8,0.81,0.352,165.0,2,0,13.0,3.2,191,1464.06,0
ACC-03461,Growth,Healthcare,20,615,12,0.329,0.516,225.0,2,2,50.0,5.0,355,1133.18,0
ACC-03462,Growth,FinTech,5,170,13,0.519,0.596,76.0,0,0,37.0,5.0,197,257.96,0
ACC-03463,Starter,SaaS,1,145,3,0.426,,0.0,3,0,15.0,4.8,91,25.65,0
ACC-03464,Starter,SaaS,2,827,14,0.401,0.2,0.0,2,1,52.0,3.3,200,26.36,0
ACC-03465,Growth,Other,25,214,12,0.441,0.23,135.0,2,0,54.0,3.6,278,1335.25,0
ACC-03466,Growth,Healthcare,22,884,10,0.762,0.642,197.0,0,0,12.0,3.4,347,632.49,0
ACC-03467,Growth,FinTech,15,322,14,0.606,0.392,76.0,2,0,22.0,4.5,224,657.22,0
ACC-03468,Starter,SaaS,9,259,3,0.27,0.484,51.0,2,0,40.0,3.8,261,216.37,0
ACC-03469,Starter,SaaS,6,416,11,0.584,0.357,7.0,5,0,,3.8,318,74.22,0
ACC-03470,Enterprise,SaaS,157,259,23,0.684,0.961,503.0,3,3,8.0,3.4,330,19120.3,0
ACC-03471,Growth,Healthcare,16,835,14,0.804,0.481,264.0,2,0,44.0,4.3,349,620.5,0
ACC-03472,Growth,SaaS,20,554,16,1.0,0.767,238.0,4,1,34.0,3.8,244,1146.6,0
ACC-03473,Growth,SaaS,31,672,11,0.429,0.422,42.0,3,1,,2.7,294,1216.6,0
ACC-03474,Starter,SaaS,6,81,0,0.752,0.268,2.0,1,0,-8.0,3.7,231,107.61,0
ACC-03475,Growth,E-commerce,9,225,12,0.275,0.558,181.0,0,0,57.0,3.1,317,488.18,0
ACC-03476,Growth,Healthcare,37,541,11,0.689,0.539,129.0,1,1,43.0,2.5,311,1302.62,0
ACC-03477,Enterprise,E-commerce,153,445,11,,0.673,,0,0,65.0,2.0,362,16644.2,0
ACC-03478,Enterprise,E-commerce,172,872,15,0.731,0.869,1211.0,1,0,54.0,,350,17860.13,0
ACC-03479,Enterprise,Other,29,654,14,0.87,0.985,1161.0,0,0,67.0,5.0,377,3922.35,0
ACC-03480,Growth,FinTech,13,277,8,0.514,0.781,13.0,0,0,37.0,2.8,297,421.11,0
ACC-03481,Growth,Other,24,416,19,0.431,0.338,73.0,1,1,4.0,4.2,337,991.94,0
ACC-03482,Growth,E-commerce,34,672,15,0.791,0.491,191.0,3,0,60.0,5.0,64,893.5,0
ACC-03483,Enterprise,SaaS,59,377,24,0.816,0.605,543.0,2,0,30.0,2.8,346,4082.06,0
ACC-03484,Growth,Healthcare,6,479,15,0.399,0.434,326.0,1,0,50.0,3.6,54,218.22,0
ACC-03485,Growth,E-commerce,38,722,18,0.602,0.523,137.0,0,0,18.0,5.0,272,1664.86,0
ACC-03486,Growth,E-commerce,14,268,13,0.443,0.746,73.0,1,0,48.0,4.7,385,453.0,0
ACC-03487,Growth,SaaS,17,102,20,0.75,0.592,162.0,3,0,4.0,5.0,394,528.56,0
ACC-03488,Growth,FinTech,8,379,7,0.6,0.377,174.0,3,0,63.0,3.3,281,296.76,0
ACC-03489,Starter,Other,5,208,7,0.625,0.064,46.0,1,0,40.0,4.5,366,135.44,0
ACC-03490,Growth,SaaS,20,502,8,0.431,0.693,0.0,1,1,55.0,3.2,207,909.0,0
ACC-03491,Growth,SaaS,12,769,19,0.616,,43.0,2,0,14.0,3.2,290,544.01,0
ACC-03492,Starter,SaaS,6,688,9,0.447,0.503,50.0,3,1,36.0,5.0,343,73.0,1
ACC-03493,Enterprise,FinTech,31,660,25,0.878,0.495,,2,0,52.0,4.4,13,3050.5,0
ACC-03494,Growth,Healthcare,23,493,7,0.489,0.487,,1,1,50.0,5.0,59,1092.14,0
ACC-03495,Starter,E-commerce,5,800,4,0.544,0.273,60.0,1,0,45.0,2.5,35,50.48,0
ACC-03496,Enterprise,Other,94,833,12,0.912,0.764,504.0,1,0,22.0,3.2,225,6889.06,0
ACC-03497,Growth,FinTech,29,685,15,0.589,0.866,92.0,2,0,36.0,2.5,92,1281.36,0
ACC-03498,Growth,FinTech,24,117,11,0.447,0.45,171.0,1,0,30.0,3.6,85,695.87,0
ACC-03499,Starter,SaaS,8,277,10,0.493,0.306,91.0,1,0,0.0,5.0,375,177.5,0
ACC-03500,Enterprise,SaaS,56,862,20,0.515,0.825,479.0,1,0,21.0,3.5,211,5074.41,0
ACC-03501,Starter,Healthcare,5,78,0,0.584,0.485,,2,1,29.0,3.9,380,111.98,1
ACC-03502,Growth,SaaS,23,501,6,0.746,0.392,28.0,1,0,24.0,4.2,376,624.78,0
ACC-03503,Starter,SaaS,9,580,7,0.456,0.25,75.0,3,2,36.0,3.8,321,184.76,0
ACC-03504,Growth,Other,30,361,15,0.364,0.639,191.0,1,1,46.0,3.7,306,1478.57,0
ACC-03505,Growth,E-commerce,36,637,3,0.984,0.643,148.0,1,0,37.0,3.3,93,2136.89,0
ACC-03506,Growth,SaaS,22,81,13,0.4,0.374,99.0,2,0,28.0,3.6,340,1272.62,0
ACC-03507,Growth,Healthcare,9,208,8,0.694,0.475,,3,0,59.0,3.8,259,351.65,0
ACC-03508,Enterprise,E-commerce,108,276,15,,0.587,537.0,1,0,10.0,4.1,324,7498.08,0
ACC-03509,Growth,Other,13,165,10,,0.465,224.0,1,0,19.0,4.9,136,635.89,0
ACC-03510,Starter,Healthcare,4,402,8,0.296,0.14,2.0,2,0,12.0,3.2,94,59.2,0
ACC-03511,Enterprise,SaaS,135,429,17,0.841,0.759,517.0,2,1,50.0,,256,14515.78,0
ACC-03512,Growth,SaaS,24,844,4,0.478,0.704,221.0,0,0,50.0,3.5,123,1373.1,0
ACC-03513,Enterprise,SaaS,104,444,21,0.568,0.409,,1,1,48.0,3.8,76,13864.29,0
ACC-03514,Enterprise,Healthcare,169,684,18,0.945,0.534,533.0,2,0,81.0,3.0,84,15836.6,0
ACC-03515,Enterprise,E-commerce,19,92,16,0.785,0.614,274.0,2,0,,3.7,171,2170.65,0
ACC-03516,Growth,Healthcare,34,66,12,0.546,0.322,0.0,1,1,39.0,3.7,375,1399.68,0
ACC-03517,Growth,E-commerce,19,363,11,0.636,0.69,138.0,1,0,51.0,4.1,10,663.67,0
ACC-03518,Starter,FinTech,7,304,7,0.365,0.613,3.0,1,0,30.0,,235,182.41,0
ACC-03519,Growth,SaaS,39,832,12,0.66,0.808,173.0,3,2,53.0,2.9,84,1052.17,0
ACC-03520,Growth,SaaS,6,449,14,0.425,0.56,222.0,0,0,60.0,4.7,233,328.72,0
ACC-03521,Growth,FinTech,17,445,13,0.2,0.786,256.0,2,2,56.0,2.9,82,516.32,1
ACC-03522,Enterprise,E-commerce,127,767,24,0.756,0.886,762.0,1,0,78.0,3.6,102,7028.0,0
ACC-03523,Starter,Other,7,780,14,0.137,0.476,0.0,1,0,79.0,3.1,374,182.59,0
ACC-03524,Starter,SaaS,6,701,7,0.455,,8.0,2,0,51.0,3.7,51,100.85,0
ACC-03525,Growth,E-commerce,17,402,10,0.47,0.474,150.0,1,1,21.0,3.7,213,977.94,0
ACC-03526,Growth,SaaS,2,205,7,0.544,0.545,219.0,0,0,100.0,4.0,212,1231.27,0
ACC-03527,Starter,Healthcare,1,45,10,0.646,0.316,45.0,1,0,10.0,2.9,58,12.1,0
ACC-03528,Starter,SaaS,8,58,3,0.477,0.382,23.0,2,0,36.0,2.9,336,192.8,0
ACC-03529,Enterprise,E-commerce,106,736,30,0.685,0.675,2229.0,0,0,60.0,5.0,120,11905.24,0
ACC-03530,Growth,SaaS,39,131,26,0.723,0.466,187.0,1,0,45.0,5.0,110,1455.55,0
ACC-03531,Starter,SaaS,4,381,6,0.613,0.496,0.0,1,1,44.0,2.8,130,108.74,1
ACC-03532,Starter,E-commerce,9,459,0,0.132,0.333,38.0,0,0,49.0,4.0,226,113.21,0
ACC-03533,Growth,FinTech,19,506,16,0.849,0.576,305.0,1,0,58.0,2.5,204,1028.78,0
ACC-03534,Starter,FinTech,4,93,16,0.442,0.194,27.0,0,0,11.0,3.3,70,81.73,0
ACC-03535,Growth,FinTech,30,477,7,0.683,0.469,42.0,2,1,59.0,4.6,168,889.76,0
ACC-03536,Growth,Other,25,235,22,0.806,0.679,59.0,2,1,42.0,3.3,123,844.68,0
ACC-03537,Starter,FinTech,4,315,0,0.383,0.354,32.0,3,1,57.0,4.7,120,67.31,1
ACC-03538,Growth,E-commerce,572,741,6,0.692,0.544,108.0,0,0,39.0,2.2,301,520.12,0
ACC-03539,Starter,Other,3,421,8,0.416,0.315,11.0,3,0,12.0,4.5,47,34.75,0
ACC-03540,Starter,E-commerce,1,370,12,0.172,0.332,83.0,1,0,53.0,3.8,170,22.09,0
ACC-03541,Enterprise,FinTech,63,28,20,0.913,0.706,1046.0,0,0,5.0,4.0,7,4618.62,0
ACC-03542,Growth,E-commerce,38,896,15,0.579,0.594,64.0,1,1,51.0,2.9,155,1928.55,0
ACC-03543,Enterprise,SaaS,184,539,25,0.793,0.689,,1,1,100.0,2.5,304,22604.84,0
ACC-03544,Starter,E-commerce,1,683,12,0.252,0.364,47.0,0,0,23.0,3.3,72,10.54,0
ACC-03545,Starter,FinTech,6,398,4,,0.02,63.0,3,2,15.0,5.0,80,107.42,1
ACC-03546,Growth,Healthcare,10,248,9,0.568,0.444,27.0,2,0,42.0,3.2,235,561.24,0
ACC-03547,Growth,Other,26,256,18,,0.455,293.0,1,1,30.0,3.0,142,1324.45,0
ACC-03548,Enterprise,SaaS,114,20,22,0.682,0.947,567.0,1,0,45.0,3.4,391,15737.22,0
ACC-03549,Starter,SaaS,2,801,10,0.167,0.374,59.0,1,0,22.0,3.7,180,32.86,0
ACC-03550,Enterprise,FinTech,99,481,17,0.923,0.492,89.0,3,1,10.0,3.4,89,8351.63,0
ACC-03551,Enterprise,E-commerce,158,326,23,0.954,0.637,260.0,2,0,-35.0,3.8,155,9837.35,0
ACC-03552,Growth,FinTech,29,639,8,0.762,0.663,93.0,1,0,9.0,3.8,118,1020.2,0
ACC-03553,Starter,E-commerce,8,128,8,0.495,0.345,,2,0,42.0,4.3,323,144.39,0
ACC-03554,Growth,E-commerce,38,430,14,0.654,0.262,189.0,0,0,61.0,3.6,287,1865.34,0
ACC-03555,Starter,Other,4,400,8,0.272,0.428,19.0,0,0,52.0,3.9,4,58.69,1
ACC-03556,Growth,FinTech,29,817,17,0.465,0.339,314.0,1,0,54.0,2.4,366,1546.6,0
ACC-03557,Growth,SaaS,32,721,8,0.455,,242.0,0,0,56.0,3.4,342,1050.03,0
ACC-03558,Enterprise,FinTech,16,694,23,0.855,0.81,687.0,3,0,21.0,,193,903.0,0
ACC-03559,Growth,E-commerce,27,244,13,0.47,0.349,140.0,1,0,-11.0,3.1,200,1401.21,0
ACC-03560,Growth,SaaS,13,474,9,,0.602,136.0,0,0,34.0,4.0,288,523.93,0
ACC-03561,Growth,SaaS,16,882,7,0.451,0.424,132.0,1,0,-3.0,3.2,286,510.59,0
ACC-03562,Growth,FinTech,12,30,21,0.48,0.477,175.0,0,0,42.0,2.8,48,681.78,0
ACC-03563,Enterprise,Healthcare,154,591,20,0.889,0.739,606.0,0,0,35.0,4.9,113,15668.01,0
ACC-03564,Starter,Other,7,313,5,0.436,0.286,0.0,2,0,88.0,3.5,176,168.94,0
ACC-03565,Enterprise,FinTech,132,671,15,0.781,0.671,985.0,1,0,68.0,4.3,33,17937.59,0
ACC-03566,Enterprise,SaaS,138,452,25,0.648,0.677,1176.0,2,0,50.0,,24,18792.46,0
ACC-03567,Enterprise,FinTech,76,634,25,0.918,0.857,246.0,0,0,,3.0,106,9255.21,0
ACC-03568,Growth,FinTech,11,235,17,0.387,0.564,181.0,6,1,1.0,2.5,199,403.66,1
ACC-03569,Enterprise,Other,138,795,20,0.744,0.721,528.0,1,0,89.0,5.0,25,66599.39816667738,0
ACC-03570,Starter,FinTech,1,756,10,0.11,0.218,26.0,2,0,35.0,4.3,216,27.51,0
ACC-03571,Growth,E-commerce,20,578,9,0.794,0.621,271.0,1,1,47.0,,375,779.42,0
ACC-03572,Starter,Other,4,390,8,0.108,0.2,43.0,1,0,18.0,5.0,120,104.81,0
ACC-03573,Starter,E-commerce,8,148,7,0.509,0.36,9.0,2,0,80.0,2.2,206,92.31,0
ACC-03574,Growth,SaaS,16,194,14,0.653,0.418,205.0,2,1,15.0,3.8,191,845.31,0
ACC-03575,Starter,E-commerce,8,367,0,0.515,0.351,3286.0,2,1,28.0,2.6,93,133.46,1
ACC-03576,Starter,FinTech,9,704,15,,,80.0,3,1,47.0,2.7,139,95.19,0
ACC-03577,Enterprise,FinTech,168,852,27,0.456,0.732,652.0,2,0,63.0,1.3,40,19986.25,0
ACC-03578,Starter,Other,7,552,2,0.516,0.401,0.0,0,0,29.0,3.6,358,77.73,0
ACC-03579,Growth,SaaS,15,845,16,0.873,0.495,24.0,1,0,39.0,4.1,109,671.83,1
ACC-03580,Starter,FinTech,5,188,0,0.461,0.364,81.0,3,1,21.0,4.4,349,78.26,0
ACC-03581,Growth,SaaS,11,672,13,0.784,0.382,142.0,2,0,,4.1,263,604.95,0
ACC-03582,Growth,SaaS,24,486,3,0.382,0.652,185.0,1,1,51.0,3.8,156,1254.21,0
ACC-03583,Starter,E-commerce,4,138,6,0.598,0.489,57.0,1,0,75.0,4.7,318,101.51,0
ACC-03584,Growth,Healthcare,8,629,11,0.802,0.489,121.0,2,0,41.0,4.6,25,377.91,0
ACC-03585,Enterprise,E-commerce,77,814,25,0.755,0.733,764.0,2,0,8.0,3.1,77,6378.72,0
ACC-03586,Enterprise,FinTech,105,411,28,,0.639,325.0,3,1,80.0,4.3,89,13789.74,0
ACC-03587,Starter,SaaS,9,240,15,0.54,0.095,52.0,0,0,56.0,4.3,303,124.57,0
ACC-03588,Growth,FinTech,15,281,18,0.511,,212.0,2,1,49.0,2.8,102,431.09,0
ACC-03589,Growth,E-commerce,39,546,13,0.855,,229.0,0,0,84.0,3.8,199,2251.27,0
ACC-03590,Starter,Healthcare,8,625,9,0.607,0.573,88.0,2,1,77.0,2.5,301,172.68,0
ACC-03591,Enterprise,E-commerce,27,206,22,0.761,0.637,0.0,3,3,12.0,3.4,239,1953.76,0
ACC-03592,Starter,Other,2,622,2,0.443,0.179,53.0,6,0,34.0,4.2,377,23.79,0
ACC-03593,Enterprise,Healthcare,112,675,25,0.807,1.0,913.0,1,1,3.0,4.4,248,12138.14,0
ACC-03594,Starter,FinTech,7,29,10,0.279,0.186,65.0,1,0,37.0,3.0,371,121.56,0
ACC-03595,Starter,E-commerce,2,354,10,0.483,0.167,85.0,1,0,45.0,3.9,72,48.36,0
ACC-03596,Enterprise,Healthcare,72,221,10,0.7,0.723,628.0,2,1,-6.0,4.6,329,5586.59,0
ACC-03597,Enterprise,Other,56,716,22,0.817,0.732,33.0,2,0,,3.5,122,6438.2,0
ACC-03598,Enterprise,FinTech,98,586,25,0.706,0.802,897.0,0,0,,3.4,259,7713.41,0
ACC-03599,Enterprise,E-commerce,177,486,20,0.633,0.724,546.0,1,0,65.0,4.8,73,14648.29,0
ACC-03600,Growth,FinTech,31,212,11,0.653,,193.0,2,0,80.0,4.3,116,1553.89,0
ACC-03601,Starter,Healthcare,3,440,1,0.02,0.15,20.0,1,0,67.0,3.9,335,74.32,0
ACC-03602,Starter,Other,5,866,1,0.449,0.438,20.0,2,1,32.0,2.3,347,63.06,0
ACC-03603,Growth,Other,9,895,14,0.309,0.32,107.0,2,0,59.0,,276,229.84,0
ACC-03604,Starter,SaaS,6,158,6,0.196,,49.0,3,0,28.0,3.4,333,64.45,0
ACC-03605,Enterprise,SaaS,80,443,19,0.703,0.891,203.0,2,0,17.0,3.0,294,6156.62,0
ACC-03606,Starter,Healthcare,6,676,14,0.551,0.282,0.0,2,0,18.0,3.7,163,166.48,0
ACC-03607,Starter,E-commerce,9,277,1,0.356,0.21,54.0,1,1,66.0,4.7,164,126.41,0
ACC-03608,Starter,Other,7,898,5,0.385,0.293,30.0,0,0,82.0,5.0,163,64103.07615044679,0
ACC-03609,Starter,FinTech,7,427,15,0.49,0.268,0.0,2,0,35.0,,255,140.54,0
ACC-03610,Starter,Other,1,321,6,0.239,0.112,0.0,2,0,55.0,2.8,110,24.89,1
ACC-03611,Growth,Healthcare,14,848,13,0.608,0.457,184.0,1,0,23.0,3.4,326,619.26,0
ACC-03612,Starter,SaaS,513,548,6,0.534,0.551,53.0,1,0,60.0,3.3,322,144.33,0
ACC-03613,Growth,SaaS,18,69,16,0.432,0.583,179.0,1,0,-2.0,3.0,30,842.88,0
ACC-03614,Enterprise,Healthcare,26,107,11,0.757,0.895,715.0,1,1,67.0,4.3,166,3574.84,0
ACC-03615,Growth,SaaS,20,882,12,0.644,0.342,172.0,1,1,69.0,3.4,148,611.95,0
ACC-03616,Growth,Healthcare,36,564,13,0.806,,113.0,1,0,22.0,2.6,304,1068.53,0
ACC-03617,Starter,E-commerce,6,784,3,0.782,0.295,8.0,1,0,73.0,3.8,91,147.94,1
ACC-03618,Starter,FinTech,2,888,9,0.462,0.234,9.0,1,1,-38.0,5.0,167,50.35,0
ACC-03619,Starter,SaaS,1,673,11,0.495,0.396,40.0,2,0,30.0,4.1,19,22.81,0
ACC-03620,Enterprise,Other,61,875,22,0.781,0.663,986.0,1,0,61.0,3.2,151,3891.1,0
ACC-03621,Growth,Healthcare,28,859,21,0.764,0.541,258.0,3,0,35.0,5.0,335,1577.32,0
ACC-03622,Starter,Healthcare,4,378,5,0.31,0.381,37.0,1,0,-5.0,3.6,88,56.15,0
ACC-03623,Growth,Healthcare,598,579,15,,0.512,95.0,0,0,43.0,3.9,118,1051.62,0
ACC-03624,Enterprise,E-commerce,39,741,22,,,866.0,1,0,18.0,3.9,196,3164.91,0
ACC-03625,Growth,Other,8,853,12,0.531,0.384,56.0,1,0,71.0,,74,300.21,0
ACC-03626,Growth,E-commerce,19,746,18,0.469,,96.0,3,1,-6.0,3.6,278,724.21,0
ACC-03627,Enterprise,E-commerce,108,729,21,0.663,0.7,546.0,3,1,37.0,3.2,271,10777.41,0
ACC-03628,Growth,SaaS,23,303,8,0.589,0.772,220.0,0,0,0.0,4.7,312,933.77,0
ACC-03629,Growth,FinTech,39,393,16,0.626,0.194,256.0,1,0,40.0,5.0,13,1603.13,0
ACC-03630,Starter,Healthcare,7,742,5,0.271,0.407,73.0,6,2,10.0,3.7,103,152.92,1
ACC-03631,Starter,FinTech,8,126,6,0.304,0.333,0.0,1,0,34.0,,175,160.28,0
ACC-03632,Enterprise,Healthcare,120,157,19,1.0,0.437,918.0,4,0,24.0,4.1,234,12207.09,0
ACC-03633,Growth,Other,30,712,16,0.458,0.555,210.0,2,0,24.0,1.7,89,990.97,0
ACC-03634,Starter,FinTech,3,881,12,0.489,0.247,34.0,1,0,41.0,3.4,193,76.21,1
ACC-03635,Growth,SaaS,26,384,12,0.724,0.563,74.0,2,0,56.0,2.6,256,1322.58,0
ACC-03636,Starter,E-commerce,4,779,6,0.319,0.238,75.0,3,0,41.0,2.4,225,100.93,0
ACC-03637,Enterprise,SaaS,139,328,11,0.726,0.686,1195.0,0,0,35.0,2.5,393,17660.77,0
ACC-03638,Starter,Healthcare,7,466,4,0.512,0.327,96.0,2,1,68.0,3.7,29,142.09,1
ACC-03639,Enterprise,E-commerce,55,876,16,0.535,0.746,1056.0,2,0,17.0,3.0,380,7114.34,0
ACC-03640,Growth,FinTech,13,355,14,0.593,0.409,260.0,1,0,52.0,2.6,292,650.36,0
ACC-03641,Starter,E-commerce,1,797,7,0.548,0.228,33.0,3,0,30.0,3.7,284,11.43,0
ACC-03642,Starter,E-commerce,9,852,3,,0.339,74.0,3,1,93.0,3.5,41,130.75,0
ACC-03643,Enterprise,FinTech,52,668,21,0.72,0.581,154.0,4,1,18.0,4.1,90,7250.82,0
ACC-03644,Starter,FinTech,2,77,7,0.567,,6.0,1,0,12.0,4.1,325,30.95,0
ACC-03645,Starter,FinTech,6,865,0,,,0.0,2,1,35.0,3.4,296,141.32,0
ACC-03646,Growth,Other,29,455,18,0.724,0.602,276.0,0,0,32.0,4.3,49,989.43,0
ACC-03647,Starter,SaaS,5,270,12,0.665,0.318,44.0,2,0,42.0,3.2,300,83.34,0
ACC-03648,Starter,FinTech,8,445,6,0.22,,40.0,0,0,38.0,3.4,111,89.92,0
ACC-03649,Starter,SaaS,9,404,9,0.347,0.337,81.0,1,0,36.0,3.8,387,102.0,0
ACC-03650,Enterprise,FinTech,186,351,19,0.566,0.754,886.0,0,0,,4.3,294,14168.1,0
ACC-03651,Starter,SaaS,2,614,0,0.243,0.24,0.0,2,0,72.0,3.4,233,36.18,0
ACC-03652,Starter,Healthcare,6,113,17,0.284,0.342,0.0,1,1,39.0,2.5,292,117.46,1
ACC-03653,Starter,SaaS,2,574,10,0.284,0.213,53.0,1,0,35.0,4.6,219,37.58,0
ACC-03654,Starter,E-commerce,9,236,11,0.518,0.02,56.0,1,1,41.0,3.0,393,222.29,0
ACC-03655,Starter,SaaS,3,715,6,0.421,0.406,102.0,1,0,49.0,4.2,296,34.77,0
ACC-03656,Starter,FinTech,2,885,12,0.623,0.471,37.0,0,0,-4.0,2.9,229,47.24,0
ACC-03657,Starter,SaaS,3,432,1,0.789,,92.0,1,0,72.0,1.9,304,32.78,0
ACC-03658,Starter,Healthcare,4,729,6,0.499,0.647,2.0,0,0,61.0,3.4,17,78.99,0
ACC-03659,Enterprise,Other,86,298,23,0.854,0.536,434.0,2,0,30.0,4.4,250,5117.35,0
ACC-03660,Starter,SaaS,8,756,4,0.516,0.195,3.0,4,1,,2.6,328,139.35,1
ACC-03661,Starter,Other,7,486,11,0.289,0.486,43.0,4,1,7.0,3.5,54,134.57,0
ACC-03662,Enterprise,FinTech,197,465,21,0.794,0.702,699.0,0,0,52.0,4.3,201,12866.63,0
ACC-03663,Enterprise,E-commerce,64,104,21,0.901,0.944,912.0,1,0,85.0,4.1,92,8235.17,0
ACC-03664,Growth,Healthcare,38,600,10,0.587,0.69,27.0,2,0,-26.0,5.0,323,1679.45,0
ACC-03665,Starter,SaaS,9,714,9,0.504,0.222,55.0,1,1,36.0,4.3,217,228.22,0
ACC-03666,Starter,FinTech,6,461,16,0.421,0.09,33.0,0,0,,3.9,330,114.6,0
ACC-03667,Starter,SaaS,8,155,8,0.376,0.596,56.0,1,0,26.0,3.4,144,106.17,0
ACC-03668,Starter,Healthcare,3,614,10,0.537,0.191,34.0,3,0,27.0,3.2,347,72.05,0
ACC-03669,Starter,FinTech,5,568,10,0.221,0.151,34.0,0,0,73.0,3.8,205,108.57,0
ACC-03670,Growth,Other,28,779,8,0.573,,143.0,1,0,42.0,4.2,372,1001.07,0
ACC-03671,Starter,SaaS,4,860,6,0.206,0.336,5.0,2,1,57.0,,393,63.09,0
ACC-03672,Growth,Other,32,228,12,0.504,0.308,267.0,0,0,25.0,3.3,274,1154.25,0
ACC-03673,Starter,SaaS,8,272,0,0.628,0.302,58.0,3,1,44.0,2.7,108,97.25,0
ACC-03674,Starter,E-commerce,9,856,11,0.312,0.225,68.0,4,2,43.0,2.8,33,156.9,1
ACC-03675,Growth,FinTech,26,118,9,0.588,0.427,,1,0,87.0,4.8,329,1540.38,0
ACC-03676,Enterprise,SaaS,36,823,23,1.0,0.695,494.0,3,1,35.0,3.9,228,4481.77,0
ACC-03677,Starter,SaaS,4,150,4,0.442,,22.0,0,0,44.0,4.7,316,94.29,0
ACC-03678,Growth,E-commerce,34,385,22,0.496,0.599,281.0,1,0,,4.6,42,1808.44,0
ACC-03679,Starter,SaaS,7,136,6,0.702,0.409,23.0,0,0,21.0,3.1,220,163.04,0
ACC-03680,Starter,E-commerce,3,879,16,0.564,0.291,20.0,0,0,0.0,3.5,341,58.63,0
ACC-03681,Growth,Other,22,457,12,,0.817,0.0,0,0,28.0,4.6,395,1191.09,0
ACC-03682,Starter,FinTech,3,795,7,0.403,0.55,67.0,2,2,54.0,2.8,211,53.25,0
ACC-03683,Growth,SaaS,38,41,20,0.439,0.325,83.0,2,1,29.0,3.8,129,1372.84,0
ACC-03684,Growth,SaaS,6,49,9,0.836,0.684,0.0,1,0,42.0,3.2,327,265.29,0
ACC-03685,Starter,SaaS,1,485,7,0.323,0.023,32.0,4,1,24.0,3.1,98,10.06,1
ACC-03686,Starter,FinTech,9,51,9,0.204,0.301,77.0,1,0,34.0,3.9,65,124.65,0
ACC-03687,Starter,Healthcare,1,495,9,0.797,0.536,1.0,2,0,7.0,3.7,324,17.52,0
ACC-03688,Enterprise,FinTech,58,640,20,0.795,0.654,563.0,1,0,55.0,3.2,179,5736.32,0
ACC-03689,Growth,SaaS,31,446,13,0.218,0.669,230.0,2,0,55.0,,88,1614.0,0
ACC-03690,Starter,E-commerce,9,708,11,0.296,0.491,0.0,0,0,77.0,4.7,127,232.15,0
ACC-03691,Starter,FinTech,7,104,8,0.696,0.54,0.0,0,0,11.0,2.0,268,163.81,0
ACC-03692,Growth,E-commerce,20,234,17,0.366,0.505,115.0,3,0,88.0,2.9,113,1158.19,0
ACC-03693,Starter,Other,7,155,9,0.461,0.505,13.0,1,0,27.0,2.9,209,81.81,0
ACC-03694,Growth,FinTech,26,455,16,0.255,0.265,196.0,2,0,-13.0,4.5,74,1402.13,0
ACC-03695,Growth,E-commerce,30,365,18,0.754,0.624,296.0,3,0,66.0,4.0,143,1599.85,0
ACC-03696,Growth,Healthcare,36,491,12,0.647,0.304,196.0,1,0,66.0,3.6,279,1226.42,0
ACC-03697,Starter,Healthcare,3,149,12,0.55,,2273.0,2,0,26.0,2.4,40,56.37,1
ACC-03698,Starter,Healthcare,7,408,6,,0.43,0.0,3,1,11.0,5.0,33,121.54,0
ACC-03699,Starter,Healthcare,6,691,1,0.418,0.302,25.0,4,1,-31.0,,64,65.37,1
ACC-03700,Growth,E-commerce,16,75,12,0.684,0.767,168.0,2,1,3.0,2.7,218,820.27,0
ACC-03701,Enterprise,E-commerce,144,711,17,0.977,0.767,1030.0,2,0,16.0,1.3,335,13504.42,0
ACC-03702,Starter,Healthcare,6,207,9,0.585,0.304,0.0,2,0,56.0,3.0,376,139.19,0
ACC-03703,Growth,Healthcare,7,783,12,0.5,0.509,167.0,0,0,45.0,3.3,3,250.08,0
ACC-03704,Growth,E-commerce,19,735,14,0.487,0.535,19.0,0,0,42.0,3.4,173,632.8,0
ACC-03705,Starter,FinTech,2,410,12,0.705,0.102,29.0,4,0,26.0,4.2,222,34.45,0
ACC-03706,Starter,Healthcare,4,78,14,0.576,0.279,,3,2,37.0,,222,56.06,0
ACC-03707,Starter,SaaS,5,355,8,0.484,0.428,35.0,1,0,55.0,4.1,73,120.82,0
ACC-03708,Growth,SaaS,601,565,18,0.52,0.389,158.0,1,0,52.0,2.8,189,1405.75,0
ACC-03709,Growth,FinTech,16,314,12,0.705,0.613,114.0,0,0,,4.4,318,851.08,0
ACC-03710,Growth,SaaS,39,575,6,0.819,0.634,107.0,1,0,63.0,,174,1570.88,0
ACC-03711,Enterprise,E-commerce,77,743,15,0.964,0.619,184.0,0,0,7.0,3.4,324,6872.08,0
ACC-03712,Growth,SaaS,9,861,12,0.594,0.615,140.0,0,0,10.0,2.7,218,236.77,0
ACC-03713,Enterprise,E-commerce,45,366,24,,0.639,615.0,1,0,58.0,,202,5889.62,0
ACC-03714,Growth,E-commerce,38,888,12,0.593,0.346,0.0,0,0,25.0,4.3,63,1737.68,0
ACC-03715,Enterprise,SaaS,186,234,25,0.897,0.818,240.0,3,1,,4.3,119,12566.38,0
ACC-03716,Enterprise,SaaS,81,851,28,0.938,0.83,789.0,2,1,19.0,3.3,143,9579.91,0
ACC-03717,Growth,E-commerce,38,140,9,0.722,0.524,19.0,0,0,23.0,4.3,50,2167.71,0
ACC-03718,Enterprise,Healthcare,142,493,30,0.68,0.535,524.0,0,0,21.0,1.9,114,19262.82,0
ACC-03719,Enterprise,FinTech,162,610,13,0.849,0.666,7.0,1,0,77.0,3.5,59,14237.48,0
ACC-03720,Growth,SaaS,9,51,21,0.911,0.588,180.0,1,0,40.0,4.8,32,416.5,0
ACC-03721,Growth,FinTech,36,407,13,0.619,,301.0,0,0,46.0,3.8,189,1849.11,0
ACC-03722,Growth,SaaS,27,259,12,0.559,0.563,123.0,0,0,0.0,2.9,299,728.4,0
ACC-03723,Enterprise,SaaS,66,736,20,0.711,0.839,,2,0,17.0,2.1,84,4268.0,0
ACC-03724,Growth,Other,34,435,9,,0.846,17.0,0,0,17.0,3.1,221,1098.82,0
ACC-03725,Enterprise,SaaS,89,106,27,0.648,0.465,454.0,2,1,48.0,3.4,33,11088.63,0
ACC-03726,Growth,SaaS,32,48,10,0.555,0.46,213.0,1,0,18.0,4.1,108,1280.12,0
ACC-03727,Enterprise,Other,83,34,17,0.911,1.0,398.0,0,0,50.0,4.1,285,8185.09,0
ACC-03728,Starter,E-commerce,9,46,1,0.816,0.362,11.0,0,0,-5.0,4.2,93,156.14,0
ACC-03729,Growth,FinTech,20,443,10,0.494,0.828,55.0,1,0,11.0,3.9,193,644.5,0
ACC-03730,Growth,E-commerce,20,301,10,0.519,0.497,296.0,1,1,-1.0,4.2,65,749.06,0
ACC-03731,Enterprise,Other,186,198,17,0.484,0.743,550.0,0,0,36.0,4.6,31,17586.26,0
ACC-03732,Enterprise,SaaS,129,357,19,0.603,0.775,714.0,2,0,10.0,,79,16674.67,0
ACC-03733,Growth,SaaS,36,401,8,0.786,0.538,89.0,0,0,32.0,3.9,91,1084.17,0
ACC-03734,Growth,Other,10,528,20,0.235,0.275,8.0,2,0,0.0,3.7,31,471.6,0
ACC-03735,Starter,Healthcare,3,455,6,0.417,0.123,17.0,2,0,-3.0,3.9,46,31.67,0
ACC-03736,Enterprise,Other,84,840,22,0.626,0.698,,0,0,19.0,3.7,23,5413.57,0
ACC-03737,Starter,FinTech,2,345,11,0.376,0.33,86.0,3,2,76.0,3.4,324,29.88,0
ACC-03738,Growth,Other,38,360,22,0.406,,100.0,2,0,0.0,5.0,80,1847.74,0
ACC-03739,Growth,FinTech,17,379,17,0.587,,300.0,2,0,31.0,,281,861.93,0
ACC-03740,Growth,Healthcare,27,56,12,0.517,0.49,218.0,1,0,47.0,3.5,129,1159.38,0
ACC-03741,Starter,Other,3,677,2,0.113,0.284,63.0,1,1,41.0,2.9,190,65.61,1
ACC-03742,Starter,SaaS,4,492,9,0.41,0.223,28.0,0,0,16.0,5.0,164,109.84,0
ACC-03743,Enterprise,SaaS,93,367,25,0.738,0.605,1147.0,2,1,11.0,4.1,262,8321.35,0
ACC-03744,Growth,E-commerce,13,331,14,0.807,0.317,132.0,5,1,37.0,4.8,209,680.91,0
ACC-03745,Starter,Other,2,473,7,0.358,0.163,68.0,7,0,64.0,5.0,302,52.03,0
ACC-03746,Growth,SaaS,18,812,14,0.689,0.293,124.0,1,1,26.0,,222,1013.73,0
ACC-03747,Starter,Other,4,366,0,0.333,0.467,20.0,3,1,45.0,,231,47.35,1
ACC-03748,Enterprise,FinTech,99,396,21,0.462,0.755,,3,0,36.0,4.9,357,12806.4,0
ACC-03749,Starter,FinTech,1,132,10,0.492,0.514,46.0,2,0,76.0,3.5,52,26.34,0
ACC-03750,Starter,FinTech,1,299,7,0.732,0.311,57.0,2,1,10.0,3.4,245,48914.568578057275,0
ACC-03751,Starter,Other,567,677,12,0.469,0.257,50.0,2,0,64.0,3.9,101,33.63,0
ACC-03752,Growth,SaaS,11,655,18,0.629,0.265,102.0,2,0,10.0,3.5,273,651.17,0
ACC-03753,Growth,E-commerce,35,727,11,0.388,0.55,210.0,2,0,29.0,3.2,97,2045.15,0
ACC-03754,Growth,SaaS,9,451,15,0.782,0.376,353.0,2,0,,,165,414.39,0
ACC-03755,Growth,Other,8,811,13,0.563,0.423,300.0,1,1,,4.0,97,50133.248818368374,0
ACC-03756,Starter,Healthcare,6,505,0,0.345,0.415,16.0,2,0,5.0,3.9,217,93.2,0
ACC-03757,Starter,SaaS,3,129,6,0.307,0.02,,3,2,38.0,3.0,54,63.31,1
ACC-03758,Starter,FinTech,2,148,2,0.341,0.399,55.0,2,0,64.0,3.3,106,35.93,0
ACC-03759,Enterprise,FinTech,37,453,21,0.787,0.794,168.0,3,0,51.0,3.4,235,3280.0,0
ACC-03760,Starter,FinTech,6,346,10,,,63.0,4,1,,2.6,322,150.87,1
ACC-03761,Enterprise,Healthcare,130,109,19,1.0,0.698,771.0,1,0,31.0,3.8,67,8639.0,0
ACC-03762,Starter,E-commerce,2,55,3,0.494,0.337,,3,0,49.0,3.0,370,43.66,1
ACC-03763,Starter,FinTech,7,562,8,0.493,0.245,35.0,2,1,31.0,5.0,187,90.52,0
ACC-03764,Starter,Healthcare,3,682,18,0.43,0.231,34.0,1,0,8.0,3.9,384,55.56,0
ACC-03765,Starter,FinTech,3,208,0,0.326,0.02,78.0,0,0,41.0,4.0,297,38.93,0
ACC-03766,Growth,SaaS,24,231,14,0.729,0.537,,1,0,87.0,4.3,370,1337.78,0
ACC-03767,Growth,SaaS,28,487,11,0.486,0.604,9.0,2,0,39.0,2.8,279,1475.35,0
ACC-03768,Starter,FinTech,5,120,5,0.369,0.33,37.0,1,0,-6.0,,336,82.72,0
ACC-03769,Growth,E-commerce,13,756,13,0.804,0.583,185.0,4,1,6.0,3.4,286,561.62,0
ACC-03770,Growth,SaaS,28,536,11,0.304,0.358,141.0,2,0,62.0,4.1,346,1081.5,0
ACC-03771,Enterprise,E-commerce,96,334,23,0.277,0.705,217.0,1,0,49.0,,45,9799.18,0
ACC-03772,Enterprise,SaaS,138,527,19,0.684,0.51,1004.0,1,1,47.0,3.3,317,14568.84,0
ACC-03773,Growth,Healthcare,24,158,3,0.971,0.473,85.0,1,1,50.0,2.6,242,43142.052607270554,0
ACC-03774,Enterprise,SaaS,91,293,26,0.599,0.728,659.0,1,0,79.0,1.9,240,12530.45,0
ACC-03775,Growth,FinTech,36,485,18,0.501,0.622,239.0,1,1,53.0,4.7,103,1966.05,0
ACC-03776,Growth,SaaS,28,866,10,0.574,0.746,211.0,1,0,31.0,3.4,17,1425.49,0
ACC-03777,Growth,FinTech,18,761,13,0.449,0.509,200.0,1,0,32.0,3.8,90,1000.92,0
ACC-03778,Starter,SaaS,3,577,12,0.561,0.291,11.0,2,0,48.0,3.7,97,64.32,0
ACC-03779,Growth,FinTech,16,311,18,0.213,0.804,60.0,0,0,-14.0,,144,768.19,0
ACC-03780,Enterprise,Healthcare,85,834,26,0.82,0.748,767.0,1,1,89.0,3.0,271,5259.87,0
ACC-03781,Starter,SaaS,3,128,9,0.53,0.371,,0,0,30.0,4.1,337,67.41,0
ACC-03782,Enterprise,Healthcare,132,280,23,0.835,0.808,916.0,0,0,,4.5,174,12627.54,0
ACC-03783,Enterprise,E-commerce,147,394,26,0.908,0.8,383.0,2,1,37.0,3.7,66,14399.68,0
ACC-03784,Starter,E-commerce,7,502,5,0.406,0.263,30.0,1,0,23.0,2.8,278,90.32,0
ACC-03785,Growth,E-commerce,10,611,15,0.831,0.524,213.0,2,0,88.0,4.4,167,596.28,0
ACC-03786,Enterprise,FinTech,22,380,10,0.714,0.638,226.0,3,0,39.0,,383,2844.93,0
ACC-03787,Enterprise,Healthcare,78,849,13,0.59,0.676,381.0,2,0,46.0,3.9,160,8351.39,0
ACC-03788,Starter,Healthcare,5,380,9,0.648,0.251,31.0,0,0,56.0,3.4,369,93.93,0
ACC-03789,Starter,Healthcare,9,571,10,0.148,0.393,0.0,2,1,23.0,2.8,200,211.36,0
ACC-03790,Growth,SaaS,20,56,11,0.586,0.588,5.0,2,0,36.0,3.6,89,539.23,0
ACC-03791,Starter,E-commerce,4,153,4,0.438,0.262,52.0,0,0,45.0,4.2,101,87.98,1
ACC-03792,Starter,SaaS,8,208,5,0.442,,53.0,1,0,52.0,3.1,214,209.83,0
ACC-03793,Starter,FinTech,2,14,8,0.57,0.23,33.0,0,0,9.0,,98,37.36,0
ACC-03794,Starter,SaaS,7,784,0,0.383,0.423,33.0,0,0,19.0,3.1,218,80.84,0
ACC-03795,Growth,SaaS,27,567,15,1.0,0.269,5.0,4,0,-33.0,3.5,336,1411.11,0
ACC-03796,Growth,E-commerce,5,766,13,0.399,0.703,268.0,2,1,23.0,5.0,54,74144.23845022448,0
ACC-03797,Growth,Other,27,308,14,0.561,0.421,225.0,1,0,42.0,2.6,122,1000.92,0
ACC-03798,Growth,SaaS,31,107,12,0.373,0.339,273.0,2,0,63.0,4.0,218,1580.87,0
ACC-03799,Starter,E-commerce,6,304,1,0.424,0.189,12.0,1,0,54.0,3.8,337,108.43,0
ACC-03800,Starter,E-commerce,3,30,2,0.407,0.167,15.0,2,2,18.0,3.6,298,35.38,0
ACC-03801,Starter,Other,9,282,14,0.522,0.565,0.0,2,0,,4.0,179,176.21,0
ACC-03802,Starter,E-commerce,3,104,4,0.091,0.216,0.0,0,0,59.0,4.0,226,42.83,1
ACC-03803,Starter,SaaS,3,203,11,0.508,0.409,42.0,1,1,29.0,3.8,55,65.55,0
ACC-03804,Starter,SaaS,4,579,2,0.374,0.375,31.0,4,2,32.0,3.3,252,65.77,0
ACC-03805,Starter,E-commerce,7,866,7,0.594,0.153,53.0,2,1,71.0,4.2,354,187.48,0
ACC-03806,Starter,SaaS,9,226,5,0.357,0.379,85.0,2,1,57.0,3.0,250,110.12,1
ACC-03807,Growth,Other,25,884,12,0.675,0.563,224.0,2,0,14.0,3.7,398,972.63,0
ACC-03808,Growth,Other,29,689,11,0.764,0.734,119.0,2,0,,4.0,81,1088.37,0
ACC-03809,Enterprise,Other,26,120,26,0.664,0.765,679.0,2,0,80.0,2.8,170,3281.92,0
ACC-03810,Growth,FinTech,16,19,22,0.666,0.535,83.0,0,0,47.0,3.8,396,889.64,0
ACC-03811,Growth,Healthcare,12,114,14,0.523,0.394,157.0,0,0,69.0,2.7,165,464.18,0
ACC-03812,Starter,E-commerce,9,648,5,0.94,0.199,67.0,1,0,9.0,4.0,363,158.22,0
ACC-03813,Growth,SaaS,18,608,7,0.646,,273.0,1,0,50.0,3.5,87,1019.6,0
ACC-03814,Starter,SaaS,6,799,1,0.383,0.416,59.0,1,0,54.0,4.4,375,87.3,0
ACC-03815,Growth,SaaS,15,479,20,0.42,0.619,0.0,1,0,69.0,3.5,12,715.19,0
ACC-03816,Starter,FinTech,1,53,0,0.395,0.289,2.0,0,0,70.0,3.1,182,45.03,1
ACC-03817,Growth,Other,15,899,11,0.472,0.496,107.0,2,0,28.0,3.2,60,883.91,0
ACC-03818,Starter,Other,9,782,8,0.318,0.37,35.0,0,0,46.0,3.8,170,116.23,0
ACC-03819,Growth,FinTech,13,648,1,0.296,0.252,257.0,2,0,32.0,3.2,308,667.09,0
ACC-03820,Enterprise,E-commerce,20,827,14,0.67,0.89,389.0,0,0,54.0,4.0,120,1287.16,0
ACC-03821,Growth,SaaS,8,261,7,0.581,0.463,130.0,2,1,1.0,5.0,106,415.6,0
ACC-03822,Growth,SaaS,1,488,10,,0.527,50.0,1,0,-11.0,2.7,42,784.97,0
ACC-03823,Growth,SaaS,8,485,14,0.604,0.475,183.0,2,0,45.0,3.6,379,200.81,0
ACC-03824,Starter,E-commerce,4,266,12,0.229,0.326,28.0,2,0,38.0,4.0,373,84.0,0
ACC-03825,Growth,E-commerce,38,896,10,0.76,0.725,164.0,2,0,45.0,2.9,56,1164.86,0
ACC-03826,Growth,Healthcare,31,512,11,0.511,,166.0,2,1,30.0,4.2,23,1371.0,0
ACC-03827,Starter,Other,3,828,6,0.619,0.02,33.0,0,0,65.0,2.1,287,42.89,0
ACC-03828,Starter,SaaS,8,289,3,0.292,0.233,40.0,0,0,51.0,,134,85.13,0
ACC-03829,Enterprise,Healthcare,183,452,22,0.904,0.628,1171.0,0,0,26.0,2.2,227,24162.38,0
ACC-03830,Growth,SaaS,32,840,15,0.442,0.524,152.0,1,0,34.0,3.5,7,1388.55,0
ACC-03831,Growth,FinTech,25,172,1,0.71,0.562,162.0,2,1,-8.0,3.2,128,1249.46,1
ACC-03832,Growth,E-commerce,22,495,16,,0.7,12.0,1,0,95.0,3.1,202,556.98,0
ACC-03833,Starter,SaaS,1,719,8,0.765,0.391,,1,0,31.0,3.4,51,16.25,0
ACC-03834,Growth,SaaS,38,721,14,0.593,0.412,135.0,1,0,53.0,3.6,365,1955.06,0
ACC-03835,Starter,SaaS,3,679,12,0.359,,3503.0,1,0,45.0,3.8,213,61788.660666159434,0
ACC-03836,Growth,SaaS,15,554,5,0.908,,253.0,1,1,37.0,4.0,140,563.82,0
ACC-03837,Growth,Other,9,19,7,0.459,0.24,223.0,3,0,43.0,,319,422.03,0
ACC-03838,Starter,FinTech,1,269,7,0.272,0.581,32.0,0,0,-17.0,5.0,295,12.13,0
ACC-03839,Growth,E-commerce,32,718,3,0.324,0.404,63.0,1,0,54.0,2.9,330,1230.28,0
ACC-03840,Starter,Other,9,457,6,0.124,0.16,12.0,3,0,25.0,4.7,245,174.49,0
ACC-03841,Growth,E-commerce,36,332,17,0.6,0.453,190.0,4,0,56.0,5.0,82,2148.34,0
ACC-03842,Growth,FinTech,36,793,15,0.782,0.691,131.0,0,0,54.0,5.0,161,1790.98,0
ACC-03843,Growth,Other,26,317,13,0.575,0.558,191.0,0,0,36.0,3.6,209,1163.38,0
ACC-03844,Growth,SaaS,38,353,12,0.567,0.415,266.0,1,0,,4.4,290,1699.74,1
ACC-03845,Enterprise,SaaS,171,372,18,0.599,0.599,606.0,0,0,85.0,,129,16831.08,0
ACC-03846,Growth,E-commerce,18,316,11,0.543,0.485,252.0,3,0,17.0,2.9,130,851.59,0
ACC-03847,Growth,FinTech,21,462,14,0.639,0.528,187.0,3,0,25.0,,198,916.32,0
ACC-03848,Growth,Healthcare,29,861,6,0.616,,167.0,1,0,-8.0,4.1,17,1571.18,0
ACC-03849,Starter,SaaS,2,897,14,0.35,0.223,,1,0,36.0,4.1,122,22.95,0
ACC-03850,Starter,E-commerce,1,309,4,0.625,0.434,66.0,3,1,46.0,3.6,56,14.11,0
ACC-03851,Growth,Healthcare,36,341,16,0.668,0.75,223.0,2,0,16.0,4.2,15,1943.21,0
ACC-03852,Starter,Other,6,775,7,0.482,0.208,12.0,2,0,32.0,3.8,53,68.48,0
ACC-03853,Starter,SaaS,4,523,2,0.594,,70.0,2,0,,4.8,327,61.24,0
ACC-03854,Starter,SaaS,6,171,13,0.433,0.435,69.0,1,0,46.0,1.4,25,98.7,0
ACC-03855,Growth,Other,2,500,18,,0.614,182.0,1,0,35.0,5.0,345,1194.82,0
ACC-03856,Starter,E-commerce,6,715,0,0.422,0.392,3.0,2,0,48.0,3.2,37,109.33,1
ACC-03857,Enterprise,SaaS,134,371,20,0.784,0.617,414.0,0,0,47.0,3.1,216,16673.22,0
ACC-03858,Growth,SaaS,37,559,14,0.702,0.498,237.0,0,0,-14.0,5.0,205,2173.33,0
ACC-03859,Growth,Healthcare,14,700,4,0.715,0.46,109.0,7,2,34.0,2.9,161,532.57,1
ACC-03860,Starter,E-commerce,9,120,0,0.745,,42.0,4,0,27.0,4.6,395,240.71,1
ACC-03861,Growth,E-commerce,27,877,9,0.418,0.619,194.0,1,0,70.0,5.0,32,1388.07,0
ACC-03862,Starter,Other,9,70,1,0.454,0.202,49.0,1,0,30.0,4.4,384,91.31,0
ACC-03863,Growth,SaaS,38,114,8,0.876,0.421,205.0,1,0,80.0,4.7,130,1294.07,0
ACC-03864,Starter,SaaS,5,278,1,0.376,0.425,0.0,1,1,60.0,4.4,281,53.31,0
ACC-03865,Enterprise,E-commerce,161,31,19,0.516,0.525,779.0,2,0,73.0,4.2,26,19774.59,0
ACC-03866,Starter,Other,1,596,3,0.334,0.167,24.0,3,0,19.0,2.7,278,22.27,0
ACC-03867,Growth,SaaS,28,479,18,,0.474,66.0,2,1,42.0,4.1,65,1391.29,0
ACC-03868,Starter,Healthcare,2,333,8,0.506,0.177,3.0,4,1,86.0,3.2,44,28.34,0
ACC-03869,Growth,SaaS,30,888,17,0.548,0.54,123.0,2,0,0.0,4.2,44,874.44,0
ACC-03870,Growth,SaaS,7,254,5,0.786,0.587,26.0,3,0,53.0,3.5,204,387.19,0
ACC-03871,Starter,Other,9,792,4,0.315,0.377,65.0,1,0,66.0,5.0,271,93.89,0
ACC-03872,Starter,SaaS,9,529,8,0.54,0.042,0.0,3,0,35.0,2.9,107,93.34,0
ACC-03873,Starter,SaaS,2,627,9,0.455,0.273,42.0,2,1,45.0,4.0,188,25.55,0
ACC-03874,Starter,Healthcare,4,857,4,0.674,0.335,39.0,0,0,72.0,3.7,129,54.18,0
ACC-03875,Enterprise,FinTech,49,239,18,0.789,0.643,342.0,0,0,,4.9,22,3624.76,0
ACC-03876,Starter,FinTech,1,121,5,0.553,0.366,44.0,3,0,-1.0,3.7,326,24.62,0
ACC-03877,Starter,Healthcare,1,716,6,0.886,0.342,42.0,4,2,67.0,3.0,223,15.24,0
ACC-03878,Enterprise,SaaS,45,585,30,0.884,0.78,560.0,0,0,9.0,2.8,213,5033.92,0
ACC-03879,Starter,E-commerce,8,188,8,0.288,0.506,84.0,2,1,55.0,3.3,119,81.07,1
ACC-03880,Starter,FinTech,4,822,7,0.825,0.291,15.0,2,0,-3.0,2.9,67,91.75,0
ACC-03881,Growth,SaaS,20,649,7,0.725,0.812,273.0,2,1,0.0,4.3,217,597.81,1
ACC-03882,Enterprise,Healthcare,89,493,14,0.956,,251.0,0,0,96.0,3.3,42,5114.17,0
ACC-03883,Growth,FinTech,38,131,12,0.358,0.63,249.0,1,0,60.0,2.5,205,1990.99,0
ACC-03884,Growth,Other,13,868,18,,0.521,201.0,3,1,-17.0,3.7,109,401.02,0
ACC-03885,Enterprise,Other,42,479,19,0.68,0.911,1186.0,0,0,11.0,2.1,138,4019.34,0
ACC-03886,Starter,Other,2,543,6,0.673,0.454,79.0,2,0,16.0,4.7,312,31.97,0
ACC-03887,Enterprise,FinTech,117,38,17,,0.575,276.0,1,0,27.0,,217,6886.31,0
ACC-03888,Enterprise,SaaS,87,609,12,0.971,0.423,,0,0,15.0,5.0,150,7855.21,0
ACC-03889,Enterprise,Other,55,754,22,0.685,0.635,943.0,1,0,2.0,4.5,168,5281.22,0
ACC-03890,Starter,FinTech,1,715,6,0.427,0.353,,3,2,22.0,3.6,284,14.7,0
ACC-03891,Starter,Healthcare,6,347,9,,0.381,59.0,1,0,33.0,4.6,23,157.41,0
ACC-03892,Growth,Healthcare,22,190,14,0.356,0.594,248.0,3,0,14.0,2.3,176,1314.67,0
ACC-03893,Growth,SaaS,13,406,9,0.516,0.927,168.0,0,0,61.0,3.5,87,388.35,0
ACC-03894,Growth,SaaS,33,510,14,0.622,0.38,83.0,2,0,10.0,3.6,236,1247.97,0
ACC-03895,Enterprise,E-commerce,125,252,14,0.776,0.548,,2,1,51.0,3.3,273,13412.96,1
ACC-03896,Growth,E-commerce,37,558,14,0.557,0.522,115.0,2,0,47.0,2.8,12,2172.95,0
ACC-03897,Starter,SaaS,1,833,7,0.336,0.326,23.0,3,1,25.0,3.8,285,27.43,1
ACC-03898,Starter,E-commerce,4,120,14,0.02,0.172,89.0,1,0,22.0,4.4,264,95.87,0
ACC-03899,Starter,Healthcare,6,232,3,0.443,0.259,87.0,2,1,62.0,3.8,309,81.05,0
ACC-03900,Starter,FinTech,9,417,1,0.585,,88.0,2,1,17.0,3.8,123,201.54,0
ACC-03901,Starter,SaaS,9,167,5,0.4,0.329,0.0,1,1,64.0,3.2,227,98.31,0
ACC-03902,Enterprise,Healthcare,141,696,23,0.694,0.668,712.0,1,0,38.0,3.7,33,19632.93,0
ACC-03903,Growth,Healthcare,5,67,0,,0.695,59.0,1,0,69.0,2.6,116,222.28,0
ACC-03904,Growth,Other,34,50,17,0.523,0.601,204.0,0,0,,3.2,219,1406.75,0
ACC-03905,Starter,SaaS,2,326,6,0.392,0.342,35.0,2,0,34.0,2.4,179,47371.5267577142,0
ACC-03906,Growth,Other,15,380,8,0.629,0.615,333.0,0,0,20.0,3.7,352,693.76,0
ACC-03907,Enterprise,Healthcare,127,639,18,0.878,0.736,96.0,5,1,78.0,4.6,207,7385.12,0
ACC-03908,Enterprise,Healthcare,56,143,17,0.649,0.596,318.0,4,1,42.0,3.3,335,3775.2,0
ACC-03909,Growth,FinTech,39,708,7,0.479,0.465,73.0,3,0,24.0,3.0,204,1807.52,0
ACC-03910,Enterprise,SaaS,40,169,11,0.929,0.911,360.0,1,0,10.0,3.5,329,3063.75,0
ACC-03911,Growth,E-commerce,5,854,16,0.336,0.937,221.0,1,1,15.0,3.7,390,172.36,1
ACC-03912,Growth,FinTech,34,468,10,0.464,0.277,261.0,2,0,48.0,3.4,12,1942.17,0
ACC-03913,Enterprise,FinTech,90,693,18,0.599,0.918,880.0,2,0,54.0,3.1,93,9746.91,0
ACC-03914,Starter,Other,1,40,11,0.707,0.148,87.0,1,1,79.0,2.3,208,11.82,0
ACC-03915,Starter,SaaS,4,649,7,0.299,0.542,64.0,2,2,39.0,3.7,25,79.39,0
ACC-03916,Starter,Other,2,390,0,0.518,0.542,,2,2,,4.6,200,37.5,1
ACC-03917,Growth,E-commerce,26,458,16,0.636,0.612,269.0,1,1,48.0,3.4,174,1325.04,0
ACC-03918,Growth,Healthcare,34,36,20,0.691,0.303,3327.0,0,0,50.0,3.0,71,932.71,0
ACC-03919,Growth,FinTech,34,564,15,0.454,0.456,0.0,0,0,27.0,3.6,97,1813.9,0
ACC-03920,Growth,E-commerce,29,834,9,0.534,0.446,212.0,2,1,53.0,3.1,254,1079.54,0
ACC-03921,Starter,E-commerce,6,895,0,0.184,0.297,0.0,1,1,42.0,,348,90.97,0
ACC-03922,Enterprise,Other,62,796,16,0.683,,356.0,0,0,52.0,,344,7390.3,0
ACC-03923,Starter,SaaS,1,649,7,0.499,0.325,22.0,3,1,3.0,5.0,192,23.3,0
ACC-03924,Enterprise,SaaS,94,201,26,0.637,0.699,919.0,1,0,49.0,3.8,160,9399.66,0
ACC-03925,Starter,Other,1,340,4,0.394,0.307,0.0,1,0,2.0,,307,22.51,0
ACC-03926,Growth,SaaS,21,72,10,0.946,0.341,197.0,1,1,12.0,4.0,204,948.52,0
ACC-03927,Growth,E-commerce,38,213,18,0.855,0.686,189.0,1,0,40.0,2.7,245,56864.43610714711,0
ACC-03928,Enterprise,SaaS,164,236,18,0.555,0.782,776.0,5,0,23.0,3.4,284,16263.74,0
ACC-03929,Starter,SaaS,9,604,15,0.53,0.051,18.0,1,0,24.0,2.7,268,185.46,0
ACC-03930,Enterprise,E-commerce,144,39,19,0.775,0.544,332.0,2,1,,2.3,217,17163.22,0
ACC-03931,Growth,E-commerce,11,837,18,0.574,0.557,,0,0,37.0,5.0,130,530.38,0
ACC-03932,Growth,E-commerce,23,665,15,0.715,0.73,57.0,1,0,1.0,3.1,388,942.73,1
ACC-03933,Growth,FinTech,33,609,16,0.721,0.548,,0,0,32.0,3.1,161,1772.28,0
ACC-03934,Starter,Healthcare,7,522,6,,0.216,30.0,1,0,60.0,2.8,25,92.44,1
ACC-03935,Growth,Other,33,238,12,0.553,0.322,127.0,1,0,44.0,3.3,375,1926.6,0
ACC-03936,Starter,SaaS,1,495,9,0.447,0.402,13.0,2,0,89.0,3.9,183,18.87,1
ACC-03937,Starter,FinTech,9,578,11,0.651,0.24,15.0,1,1,50.0,2.8,312,219.31,0
ACC-03938,Growth,FinTech,20,768,15,0.606,0.569,2451.0,1,0,77.0,,111,973.95,0
ACC-03939,Growth,Healthcare,33,619,5,,0.508,227.0,2,0,5.0,3.4,76,1490.39,0
ACC-03940,Starter,FinTech,2,731,8,0.612,0.492,78.0,0,0,36.0,2.0,303,27.28,0
ACC-03941,Starter,E-commerce,1,418,4,0.295,0.428,57.0,1,0,10.0,4.4,293,22.45,0
ACC-03942,Starter,FinTech,9,376,5,0.524,0.216,35.0,4,1,18.0,4.4,204,147.85,1
ACC-03943,Starter,E-commerce,8,705,9,0.361,0.475,98.0,1,0,81.0,3.5,273,91.21,0
ACC-03944,Growth,Healthcare,34,554,21,0.571,0.532,200.0,0,0,-7.0,4.3,8,1736.7,0
ACC-03945,Starter,E-commerce,4,363,6,0.582,,50.0,1,0,62.0,4.6,245,62.27,0
ACC-03946,Enterprise,FinTech,134,405,29,0.769,0.566,620.0,1,0,50.0,2.3,304,17046.11,0
ACC-03947,Starter,SaaS,3,507,2,0.381,0.422,34.0,1,0,55.0,1.0,4,67.93,0
ACC-03948,Starter,E-commerce,7,566,13,1.0,0.1,56.0,0,0,30.0,4.0,329,157.61,0
ACC-03949,Enterprise,SaaS,144,333,22,0.693,0.72,597.0,3,0,73.0,3.3,134,11885.29,0
ACC-03950,Starter,Other,2,148,8,0.32,0.265,8.0,0,0,,3.0,340,35.03,0
ACC-03951,Growth,FinTech,14,809,19,0.854,0.551,53.0,1,0,53.0,,292,378.54,0
ACC-03952,Enterprise,SaaS,140,279,17,0.822,0.849,641.0,0,0,-13.0,4.7,39,15069.43,0
ACC-03953,Enterprise,SaaS,55,157,26,0.875,0.896,,0,0,9.0,4.8,90,4658.24,0
ACC-03954,Growth,E-commerce,24,237,12,0.586,0.505,188.0,2,0,27.0,3.6,398,1414.66,0
ACC-03955,Starter,Other,7,783,4,0.536,0.576,100.0,2,0,52.0,4.8,141,79.71,0
ACC-03956,Growth,FinTech,31,162,7,0.701,0.746,50.0,0,0,6.0,3.0,189,1254.16,0
ACC-03957,Enterprise,SaaS,87,631,27,0.83,0.711,625.0,0,0,-6.0,2.8,125,9419.29,0
ACC-03958,Enterprise,FinTech,75,380,25,1.0,0.696,295.0,2,1,39.0,3.5,157,6469.88,0
ACC-03959,Starter,Other,1,552,5,0.239,0.542,0.0,0,0,12.0,3.6,214,15.02,0
ACC-03960,Starter,Other,4,657,9,0.629,0.303,4.0,3,0,43.0,4.4,35,104.95,0
ACC-03961,Starter,SaaS,9,211,8,0.312,0.268,49.0,2,0,,4.0,318,111.14,0
ACC-03962,Starter,E-commerce,2,364,5,0.203,0.058,0.0,1,0,51.0,2.7,134,27.22,0
ACC-03963,Growth,Healthcare,35,714,17,0.56,0.555,182.0,1,0,-1.0,3.4,357,1432.55,0
ACC-03964,Starter,Healthcare,5,884,4,0.675,0.307,60.0,3,0,22.0,3.8,219,103.37,1
ACC-03965,Starter,FinTech,7,769,0,0.493,0.257,32.0,1,0,28.0,4.0,294,86.42,0
ACC-03966,Starter,Healthcare,7,281,8,0.281,0.275,21.0,3,1,60.0,3.0,271,143.14,0
ACC-03967,Growth,E-commerce,5,224,13,0.66,0.497,89.0,0,0,23.0,4.3,385,134.41,1
ACC-03968,Starter,SaaS,5,854,4,0.332,0.572,86.0,1,1,37.0,3.8,13,115.77,0
ACC-03969,Growth,SaaS,8,622,9,0.584,0.69,174.0,3,0,10.0,2.4,139,223.64,0
ACC-03970,Starter,FinTech,6,185,0,0.579,0.241,0.0,1,1,50.0,3.5,255,134.03,0
ACC-03971,Enterprise,SaaS,58,587,18,0.887,0.663,636.0,3,1,53.0,3.9,97,3611.23,0
ACC-03972,Starter,FinTech,4,298,3,0.449,0.286,22.0,3,1,33.0,4.0,340,100.11,0
ACC-03973,Growth,Healthcare,30,152,17,0.674,0.752,230.0,1,0,21.0,4.7,69,919.64,0
ACC-03974,Starter,Other,8,159,9,0.57,0.296,6.0,1,0,22.0,4.3,27,175.16,0
ACC-03975,Starter,SaaS,7,349,5,0.516,0.451,21.0,2,0,29.0,5.0,197,191.8,0
ACC-03976,Starter,SaaS,6,224,9,0.119,0.685,41.0,1,0,,,65,149.91,0
ACC-03977,Starter,E-commerce,5,709,7,0.129,0.566,37.0,2,0,28.0,3.2,198,102.64,0
ACC-03978,Starter,FinTech,6,153,6,0.39,0.298,87.0,1,0,66.0,3.1,69,70.5,1
ACC-03979,Growth,SaaS,24,179,13,0.639,0.582,91.0,3,0,33.0,3.8,133,752.55,0
ACC-03980,Growth,Healthcare,7,567,21,0.614,0.542,235.0,1,0,9.0,4.7,378,233.4,0
ACC-03981,Starter,SaaS,2,398,10,0.587,0.338,0.0,1,0,80.0,2.2,342,20.1,0
ACC-03982,Growth,SaaS,26,191,12,0.803,0.448,292.0,4,2,20.0,4.5,171,821.18,0
ACC-03983,Growth,Healthcare,28,75,17,0.463,0.36,,2,2,14.0,4.2,291,1167.74,0
ACC-03984,Starter,E-commerce,1,89,11,0.32,0.247,80.0,4,2,27.0,3.4,395,20.38,0
ACC-03985,Starter,FinTech,9,272,8,0.389,0.329,82.0,3,0,66.0,3.9,291,180.09,1
ACC-03986,Starter,Healthcare,7,250,6,0.194,0.361,23.0,3,0,60.0,3.2,389,81.1,0
ACC-03987,Starter,Other,2,528,5,0.388,0.155,25.0,2,1,50.0,4.3,367,40.9,0
ACC-03988,Growth,SaaS,18,615,8,0.579,0.619,163.0,3,1,47.0,3.3,328,810.4,0
ACC-03989,Enterprise,E-commerce,187,160,21,0.763,0.589,615.0,0,0,45.0,3.8,115,22859.31,0
ACC-03990,Enterprise,SaaS,37,393,17,0.512,0.844,110.0,0,0,44.0,,123,2779.65,0
ACC-03991,Enterprise,FinTech,89,427,18,0.738,0.69,985.0,7,0,48.0,,258,12113.22,0
ACC-03992,Growth,FinTech,31,152,16,0.712,0.39,205.0,0,0,27.0,3.7,322,955.46,0
ACC-03993,Starter,FinTech,2,446,15,0.341,0.322,25.0,3,0,16.0,3.2,216,42.65,0
ACC-03994,Starter,SaaS,5,70,9,0.02,0.23,26.0,1,0,56.0,2.6,29,121.57,1
ACC-03995,Starter,Healthcare,8,290,7,0.313,0.34,18.0,4,0,,3.9,98,136.34,1
ACC-03996,Starter,FinTech,8,660,7,0.585,0.383,42.0,2,0,37.0,2.2,328,212.7,0
ACC-03997,Starter,Other,3,230,12,0.529,0.208,57.0,3,0,,4.0,41,37.7,0
ACC-03998,Growth,FinTech,19,637,15,0.758,0.7,286.0,1,1,17.0,2.4,200,712.04,0
ACC-03999,Starter,Healthcare,1,108,8,0.583,0.054,35.0,1,0,52.0,3.4,259,17.37,0
ACC-04000,Starter,E-commerce,2,422,8,0.365,0.498,55.0,1,0,44.0,3.9,78,26.99,0
ACC-04001,Growth,FinTech,14,813,7,0.858,0.613,123.0,2,0,67.0,1.7,69,775.27,0
ACC-04002,Starter,Healthcare,7,481,9,0.583,0.082,38.0,0,0,27.0,4.7,180,170.48,0
ACC-04003,Enterprise,Healthcare,72,737,16,0.925,0.841,606.0,5,1,49.0,3.4,204,5151.17,0
ACC-04004,Starter,FinTech,9,227,9,0.635,,54.0,0,0,17.0,4.1,328,91.03,0
ACC-04005,Growth,FinTech,24,178,10,0.571,0.445,83.0,3,1,44.0,3.2,48,1268.98,0
ACC-04006,Starter,E-commerce,1,444,10,0.347,0.438,55.0,2,1,,4.7,167,26.41,0
ACC-04007,Growth,E-commerce,2,233,12,0.361,0.826,212.0,2,0,17.0,4.3,240,234.59,0
ACC-04008,Starter,FinTech,3,659,2,0.539,0.297,24.0,3,0,47.0,2.9,205,72.17,0
ACC-04009,Starter,Healthcare,8,325,6,0.41,0.307,0.0,1,0,-5.0,4.1,219,150.27,0
ACC-04010,Growth,FinTech,18,697,23,0.809,0.852,193.0,0,0,66.0,4.2,193,1012.92,0
ACC-04011,Starter,FinTech,5,45,0,0.475,0.269,32.0,3,2,40.0,3.0,263,117.57,0
ACC-04012,Starter,E-commerce,4,315,8,0.182,0.679,76.0,2,1,25.0,4.3,12,81.74,0
ACC-04013,Enterprise,Other,173,229,15,0.761,0.759,119.0,0,0,44.0,3.4,233,22544.61,0
ACC-04014,Starter,SaaS,6,615,13,0.491,0.162,18.0,2,0,53.0,5.0,364,159.85,0
ACC-04015,Growth,SaaS,21,196,17,0.427,0.346,188.0,2,0,85.0,2.9,152,1016.39,0
ACC-04016,Growth,SaaS,10,445,14,,0.434,37.0,0,0,1.0,,74,575.31,0
ACC-04017,Starter,Healthcare,396,333,11,0.351,0.349,43.0,1,0,21.0,3.9,163,54.58,0
ACC-04018,Growth,FinTech,34,669,14,,0.447,99.0,1,0,67.0,3.8,190,1063.77,0
ACC-04019,Starter,FinTech,2,341,7,0.586,0.317,0.0,2,0,32.0,3.9,95,30.86,0
ACC-04020,Growth,SaaS,21,626,10,0.211,0.637,313.0,2,0,,4.1,376,791.56,0
ACC-04021,Starter,Other,4,93,5,0.628,0.221,0.0,2,0,-12.0,5.0,37,88.93,0
ACC-04022,Starter,FinTech,4,678,5,0.256,0.437,52.0,1,0,48.0,4.3,252,105.33,1
ACC-04023,Starter,E-commerce,5,580,7,0.472,0.351,37.0,0,0,36.0,4.7,245,87.96,0
ACC-04024,Enterprise,SaaS,35,160,11,0.659,0.708,661.0,1,1,39.0,2.2,212,2363.58,0
ACC-04025,Growth,SaaS,22,110,18,0.227,0.508,115.0,0,0,42.0,4.3,283,912.68,1
ACC-04026,Enterprise,SaaS,159,299,29,0.81,0.73,774.0,1,0,10.0,,319,21355.07,0
ACC-04027,Growth,FinTech,11,889,11,,0.635,256.0,2,0,17.0,3.5,261,559.37,0
ACC-04028,Growth,FinTech,31,248,18,0.556,0.569,191.0,0,0,70.0,4.1,47,810.21,0
ACC-04029,Growth,SaaS,30,434,12,,0.506,248.0,2,0,30.0,4.8,231,1680.75,0
ACC-04030,Enterprise,FinTech,121,410,17,0.644,0.717,717.0,0,0,86.0,5.0,30,7462.46,0
ACC-04031,Growth,SaaS,22,275,11,0.459,0.171,89.0,3,0,65.0,2.9,84,720.1,0
ACC-04032,Starter,FinTech,3,425,7,0.176,0.083,84.0,0,0,40.0,3.3,226,35.3,0
ACC-04033,Growth,SaaS,23,169,10,0.383,0.718,93.0,3,1,38.0,5.0,122,610.44,0
ACC-04034,Growth,SaaS,39,605,16,0.827,0.708,,3,0,34.0,3.7,34,2240.89,0
ACC-04035,Starter,SaaS,5,155,5,0.149,0.254,,1,0,29.0,2.8,177,64.66,0
ACC-04036,Starter,Healthcare,4,518,2,0.81,0.358,0.0,1,0,30.0,2.6,55,48.49,1
ACC-04037,Starter,Other,3,295,7,0.385,0.199,50.0,1,0,95.0,4.2,111,55.27,0
ACC-04038,Enterprise,E-commerce,44,527,17,0.67,0.754,390.0,0,0,35.0,4.1,226,4036.81,0
ACC-04039,Starter,SaaS,1,499,6,0.304,0.261,21.0,3,0,66.0,4.0,311,16.66,0
ACC-04040,Enterprise,Other,72,574,20,0.698,0.71,564.0,1,0,28.0,,290,4060.56,0
ACC-04041,Growth,Other,10,550,7,0.895,0.586,54.0,1,0,-3.0,2.7,107,388.74,0
ACC-04042,Growth,FinTech,9,255,20,0.609,,,1,0,20.0,5.0,143,497.66,0
ACC-04043,Starter,SaaS,4,535,11,0.196,0.263,15.0,0,0,35.0,4.3,262,74601.32750161776,0
ACC-04044,Enterprise,Healthcare,169,214,17,0.731,0.625,714.0,2,0,33.0,3.6,314,14305.83,0
ACC-04045,Growth,Other,7,357,13,0.578,0.332,92.0,0,0,45.0,3.8,220,409.23,0
ACC-04046,Starter,Healthcare,3,204,10,0.472,0.318,25.0,3,0,30.0,4.5,48,69.7,1
ACC-04047,Starter,E-commerce,4,487,8,0.315,0.285,27.0,0,0,-7.0,5.0,347,92.54,0
ACC-04048,Starter,E-commerce,1,704,15,0.288,0.206,14.0,1,0,53.0,2.2,278,27.2,0
ACC-04049,Starter,Other,3,550,6,0.552,0.504,6.0,1,0,,4.4,98,72.04,0
ACC-04050,Growth,SaaS,31,100,18,0.454,0.644,269.0,2,0,30.0,3.7,139,1347.55,0
ACC-04051,Enterprise,SaaS,133,82,14,,0.594,15.0,2,0,42.0,3.8,141,16541.81,0
ACC-04052,Growth,Healthcare,21,294,8,0.734,0.459,112.0,2,0,57.0,3.6,176,1072.68,1
ACC-04053,Growth,SaaS,22,535,21,0.526,0.64,180.0,0,0,54.0,3.8,177,1269.66,0
ACC-04054,Growth,FinTech,13,262,11,0.623,,242.0,4,1,,4.2,315,350.85,0
ACC-04055,Enterprise,FinTech,28,895,15,,0.893,882.0,0,0,64.0,3.6,309,3619.75,0
ACC-04056,Enterprise,SaaS,81,538,20,0.815,0.564,549.0,0,0,53.0,3.7,321,9310.17,0
ACC-04057,Starter,SaaS,9,806,13,0.276,0.42,37.0,2,0,15.0,4.4,4,118.59,0
ACC-04058,Enterprise,E-commerce,85,832,17,,0.809,491.0,0,0,24.0,3.9,103,11713.34,0
ACC-04059,Starter,FinTech,7,99,7,0.643,0.277,104.0,2,0,,3.6,292,95.53,0
ACC-04060,Enterprise,E-commerce,81,792,12,0.772,0.709,500.0,0,0,83.0,3.8,268,4525.57,0
ACC-04061,Enterprise,FinTech,43,59,18,0.34,0.655,937.0,1,0,40.0,4.8,398,2551.86,0
ACC-04062,Growth,Other,24,107,17,0.502,0.608,226.0,3,0,10.0,3.0,112,822.17,0
ACC-04063,Starter,E-commerce,9,492,3,0.377,0.02,,4,0,61.0,4.3,222,103.23,0
ACC-04064,Growth,Other,18,492,7,0.499,0.24,,0,0,23.0,4.1,43,881.94,0
ACC-04065,Starter,FinTech,3,588,4,0.435,0.547,110.0,0,0,95.0,4.3,311,79.79,0
ACC-04066,Growth,SaaS,22,46,10,0.561,0.66,276.0,2,0,46.0,4.5,329,705.29,0
ACC-04067,Starter,Healthcare,4,109,10,0.355,,49.0,1,0,-12.0,3.0,88,55.21,0
ACC-04068,Growth,Healthcare,37,716,15,0.465,0.554,,2,0,32.0,4.0,240,1151.73,0
ACC-04069,Enterprise,SaaS,34,537,23,0.813,0.711,783.0,4,0,33.0,5.0,338,4268.36,0
ACC-04070,Starter,E-commerce,7,346,7,0.063,0.259,0.0,4,1,30.0,4.0,254,192.73,1
ACC-04071,Starter,E-commerce,6,175,4,0.347,0.446,72.0,1,0,59.0,4.0,141,138.26,0
ACC-04072,Growth,SaaS,13,204,10,0.572,0.455,331.0,2,2,50.0,3.8,272,680.04,0
ACC-04073,Starter,E-commerce,3,285,9,0.542,,0.0,5,0,67.0,2.9,220,32.24,0
ACC-04074,Starter,SaaS,4,442,14,0.298,0.387,71.0,5,0,51.0,2.8,323,63.05,0
ACC-04075,Starter,SaaS,8,735,3,0.53,0.656,29.0,0,0,,3.3,393,201.24,0
ACC-04076,Starter,Other,4,399,2,0.426,0.427,63.0,0,0,7.0,4.5,333,83.66,0
ACC-04077,Growth,FinTech,2,401,8,0.298,0.297,201.0,3,0,44.0,5.0,279,386.62,0
ACC-04078,Growth,Healthcare,15,849,17,0.474,0.359,128.0,1,0,52.0,3.0,53,775.2,0
ACC-04079,Starter,Healthcare,2,96,7,0.485,0.39,0.0,4,0,48.0,1.6,106,36.64,0
ACC-04080,Growth,Other,30,43,15,0.46,0.361,81.0,1,0,50.0,3.3,3,1014.69,0
ACC-04081,Starter,FinTech,1,893,5,0.718,0.471,0.0,2,1,-2.0,5.0,200,19.92,0
ACC-04082,Starter,FinTech,8,855,10,0.547,0.36,7.0,6,0,45.0,5.0,189,195.22,1
ACC-04083,Growth,FinTech,6,371,12,,0.607,171.0,1,1,26.0,3.0,127,257.75,1
ACC-04084,Starter,E-commerce,1,221,0,0.458,0.423,12.0,2,0,52.0,3.2,234,11.61,0
ACC-04085,Growth,FinTech,9,122,17,0.197,0.612,180.0,2,1,64.0,3.8,257,491.9,0
ACC-04086,Enterprise,Healthcare,129,142,20,0.811,0.528,329.0,1,0,,4.3,89,11364.36,0
ACC-04087,Growth,FinTech,24,804,12,0.647,0.71,61.0,0,0,32.0,4.0,399,816.03,0
ACC-04088,Growth,SaaS,21,671,14,0.366,0.52,243.0,2,0,17.0,4.8,41,1169.26,0
ACC-04089,Starter,Other,8,762,1,0.527,0.539,2.0,1,0,38.0,4.3,165,99.25,0
ACC-04090,Starter,Healthcare,4,477,9,0.552,0.598,71.0,4,0,34.0,5.0,62,53.61,0
ACC-04091,Starter,FinTech,8,596,4,0.29,0.281,35.0,0,0,60.0,4.0,250,109.91,1
ACC-04092,Growth,Healthcare,28,807,12,0.697,0.281,238.0,3,2,61.0,4.7,346,935.05,0
ACC-04093,Enterprise,FinTech,119,330,25,0.658,0.911,614.0,0,0,55.0,3.4,376,14774.24,0
ACC-04094,Starter,Healthcare,8,494,10,0.405,0.284,73.0,3,1,28.0,3.7,88,182.79,0
ACC-04095,Starter,FinTech,9,269,6,,0.272,44.0,1,0,60.0,3.9,290,142.27,0
ACC-04096,Starter,E-commerce,2,461,7,0.324,0.158,12.0,6,2,48.0,3.9,212,44.11,1
ACC-04097,Growth,SaaS,18,202,1,0.74,0.559,345.0,1,0,-1.0,2.5,88,931.07,0
ACC-04098,Growth,SaaS,32,196,9,0.913,0.622,282.0,1,0,11.0,2.4,184,1641.48,0
ACC-04099,Growth,Healthcare,25,330,14,0.732,0.365,162.0,1,0,9.0,4.3,188,835.55,0
ACC-04100,Enterprise,FinTech,136,855,17,,0.812,806.0,1,0,23.0,5.0,323,9124.57,0
ACC-04101,Starter,SaaS,2,254,1,0.364,0.168,82.0,3,0,57.0,4.7,350,53.78,1
ACC-04102,Growth,SaaS,6,602,15,0.412,0.676,16.0,2,0,70.0,4.5,180,247.05,0
ACC-04103,Growth,FinTech,29,520,19,0.774,0.35,252.0,0,0,31.0,4.1,108,971.2,0
ACC-04104,Starter,Healthcare,6,546,4,0.381,0.283,0.0,0,0,36.0,3.7,78,61.76,0
ACC-04105,Enterprise,FinTech,150,129,24,0.931,0.742,1133.0,1,0,24.0,3.5,305,10877.13,0
ACC-04106,Starter,Healthcare,8,713,10,0.384,0.556,79.0,1,0,43.0,3.8,133,129.94,0
ACC-04107,Growth,Other,39,709,9,0.573,0.416,282.0,2,1,22.0,3.7,41,2044.04,0
ACC-04108,Growth,FinTech,10,103,10,0.506,0.694,199.0,1,0,45.0,3.0,289,274.16,0
ACC-04109,Enterprise,Healthcare,194,363,28,0.615,0.548,407.0,0,0,68.0,5.0,139,21549.87,0
ACC-04110,Growth,SaaS,39,781,8,0.495,0.574,128.0,0,0,33.0,4.0,288,1405.26,0
ACC-04111,Starter,FinTech,4,224,4,0.472,0.437,12.0,0,0,28.0,3.1,45,66.09,0
ACC-04112,Enterprise,SaaS,89,457,29,0.827,0.634,654.0,7,2,36.0,3.7,144,6108.41,0
ACC-04113,Growth,SaaS,7,747,10,0.512,0.646,208.0,0,0,28.0,3.0,220,412.11,0
ACC-04114,Growth,SaaS,9,724,19,0.629,0.62,70.0,2,2,45.0,4.5,339,342.34,0
ACC-04115,Growth,SaaS,26,357,8,0.493,0.548,208.0,2,0,60.0,4.4,348,694.7,0
ACC-04116,Starter,Healthcare,9,645,8,0.752,0.401,26.0,0,0,10.0,3.3,331,246.0,0
ACC-04117,Growth,E-commerce,13,838,18,0.863,0.735,167.0,3,0,5.0,3.2,54,554.1,0
ACC-04118,Enterprise,Other,22,413,18,0.737,0.925,619.0,2,0,21.0,2.7,217,1561.8,0
ACC-04119,Starter,E-commerce,6,877,7,0.573,0.168,17.0,4,0,49.0,4.1,232,88.19,0
ACC-04120,Growth,E-commerce,13,695,16,0.395,0.529,,3,0,52.0,4.0,244,381.59,0
ACC-04121,Enterprise,SaaS,153,587,16,0.418,0.728,754.0,0,0,81.0,4.1,26,15821.42,0
ACC-04122,Growth,E-commerce,23,652,23,0.64,0.23,130.0,2,1,54.0,2.7,130,967.43,0
ACC-04123,Enterprise,FinTech,190,180,25,0.621,0.71,725.0,4,1,34.0,3.2,371,10730.11,0
ACC-04124,Starter,Other,1,17,5,0.387,0.631,43.0,0,0,10.0,4.2,204,17.57,0
ACC-04125,Enterprise,Other,45,747,19,0.745,0.507,923.0,2,0,,4.3,267,5931.59,0
ACC-04126,Starter,SaaS,664,642,16,0.506,0.155,26.0,0,0,42.0,3.5,200,11.39,0
ACC-04127,Growth,E-commerce,33,845,11,0.678,0.708,128.0,1,0,34.0,2.9,161,1609.96,0
ACC-04128,Growth,E-commerce,518,464,11,0.382,0.587,276.0,1,0,32.0,3.8,327,1589.02,0
ACC-04129,Growth,E-commerce,5,355,18,0.799,0.505,73.0,0,0,47.0,4.6,386,133.79,0
ACC-04130,Enterprise,SaaS,91,757,14,0.898,0.802,774.0,0,0,42.0,3.8,262,11207.01,0
ACC-04131,Growth,E-commerce,26,848,13,0.419,0.656,239.0,3,0,77.0,3.4,344,686.76,0
ACC-04132,Growth,Healthcare,6,731,13,0.744,0.462,238.0,2,0,25.0,3.3,248,299.15,0
ACC-04133,Growth,FinTech,34,746,10,0.794,0.481,215.0,5,1,,3.0,202,1891.88,0
ACC-04134,Growth,E-commerce,25,165,6,0.53,0.555,257.0,2,1,30.0,2.3,180,636.27,0
ACC-04135,Growth,SaaS,30,783,13,0.447,0.407,152.0,2,1,29.0,3.8,204,751.36,0
ACC-04136,Starter,Other,7,33,10,0.308,0.366,63.0,2,0,39.0,3.0,282,118.7,0
ACC-04137,Growth,SaaS,16,683,10,0.367,0.351,231.0,2,1,71.0,4.9,263,728.66,0
ACC-04138,Enterprise,SaaS,192,187,15,0.747,0.906,885.0,1,0,60.0,4.0,246,12689.04,0
ACC-04139,Growth,FinTech,18,50,19,0.415,0.318,428.0,1,0,10.0,4.4,187,795.85,0
ACC-04140,Growth,Healthcare,31,670,15,0.637,0.323,180.0,2,0,44.0,3.7,175,881.36,0
ACC-04141,Starter,Healthcare,8,314,5,0.358,0.312,60.0,0,0,-5.0,3.8,52,214.47,0
ACC-04142,Growth,SaaS,2,786,17,0.433,0.613,154.0,2,0,29.0,4.3,114,1317.02,0
ACC-04143,Starter,SaaS,4,264,8,0.45,0.517,20.0,2,1,,3.1,338,82.69,0
ACC-04144,Starter,Healthcare,9,634,15,,,,0,0,26.0,3.6,351,148.01,0
ACC-04145,Growth,FinTech,28,584,16,0.639,0.513,161.0,3,0,24.0,4.8,228,847.8,0
ACC-04146,Starter,SaaS,4,741,1,0.378,,0.0,1,0,85.0,4.5,212,84.88,1
ACC-04147,Starter,Other,5,776,4,0.414,0.396,0.0,1,0,49.0,2.4,300,106.82,0
ACC-04148,Growth,SaaS,20,534,10,0.45,0.529,192.0,1,0,65.0,2.3,308,1190.94,0
ACC-04149,Growth,E-commerce,38,320,14,0.721,0.687,36.0,2,0,69.0,2.8,226,1530.63,0
ACC-04150,Starter,SaaS,2,462,6,0.347,0.502,67.0,0,0,36.0,2.5,142,48.93,0
ACC-04151,Starter,Healthcare,9,547,2,0.435,0.383,45.0,0,0,62.0,4.0,46,193.68,0
ACC-04152,Growth,Healthcare,8,873,16,0.621,0.603,222.0,1,1,37.0,3.9,71,273.95,0
ACC-04153,Growth,FinTech,14,166,18,0.68,0.516,0.0,2,0,35.0,3.7,15,376.89,0
ACC-04154,Growth,E-commerce,18,85,13,0.316,0.608,278.0,0,0,48.0,4.0,207,989.78,0
ACC-04155,Growth,Other,28,425,14,0.624,0.324,220.0,2,1,62.0,4.0,193,1313.21,0
ACC-04156,Starter,Healthcare,6,387,3,0.811,0.305,8.0,0,0,35.0,4.1,306,143.47,0
ACC-04157,Enterprise,FinTech,65,812,18,0.808,0.634,960.0,0,0,55.0,4.3,365,5253.13,0
ACC-04158,Starter,FinTech,1,260,5,0.588,0.365,30.0,1,0,16.0,4.7,60,19.94,0
ACC-04159,Growth,Other,9,145,16,0.478,0.337,28.0,0,0,48.0,4.2,241,272.91,0
ACC-04160,Starter,SaaS,1,122,8,0.659,0.099,63.0,1,0,,2.8,367,23.42,0
ACC-04161,Growth,SaaS,28,806,12,0.496,0.385,165.0,1,0,43.0,4.8,72,923.81,0
ACC-04162,Starter,SaaS,7,550,5,0.649,0.27,42.0,0,0,2.0,5.0,385,78.38,0
ACC-04163,Enterprise,Healthcare,171,878,11,0.975,0.653,473.0,2,1,63.0,3.7,133,45368.075707820935,0
ACC-04164,Starter,SaaS,6,247,14,0.71,0.362,39.0,1,0,34.0,3.0,182,69.64,0
ACC-04165,Growth,FinTech,23,86,4,0.708,0.328,238.0,2,0,35.0,3.4,311,1278.13,0
ACC-04166,Starter,E-commerce,7,424,9,0.484,0.168,42.0,2,1,44.0,3.3,20,76.51,1
ACC-04167,Starter,SaaS,1,167,7,0.555,0.505,0.0,1,1,,5.0,45,20.99,0
ACC-04168,Starter,FinTech,3,135,6,0.374,0.459,21.0,0,0,27.0,2.8,136,79.18,0
ACC-04169,Growth,FinTech,16,795,13,0.501,0.694,153.0,1,0,34.0,4.6,76,645.52,0
ACC-04170,Growth,SaaS,22,359,10,0.663,0.486,236.0,1,0,13.0,5.0,114,757.82,0
ACC-04171,Enterprise,Other,182,76,23,0.701,0.538,1094.0,2,1,-5.0,4.9,45,23805.52,0
ACC-04172,Growth,SaaS,39,191,7,0.468,0.529,2055.0,1,1,25.0,3.9,346,1350.65,1
ACC-04173,Enterprise,Other,42,339,21,0.639,0.583,658.0,3,0,25.0,3.3,342,3478.34,0
ACC-04174,Starter,FinTech,9,808,4,0.259,0.534,50.0,2,0,-7.0,1.8,330,166.6,0
ACC-04175,Growth,SaaS,28,579,11,0.102,0.399,221.0,3,1,,3.9,349,1312.82,0
ACC-04176,Growth,SaaS,7,476,11,0.594,0.714,161.0,1,0,31.0,3.6,396,223.94,0
ACC-04177,Growth,E-commerce,22,530,12,0.601,,129.0,2,1,55.0,,31,891.77,0
ACC-04178,Enterprise,FinTech,115,722,22,0.704,0.746,706.0,4,0,38.0,3.6,241,7612.54,0
ACC-04179,Growth,SaaS,23,185,13,0.644,0.862,245.0,0,0,30.0,4.2,386,668.65,0
ACC-04180,Enterprise,Other,192,444,24,0.832,0.477,823.0,1,1,39.0,1.6,245,20938.41,0
ACC-04181,Growth,FinTech,11,356,18,0.744,0.539,108.0,2,1,-2.0,4.4,24,637.2,1
ACC-04182,Starter,Other,7,51,8,0.299,0.204,0.0,0,0,27.0,3.6,283,144.28,0
ACC-04183,Growth,SaaS,16,502,16,0.577,,164.0,1,0,57.0,4.0,56,563.99,0
ACC-04184,Growth,SaaS,7,629,22,0.48,0.507,100.0,2,0,93.0,2.9,44,53166.38221785658,0
ACC-04185,Enterprise,E-commerce,35,604,14,0.642,0.871,353.0,1,0,18.0,3.9,399,3889.83,0
ACC-04186,Enterprise,SaaS,47,56,25,0.855,0.775,963.0,0,0,53.0,5.0,221,6134.46,0
ACC-04187,Starter,SaaS,1,363,14,0.257,0.311,,0,0,28.0,4.7,305,62467.977751225495,0
ACC-04188,Starter,SaaS,1,364,9,0.534,0.462,44.0,2,0,53.0,2.7,27,23.6,0
ACC-04189,Starter,SaaS,1,151,16,0.343,0.441,60.0,0,0,44.0,3.6,321,23.94,0
ACC-04190,Growth,Healthcare,32,498,21,0.463,0.355,200.0,1,0,3.0,4.2,278,1220.51,0
ACC-04191,Starter,FinTech,4,484,5,0.36,0.441,14.0,2,0,39.0,4.7,361,59.64,0
ACC-04192,Growth,Other,28,704,12,0.585,0.467,249.0,0,0,43.0,3.4,269,867.19,0
ACC-04193,Growth,SaaS,32,690,15,0.635,0.639,188.0,2,0,36.0,4.7,385,1302.91,1
ACC-04194,Enterprise,FinTech,26,810,17,0.663,0.5,613.0,1,0,-2.0,3.0,204,2643.55,0
ACC-04195,Starter,FinTech,8,390,19,0.543,0.327,68.0,2,0,,3.6,23,119.92,0
ACC-04196,Growth,E-commerce,30,195,17,0.421,0.565,149.0,0,0,32.0,4.9,329,1009.15,0
ACC-04197,Starter,Other,9,493,7,,0.327,40.0,4,0,37.0,,144,112.05,0
ACC-04198,Enterprise,Healthcare,193,601,14,0.67,0.566,511.0,0,0,,2.8,57,20233.97,0
ACC-04199,Starter,SaaS,1,309,8,0.489,0.148,35.0,0,0,22.0,4.0,140,21.63,0
ACC-04200,Starter,FinTech,4,430,2,0.278,0.325,25.0,3,1,42.0,,297,103.91,0
ACC-04201,Starter,Healthcare,3,827,10,0.07,0.273,56.0,1,0,41.0,2.3,28,30.53,0
ACC-04202,Enterprise,SaaS,148,694,9,0.77,0.779,899.0,4,0,10.0,4.4,383,14788.06,0
ACC-04203,Starter,E-commerce,8,554,13,0.721,0.299,69.0,3,0,-8.0,3.9,43,161.17,0
ACC-04204,Growth,SaaS,8,846,11,0.723,0.337,117.0,0,0,35.0,2.5,198,343.59,0
ACC-04205,Growth,FinTech,36,26,5,0.552,0.485,2662.0,1,1,32.0,4.5,44,1436.85,0
ACC-04206,Growth,FinTech,24,486,13,0.719,,424.0,0,0,,3.9,337,1058.57,0
ACC-04207,Starter,FinTech,7,249,7,,0.404,32.0,1,0,45.0,4.9,322,80.6,0
ACC-04208,Starter,Other,9,268,7,0.119,0.405,27.0,0,0,46.0,4.0,201,113.18,1
ACC-04209,Growth,E-commerce,35,708,19,0.609,0.54,173.0,0,0,23.0,3.4,311,1843.16,0
ACC-04210,Starter,Other,7,721,9,0.269,0.363,12.0,1,0,69.0,3.7,63,104.79,0
ACC-04211,Growth,Healthcare,24,444,17,0.559,0.611,253.0,0,0,21.0,3.7,248,1301.07,0
ACC-04212,Starter,FinTech,6,480,6,0.424,0.251,66.0,0,0,,3.9,4,69.86,0
ACC-04213,Growth,FinTech,23,545,15,0.724,0.59,203.0,1,1,56.0,,31,734.33,0
ACC-04214,Starter,FinTech,5,795,1,0.418,,42.0,2,0,39.0,2.9,151,78.85,0
ACC-04215,Growth,Healthcare,37,33,14,0.88,,178.0,1,0,2.0,3.7,16,1811.16,0
ACC-04216,Starter,SaaS,7,515,4,0.652,0.397,,1,0,7.0,4.5,120,104.02,0
ACC-04217,Growth,Other,28,74,19,0.646,0.521,140.0,1,0,44.0,4.0,212,817.13,0
ACC-04218,Starter,E-commerce,7,844,7,0.554,0.317,22.0,0,0,32.0,2.5,58,157.51,0
ACC-04219,Enterprise,E-commerce,49,225,23,0.697,0.585,681.0,1,0,,4.7,316,3729.35,0
ACC-04220,Growth,E-commerce,10,29,14,0.402,0.389,0.0,0,0,51.0,3.3,137,462.94,0
ACC-04221,Starter,E-commerce,8,730,15,0.52,0.26,41.0,0,0,37.0,1.9,372,208.35,0
ACC-04222,Starter,E-commerce,9,668,0,0.873,0.169,62.0,1,0,11.0,4.8,59,134.77,0
ACC-04223,Starter,E-commerce,9,812,6,0.119,0.073,0.0,5,0,28.0,2.3,42,201.05,1
ACC-04224,Starter,SaaS,4,321,3,0.354,0.338,,4,2,32.0,3.0,77,65.53,0
ACC-04225,Starter,E-commerce,6,259,0,0.264,0.458,,0,0,53.0,3.0,393,85.36,0
ACC-04226,Enterprise,FinTech,175,606,15,0.84,0.903,,1,0,,2.7,282,19455.97,0
ACC-04227,Growth,E-commerce,28,851,18,0.566,,67.0,2,0,39.0,2.0,291,1106.14,0
ACC-04228,Starter,E-commerce,4,848,7,0.547,0.434,62.0,2,1,66.0,3.6,394,102.21,0
ACC-04229,Growth,SaaS,39,367,12,0.322,0.55,242.0,4,0,-4.0,4.3,158,1249.92,0
ACC-04230,Starter,Healthcare,7,593,10,0.548,0.21,23.0,3,0,82.0,5.0,54,76.03,0
ACC-04231,Enterprise,FinTech,176,746,21,1.0,0.82,,0,0,1.0,4.1,115,24027.38,0
ACC-04232,Starter,E-commerce,4,674,10,0.485,0.359,0.0,0,0,,,48,46.67,0
ACC-04233,Growth,E-commerce,20,546,14,0.63,0.467,143.0,2,0,31.0,4.0,171,1002.34,0
ACC-04234,Growth,E-commerce,26,154,15,0.417,0.619,158.0,2,0,20.0,4.8,279,1467.43,0
ACC-04235,Starter,Healthcare,5,573,5,0.531,0.217,58.0,2,1,84.0,3.1,109,109.95,0
ACC-04236,Starter,SaaS,1,165,12,0.489,0.314,20.0,3,0,14.0,3.4,289,10.17,0
ACC-04237,Starter,SaaS,8,413,2,0.816,0.422,8.0,0,0,19.0,5.0,55,105.55,0
ACC-04238,Enterprise,E-commerce,177,522,20,0.93,0.571,675.0,2,1,35.0,3.8,158,13007.05,0
ACC-04239,Growth,SaaS,27,37,18,0.649,0.556,367.0,1,0,,4.3,377,1390.12,0
ACC-04240,Growth,SaaS,17,395,12,0.385,0.396,36.0,1,0,66.0,2.1,147,559.87,1
ACC-04241,Growth,SaaS,21,291,11,0.434,0.593,211.0,2,0,43.0,2.6,331,48355.19463142865,0
ACC-04242,Enterprise,FinTech,52,112,30,0.604,0.955,936.0,1,0,7.0,5.0,314,4487.5,0
ACC-04243,Growth,Other,25,587,19,0.894,0.33,0.0,4,1,-6.0,,118,727.9,0
ACC-04244,Growth,SaaS,13,659,14,,0.495,199.0,2,0,,1.6,363,427.67,0
ACC-04245,Growth,FinTech,7,805,9,0.535,0.348,214.0,0,0,-12.0,3.4,385,196.42,0
ACC-04246,Starter,Other,9,633,0,0.288,0.529,20.0,0,0,7.0,4.2,223,199.02,0
ACC-04247,Enterprise,Other,141,176,23,0.737,0.815,1158.0,3,1,-10.0,2.6,313,9366.36,0
ACC-04248,Starter,SaaS,7,95,13,0.463,0.22,41.0,0,0,47.0,,65,84.55,0
ACC-04249,Starter,Other,9,742,9,0.411,0.085,53.0,3,0,6.0,3.3,356,213.81,0
ACC-04250,Enterprise,SaaS,87,57,12,0.624,0.75,0.0,0,0,62.0,3.7,140,12067.36,0
ACC-04251,Starter,Healthcare,8,350,8,0.833,0.318,32.0,1,1,41.0,3.4,52,190.69,0
ACC-04252,Starter,SaaS,1,349,5,0.34,0.517,19.0,2,0,37.0,4.3,381,169.38,0
ACC-04253,Starter,FinTech,1,174,8,0.124,0.518,,2,1,54.0,5.0,264,24.05,0
ACC-04254,Growth,SaaS,25,574,22,0.695,0.456,111.0,2,0,27.0,3.8,300,760.28,0
ACC-04255,Enterprise,Healthcare,106,696,24,,0.977,942.0,1,0,40.0,3.5,118,13960.03,0
ACC-04256,Starter,SaaS,6,805,10,0.487,0.499,0.0,2,1,15.0,3.2,96,88.07,0
ACC-04257,Starter,FinTech,4,429,7,0.403,0.218,39.0,2,0,63.0,3.5,165,63.56,0
ACC-04258,Growth,Healthcare,26,398,15,0.745,0.804,253.0,0,0,71.0,4.0,263,719.01,0
ACC-04259,Enterprise,SaaS,54,194,17,0.752,0.977,748.0,2,0,26.0,3.5,210,3760.21,0
ACC-04260,Starter,Other,1,88,9,0.569,0.313,73.0,0,0,70.0,4.0,125,20.73,0
ACC-04261,Enterprise,FinTech,92,758,19,0.915,0.94,690.0,2,0,36.0,4.1,92,10346.25,0
ACC-04262,Enterprise,SaaS,116,758,16,0.921,1.0,434.0,1,0,,4.4,53,8516.31,0
ACC-04263,Starter,SaaS,9,883,11,0.679,0.268,,0,0,36.0,4.5,349,240.83,0
ACC-04264,Enterprise,FinTech,113,124,10,1.0,0.691,796.0,5,2,32.0,5.0,381,15343.01,0
ACC-04265,Growth,SaaS,24,387,11,0.717,0.524,218.0,2,0,25.0,2.6,267,770.75,0
ACC-04266,Growth,E-commerce,23,578,16,0.413,0.335,172.0,0,0,52.0,3.4,257,1236.64,0
ACC-04267,Growth,E-commerce,33,794,19,0.736,0.63,260.0,4,1,,3.9,117,957.44,0
ACC-04268,Enterprise,FinTech,147,380,22,0.568,0.745,403.0,1,0,43.0,3.1,250,14492.73,0
ACC-04269,Growth,FinTech,36,136,10,0.515,0.774,168.0,1,0,63.0,2.9,399,2014.25,0
ACC-04270,Growth,Healthcare,18,819,13,0.69,,152.0,1,1,12.0,4.6,358,516.49,0
ACC-04271,Enterprise,FinTech,150,87,21,0.782,0.598,635.0,0,0,57.0,4.4,254,20861.56,0
ACC-04272,Growth,E-commerce,7,638,20,0.564,0.561,18.0,3,1,66.0,3.9,176,383.68,0
ACC-04273,Enterprise,Other,112,338,24,,0.376,649.0,1,0,17.0,3.7,396,10610.23,0
ACC-04274,Enterprise,SaaS,79,14,24,,0.676,0.0,3,0,31.0,4.5,110,8324.49,0
ACC-04275,Starter,E-commerce,6,479,7,0.515,,47.0,2,2,19.0,4.5,267,166.9,0
ACC-04276,Starter,Other,1,344,2,0.364,0.212,79.0,2,1,41.0,3.1,211,18.99,1
ACC-04277,Starter,E-commerce,8,400,1,0.311,0.249,13.0,1,1,10.0,3.7,344,87.66,0
ACC-04278,Enterprise,Other,75,173,19,0.576,0.692,152.0,0,0,59.0,3.9,378,5815.33,0
ACC-04279,Starter,FinTech,7,610,10,0.184,,88.0,0,0,22.0,3.4,255,46707.03828827698,0
ACC-04280,Growth,E-commerce,16,265,11,,0.661,363.0,2,1,10.0,2.8,223,786.04,0
ACC-04281,Starter,FinTech,9,148,10,0.196,0.366,17.0,1,0,49.0,2.3,48,92.78,0
ACC-04282,Starter,SaaS,3,367,3,0.538,0.448,57.0,2,0,12.0,4.1,141,44.09,1
ACC-04283,Growth,Other,18,180,10,0.335,0.717,143.0,3,0,37.0,3.1,20,1073.88,0
ACC-04284,Starter,SaaS,1,493,13,0.225,0.563,59.0,1,0,65.0,3.7,394,14.92,0
ACC-04285,Enterprise,Other,197,485,23,0.831,0.952,730.0,2,1,59.0,3.8,178,24240.87,0
ACC-04286,Starter,E-commerce,6,721,6,0.458,0.396,51.0,2,0,63.0,4.1,133,150.8,0
ACC-04287,Enterprise,Other,173,881,16,0.77,0.785,709.0,0,0,31.0,3.6,133,20755.13,0
ACC-04288,Starter,Other,8,90,11,0.101,0.338,44.0,0,0,36.0,3.8,259,187.1,0
ACC-04289,Enterprise,E-commerce,147,47,24,0.731,0.819,1257.0,1,0,49.0,2.8,57,11677.79,0
ACC-04290,Growth,Other,16,404,16,0.508,0.638,179.0,0,0,30.0,3.0,349,506.95,0
ACC-04291,Starter,Healthcare,8,73,6,0.668,0.077,27.0,2,0,52.0,4.1,358,96.31,0
ACC-04292,Starter,E-commerce,7,767,2,0.601,0.251,0.0,2,0,4.0,3.3,286,117.49,0
ACC-04293,Starter,E-commerce,4,729,7,0.368,0.31,0.0,0,0,36.0,3.2,272,54.94,0
ACC-04294,Growth,SaaS,11,396,19,0.396,0.306,290.0,0,0,67.0,5.0,203,303.78,0
ACC-04295,Enterprise,SaaS,170,865,16,,0.636,672.0,3,0,29.0,4.1,335,18467.13,0
ACC-04296,Starter,SaaS,5,474,7,0.02,0.176,38.0,1,1,38.0,3.8,135,87.88,1
ACC-04297,Growth,FinTech,5,497,20,0.524,0.397,0.0,2,0,,3.9,223,227.87,0
ACC-04298,Growth,SaaS,24,703,12,0.3,0.579,88.0,1,0,,4.0,133,1028.61,0
ACC-04299,Growth,E-commerce,9,502,12,0.519,,323.0,0,0,35.0,4.5,328,286.72,0
ACC-04300,Growth,E-commerce,39,645,7,0.667,0.275,198.0,1,1,-8.0,4.7,182,1793.2,0
ACC-04301,Growth,E-commerce,30,226,16,0.599,0.245,311.0,1,0,48.0,4.9,83,1217.31,0
ACC-04302,Growth,Other,3,465,10,0.31,0.476,158.0,2,1,54.0,3.4,207,1259.81,0
ACC-04303,Enterprise,Other,99,731,13,,0.644,110.0,1,0,53.0,4.0,286,12743.16,0
ACC-04304,Starter,Other,4,870,3,0.332,0.415,81.0,2,0,80.0,4.1,106,61.41,0
ACC-04305,Starter,E-commerce,3,184,8,0.464,0.438,1.0,1,0,52.0,5.0,137,42.72,0
ACC-04306,Starter,SaaS,8,46,0,0.291,0.433,0.0,1,0,36.0,4.5,128,143.98,0
ACC-04307,Growth,Other,21,539,7,0.56,0.348,319.0,3,0,57.0,4.4,259,1144.18,0
ACC-04308,Starter,SaaS,8,62,10,,0.297,17.0,0,0,26.0,3.4,294,195.86,0
ACC-04309,Enterprise,SaaS,150,618,20,,0.63,493.0,1,0,53.0,2.8,337,8692.67,0
ACC-04310,Growth,FinTech,34,392,9,0.227,0.649,124.0,2,1,100.0,4.5,82,1542.81,0
ACC-04311,Growth,E-commerce,14,723,12,0.527,0.575,0.0,3,1,89.0,4.8,377,555.63,0
ACC-04312,Growth,Healthcare,27,153,21,0.787,0.515,102.0,1,0,,4.1,265,910.95,0
ACC-04313,Starter,SaaS,8,54,13,0.213,0.058,103.0,1,0,48.0,2.7,36,210.14,0
ACC-04314,Enterprise,Healthcare,15,205,20,0.859,0.462,430.0,2,1,16.0,4.1,229,972.85,0
ACC-04315,Starter,SaaS,1,70,11,0.625,0.339,42.0,0,0,29.0,,222,15.57,0
ACC-04316,Growth,FinTech,32,146,14,0.551,0.493,232.0,1,0,95.0,2.8,288,1664.14,0
ACC-04317,Enterprise,FinTech,180,685,12,0.525,0.588,688.0,3,0,33.0,4.6,110,20774.1,1
ACC-04318,Growth,FinTech,15,627,4,0.478,0.41,71.0,1,1,,3.8,158,598.08,0
ACC-04319,Enterprise,Healthcare,180,565,16,0.899,0.747,840.0,3,1,16.0,5.0,115,16042.7,0
ACC-04320,Starter,SaaS,8,387,0,0.66,0.452,0.0,5,0,49.0,2.3,226,115.28,0
ACC-04321,Enterprise,SaaS,33,212,21,0.745,0.568,213.0,1,0,54.0,3.2,134,3434.07,0
ACC-04322,Growth,SaaS,16,753,11,0.434,0.513,121.0,2,0,22.0,4.0,290,436.38,0
ACC-04323,Growth,Healthcare,18,790,15,0.802,0.577,287.0,2,0,7.0,5.0,377,750.67,0
ACC-04324,Starter,Other,1,235,9,0.692,0.33,49.0,1,0,22.0,4.7,378,27.85,0
ACC-04325,Starter,E-commerce,1,808,10,0.329,0.535,51.0,2,0,61.0,,373,20.29,0
ACC-04326,Growth,E-commerce,21,566,9,0.683,0.636,246.0,2,0,74.0,2.8,48,1008.34,0
ACC-04327,Starter,Other,1,320,9,0.428,0.246,32.0,0,0,22.0,,211,15.75,1
ACC-04328,Growth,SaaS,6,203,9,0.42,0.259,91.0,1,0,19.0,3.2,54,241.91,0
ACC-04329,Enterprise,SaaS,59,537,23,0.676,0.64,550.0,3,1,13.0,2.3,398,3340.72,0
ACC-04330,Enterprise,E-commerce,29,26,26,0.68,0.611,321.0,1,0,68.0,3.6,67,2593.05,0
ACC-04331,Starter,SaaS,4,294,10,0.02,0.152,0.0,1,0,24.0,4.1,115,104.15,0
ACC-04332,Enterprise,FinTech,46,624,19,0.844,0.779,412.0,3,2,1.0,3.4,159,5238.73,0
ACC-04333,Starter,FinTech,4,454,10,0.536,0.156,84.0,1,0,32.0,3.7,297,54.73,0
ACC-04334,Growth,FinTech,19,142,6,0.604,0.473,0.0,0,0,20.0,3.7,175,799.06,0
ACC-04335,Enterprise,FinTech,177,155,12,0.737,0.647,880.0,1,0,73.0,3.7,56,19806.51,0
ACC-04336,Starter,FinTech,2,628,9,0.495,0.281,0.0,3,0,58.0,3.6,228,41.9,0
ACC-04337,Starter,SaaS,6,755,13,0.537,0.235,73.0,3,1,45.0,2.7,304,68.79,1
ACC-04338,Starter,Other,6,625,1,0.462,0.129,41.0,0,0,74.0,4.1,104,93.17,0
ACC-04339,Growth,Healthcare,10,153,13,0.661,0.213,124.0,1,0,43.0,2.9,261,455.42,0
ACC-04340,Enterprise,SaaS,196,605,22,1.0,0.808,,2,0,31.0,3.4,334,19811.58,0
ACC-04341,Starter,SaaS,6,259,4,0.427,0.366,87.0,1,0,17.0,,296,77.26,1
ACC-04342,Starter,SaaS,7,538,5,0.772,0.02,2912.0,3,1,29.0,2.7,11,149.1,1
ACC-04343,Growth,SaaS,17,537,16,0.453,0.478,297.0,1,0,1.0,3.9,332,994.04,0
ACC-04344,Starter,SaaS,9,798,7,,0.445,83.0,1,0,71.0,3.0,390,145.26,0
ACC-04345,Growth,SaaS,32,745,14,0.721,0.302,214.0,0,0,22.0,3.1,192,803.08,0
ACC-04346,Enterprise,Other,103,81,16,0.574,0.744,946.0,2,0,0.0,3.4,354,8817.23,0
ACC-04347,Growth,Healthcare,30,14,13,0.537,0.402,59.0,1,0,64.0,5.0,245,1379.53,0
ACC-04348,Enterprise,Healthcare,35,839,18,0.755,0.622,363.0,2,0,35.0,3.9,125,4602.36,0
ACC-04349,Growth,E-commerce,34,284,11,0.729,0.579,162.0,1,1,-9.0,5.0,179,1658.5,0
ACC-04350,Enterprise,Healthcare,181,72,18,0.837,0.86,847.0,1,1,3.0,3.0,238,23805.13,0
ACC-04351,Starter,Healthcare,8,183,7,0.573,0.371,34.0,1,0,7.0,4.3,306,175.77,0
ACC-04352,Starter,Other,9,452,3,0.635,0.265,24.0,1,0,-2.0,3.2,272,127.47,0
ACC-04353,Growth,Healthcare,22,801,13,0.665,0.521,146.0,3,0,28.0,3.8,17,1302.85,0
ACC-04354,Starter,Healthcare,7,831,5,0.49,0.238,11.0,3,1,59.0,2.8,81,169.95,1
ACC-04355,Enterprise,Healthcare,27,595,16,0.546,0.653,1142.0,2,1,42.0,3.9,106,1619.41,0
ACC-04356,Growth,E-commerce,30,252,4,0.446,0.599,147.0,2,1,-8.0,4.2,399,1337.13,0
ACC-04357,Enterprise,SaaS,96,645,24,0.762,0.706,352.0,0,0,22.0,4.1,99,9172.23,0
ACC-04358,Starter,SaaS,3,756,10,0.321,0.44,48.0,0,0,,3.8,72,81.35,0
ACC-04359,Growth,FinTech,39,377,9,0.519,0.662,69.0,2,0,33.0,3.3,363,2116.65,0
ACC-04360,Growth,SaaS,37,539,16,0.669,0.485,131.0,1,0,48.0,1.9,35,952.13,0
ACC-04361,Starter,SaaS,4,447,2,0.592,0.297,15.0,0,0,41.0,2.2,161,109.26,0
ACC-04362,Growth,SaaS,25,777,12,0.476,0.415,191.0,3,0,11.0,3.0,296,949.34,0
ACC-04363,Growth,FinTech,15,556,11,0.69,0.739,242.0,0,0,6.0,3.9,362,812.45,0
ACC-04364,Enterprise,Other,152,57,19,0.679,0.816,1006.0,2,1,34.0,,327,18458.55,0
ACC-04365,Growth,FinTech,29,786,16,0.855,0.501,57.0,1,0,21.0,2.5,234,733.57,0
ACC-04366,Starter,SaaS,8,506,5,0.322,0.368,34.0,1,0,42.0,4.5,69,204.77,0
ACC-04367,Growth,FinTech,37,395,11,0.393,,252.0,3,1,64.0,,238,1914.96,0
ACC-04368,Growth,FinTech,30,181,16,0.329,0.682,267.0,1,0,65.0,3.3,69,1036.39,0
ACC-04369,Starter,E-commerce,3,632,7,0.318,0.256,37.0,0,0,6.0,3.9,70,46.0,0
ACC-04370,Growth,E-commerce,20,30,10,0.483,0.349,173.0,0,0,25.0,3.0,92,1077.24,0
ACC-04371,Starter,SaaS,4,167,8,0.537,0.479,30.0,2,0,11.0,,117,79.2,0
ACC-04372,Starter,E-commerce,8,624,11,0.446,0.351,19.0,2,0,53.0,3.7,240,88.02,0
ACC-04373,Growth,SaaS,8,255,18,0.619,0.496,211.0,2,0,46.0,3.9,152,409.49,0
ACC-04374,Starter,E-commerce,1,678,1,0.536,0.522,22.0,1,0,72.0,4.7,222,20.52,0
ACC-04375,Growth,Other,21,246,7,0.621,0.487,139.0,3,1,24.0,2.4,72,626.56,0
ACC-04376,Starter,Other,5,666,11,0.181,0.21,0.0,0,0,28.0,1.8,230,53.39,0
ACC-04377,Growth,SaaS,33,615,12,0.583,0.551,131.0,1,0,27.0,3.8,78,1228.53,0
ACC-04378,Starter,Healthcare,7,658,0,0.421,0.053,0.0,2,0,50.0,4.7,29,111.12,0
ACC-04379,Enterprise,Healthcare,188,663,17,0.789,0.649,634.0,1,1,48.0,3.5,10,21807.36,0
ACC-04380,Starter,Other,5,722,5,0.192,0.24,69.0,1,1,9.0,3.5,278,119.11,1
ACC-04381,Growth,SaaS,13,339,12,0.584,0.665,201.0,3,0,-7.0,3.2,282,438.22,1
ACC-04382,Starter,FinTech,4,430,10,0.445,0.271,70.0,1,1,32.0,4.3,120,56.02,0
ACC-04383,Starter,SaaS,7,76,3,0.586,0.224,4.0,0,0,8.0,3.3,299,192.37,0
ACC-04384,Growth,SaaS,13,321,17,0.313,0.55,230.0,1,0,28.0,3.3,183,544.94,0
ACC-04385,Enterprise,E-commerce,27,421,21,0.72,,332.0,3,0,47.0,,187,3518.51,0
ACC-04386,Enterprise,FinTech,139,697,14,0.626,0.913,418.0,0,0,7.0,2.7,75,16150.79,0
ACC-04387,Starter,SaaS,1,813,6,0.214,0.353,8.0,1,0,11.0,3.9,224,21.87,0
ACC-04388,Starter,Other,1,604,9,0.331,0.162,4.0,1,0,34.0,1.9,206,163.55,0
ACC-04389,Growth,FinTech,20,127,13,0.388,0.495,172.0,3,1,99.0,4.2,217,883.75,0
ACC-04390,Growth,Other,27,191,15,0.416,0.704,125.0,2,0,23.0,4.0,107,1272.33,0
ACC-04391,Starter,Healthcare,2,486,4,0.423,0.139,9.0,1,0,52.0,4.1,34,32.77,1
ACC-04392,Growth,Other,10,399,15,0.6,0.646,3374.0,2,0,3.0,2.9,248,494.82,0
ACC-04393,Growth,Healthcare,36,838,11,0.885,0.329,75.0,2,0,74.0,4.4,96,1492.85,0
ACC-04394,Growth,SaaS,39,175,24,0.565,0.44,106.0,2,0,33.0,3.7,83,986.0,0
ACC-04395,Starter,SaaS,1,519,1,0.458,0.401,30.0,0,0,39.0,4.4,28,20.46,0
ACC-04396,Growth,Other,38,704,25,0.584,0.629,2741.0,3,0,20.0,,35,1321.83,0
ACC-04397,Starter,SaaS,4,401,3,0.159,0.683,3.0,3,2,28.0,,256,105.16,0
ACC-04398,Growth,FinTech,6,232,19,0.302,0.482,288.0,2,1,79.0,3.3,333,260.27,0
ACC-04399,Starter,E-commerce,9,129,11,0.302,0.397,25.0,1,1,19.0,2.5,249,93.17,0
ACC-04400,Growth,SaaS,30,565,9,0.563,0.853,188.0,3,1,28.0,3.3,187,1144.08,1
ACC-04401,Growth,SaaS,19,573,16,0.553,0.55,124.0,1,0,41.0,3.9,120,532.38,0
ACC-04402,Growth,FinTech,14,665,11,0.898,0.589,,0,0,38.0,3.4,102,474.01,0
ACC-04403,Starter,FinTech,2,756,8,0.042,0.287,24.0,1,0,33.0,2.9,33,35.8,0
ACC-04404,Starter,E-commerce,2,892,8,0.265,,13.0,1,0,35.0,3.5,357,55.36,0
ACC-04405,Growth,SaaS,39,180,11,0.448,0.582,120.0,3,0,66.0,,129,1025.19,0
ACC-04406,Growth,FinTech,13,397,11,0.338,0.547,134.0,2,0,55.0,3.7,274,777.85,0
ACC-04407,Enterprise,SaaS,111,301,22,0.709,0.832,296.0,3,0,26.0,4.9,45,11107.81,0
ACC-04408,Starter,E-commerce,8,787,3,0.496,0.02,0.0,2,0,42.0,5.0,231,181.81,1
ACC-04409,Enterprise,SaaS,123,118,16,0.633,,1116.0,3,2,57.0,3.3,30,8175.76,1
ACC-04410,Starter,SaaS,6,602,11,0.02,0.393,26.0,0,0,39.0,3.7,137,136.36,0
ACC-04411,Starter,Healthcare,9,293,9,0.52,0.277,,1,1,,,4,229.22,1
ACC-04412,Starter,SaaS,8,21,1,0.507,0.511,7.0,1,1,72.0,3.6,250,121.69,0
ACC-04413,Growth,Healthcare,31,543,8,0.672,0.678,84.0,3,1,,2.9,201,1806.46,0
ACC-04414,Starter,SaaS,9,360,0,0.127,0.192,58.0,2,1,89.0,3.7,23,205.5,0
ACC-04415,Starter,SaaS,2,625,11,0.347,0.122,0.0,4,1,34.0,2.1,168,29.72,1
ACC-04416,Growth,FinTech,20,363,16,0.846,0.442,218.0,1,1,77.0,3.2,370,797.99,0
ACC-04417,Growth,Other,39,182,8,0.447,0.277,73.0,1,0,25.0,2.2,83,2270.86,0
ACC-04418,Starter,FinTech,3,119,10,0.866,0.279,10.0,0,0,55.0,3.3,213,81.51,0
ACC-04419,Starter,SaaS,6,174,16,0.348,0.114,48.0,2,0,,5.0,383,128.93,0
ACC-04420,Growth,E-commerce,8,401,6,0.134,0.533,81.0,3,1,43.0,2.7,300,394.33,1
ACC-04421,Starter,FinTech,9,252,4,0.577,0.384,0.0,2,1,13.0,,29,217.01,1
ACC-04422,Starter,Healthcare,9,117,0,0.191,0.511,20.0,0,0,47.0,3.4,390,119.48,0
ACC-04423,Growth,Other,29,294,17,0.718,0.65,130.0,2,0,87.0,2.7,120,736.59,0
ACC-04424,Starter,E-commerce,7,754,7,0.461,0.25,15.0,1,0,,4.5,62,179.38,0
ACC-04425,Growth,FinTech,6,758,11,0.464,0.516,,0,0,54.0,2.7,290,67314.62129054793,0
ACC-04426,Starter,FinTech,1,334,8,0.51,0.485,49.0,4,2,38.0,,101,12.96,1
ACC-04427,Starter,Other,7,476,4,0.766,0.477,45.0,0,0,15.0,3.9,110,107.79,0
ACC-04428,Starter,FinTech,9,176,5,0.614,0.392,43.0,4,1,93.0,4.6,84,210.35,0
ACC-04429,Starter,SaaS,2,379,8,0.568,0.214,2.0,2,1,-4.0,3.6,349,24.93,1
ACC-04430,Starter,Other,7,547,4,0.624,0.312,10.0,1,0,73.0,2.9,13,108.59,0
ACC-04431,Starter,Other,1,30,5,0.694,0.354,69.0,2,0,51.0,,46,14.47,0
ACC-04432,Enterprise,FinTech,164,773,19,0.831,1.0,436.0,3,1,29.0,4.0,127,9462.99,0
ACC-04433,Enterprise,FinTech,140,815,20,,0.725,2096.0,3,1,56.0,4.5,145,9288.26,0
ACC-04434,Starter,Healthcare,9,842,10,0.341,0.561,43.0,2,0,45.0,,283,196.31,0
ACC-04435,Growth,Healthcare,20,201,16,0.591,0.496,10.0,2,1,41.0,1.8,47,639.4,0
ACC-04436,Growth,FinTech,21,806,6,,0.606,,2,0,27.0,3.4,124,1214.82,0
ACC-04437,Enterprise,FinTech,169,114,26,0.823,0.497,767.0,1,0,3.0,3.0,283,19206.31,0
ACC-04438,Starter,FinTech,8,795,7,0.35,0.222,15.0,3,1,,3.3,331,115.02,0
ACC-04439,Starter,FinTech,6,134,6,0.567,0.474,,3,1,52.0,1.2,337,163.19,0
ACC-04440,Starter,SaaS,9,322,3,0.505,0.689,17.0,0,0,,3.1,327,163.69,0
ACC-04441,Starter,Healthcare,6,854,16,0.516,0.342,46.0,4,2,47.0,2.4,308,165.94,0
ACC-04442,Starter,SaaS,1,461,18,0.222,0.201,0.0,3,1,9.0,4.0,198,11.92,0
ACC-04443,Enterprise,FinTech,69,205,28,0.866,0.655,,2,1,13.0,3.5,129,7469.43,0
ACC-04444,Enterprise,Healthcare,199,342,21,,0.643,627.0,1,0,24.0,3.8,33,27003.04,0
ACC-04445,Starter,FinTech,8,306,9,0.552,0.421,16.0,1,0,85.0,4.3,57,188.08,0
ACC-04446,Growth,FinTech,13,831,20,0.466,0.803,168.0,3,1,,3.1,148,439.01,0
ACC-04447,Starter,Other,2,379,6,0.482,0.246,7.0,3,1,13.0,3.7,172,37.38,1
ACC-04448,Growth,SaaS,21,96,15,0.363,0.313,,0,0,72.0,4.1,173,1016.01,0
ACC-04449,Growth,Other,19,160,14,0.501,0.432,109.0,1,0,85.0,5.0,58,742.26,0
ACC-04450,Starter,SaaS,8,505,16,0.411,0.22,36.0,2,1,-1.0,5.0,266,164.72,0
ACC-04451,Enterprise,FinTech,152,26,26,0.801,0.599,100.0,2,1,17.0,4.1,132,8907.08,0
ACC-04452,Enterprise,E-commerce,192,232,19,0.748,0.491,959.0,1,0,91.0,3.0,359,23442.18,0
ACC-04453,Growth,FinTech,515,549,20,0.309,0.679,159.0,0,0,34.0,5.0,373,1668.12,0
ACC-04454,Growth,E-commerce,11,767,13,0.437,0.385,,0,0,53.0,4.7,34,283.82,0
ACC-04455,Growth,SaaS,26,99,11,0.496,0.566,475.0,3,1,34.0,4.6,50,1300.05,0
ACC-04456,Starter,E-commerce,8,314,6,0.456,,63.0,0,0,50.0,4.8,229,197.31,0
ACC-04457,Starter,SaaS,2,360,8,,0.187,64.0,1,1,35.0,3.3,45,35.68,0
ACC-04458,Growth,Healthcare,25,779,9,0.519,0.721,124.0,0,0,29.0,2.6,159,951.23,0
ACC-04459,Starter,E-commerce,2,710,5,0.54,0.121,62.0,1,1,17.0,3.6,160,22.93,0
ACC-04460,Enterprise,FinTech,146,836,14,0.799,0.672,862.0,2,0,39.0,4.1,66,9440.02,0
ACC-04461,Growth,SaaS,19,564,9,0.922,0.6,88.0,2,0,38.0,3.6,201,827.88,0
ACC-04462,Starter,FinTech,2,166,8,0.637,0.286,43.0,2,1,60.0,3.0,368,27.27,0
ACC-04463,Starter,E-commerce,7,845,12,0.146,0.373,34.0,1,0,33.0,5.0,28,141.11,0
ACC-04464,Enterprise,SaaS,134,682,24,0.835,0.947,848.0,1,0,16.0,4.5,353,10632.58,0
ACC-04465,Starter,E-commerce,7,599,9,0.442,0.461,30.0,1,0,16.0,3.4,162,163.25,0
ACC-04466,Starter,SaaS,6,324,0,0.57,0.101,77.0,4,1,31.0,5.0,196,121.36,1
ACC-04467,Starter,SaaS,2,718,3,0.502,0.445,16.0,2,0,-2.0,2.2,194,23.2,0
ACC-04468,Growth,Healthcare,24,371,12,0.521,0.638,255.0,2,0,56.0,2.8,138,833.6,0
ACC-04469,Enterprise,SaaS,102,301,24,1.0,0.684,169.0,1,0,51.0,4.5,26,11108.57,0
ACC-04470,Starter,SaaS,3,257,4,0.793,0.257,61.0,1,0,87.0,4.4,41,35.95,0
ACC-04471,Enterprise,E-commerce,150,598,15,0.76,0.596,397.0,1,0,2.0,2.5,112,12169.43,0
ACC-04472,Starter,Healthcare,6,560,14,0.319,0.194,47.0,2,0,28.0,4.1,190,64.68,0
ACC-04473,Growth,SaaS,11,215,10,0.657,0.51,92.0,0,0,,3.1,227,599.77,0
ACC-04474,Starter,SaaS,5,318,2,0.427,0.465,61.0,2,0,64.0,2.7,146,117.78,0
ACC-04475,Growth,FinTech,28,215,14,0.491,0.338,98.0,1,0,59.0,4.6,140,1367.24,0
ACC-04476,Growth,E-commerce,5,670,13,0.427,0.514,156.0,0,0,,3.1,297,251.08,0
ACC-04477,Growth,FinTech,12,318,11,0.62,0.61,140.0,1,0,45.0,4.0,219,306.82,0
ACC-04478,Starter,E-commerce,8,703,7,0.344,0.437,41.0,2,0,68.0,2.4,215,206.71,0
ACC-04479,Enterprise,Healthcare,189,219,16,0.719,0.886,701.0,2,0,31.0,1.6,237,25383.53,0
ACC-04480,Enterprise,Other,105,364,18,0.705,0.542,521.0,2,0,53.0,1.3,149,8935.04,0
ACC-04481,Growth,FinTech,36,37,13,0.552,0.579,178.0,1,1,52.0,4.3,335,1999.29,0
ACC-04482,Growth,SaaS,23,18,4,0.773,0.728,209.0,2,0,18.0,3.0,147,882.53,0
ACC-04483,Growth,SaaS,23,39,17,0.672,0.598,421.0,1,0,17.0,3.2,319,942.25,0
ACC-04484,Starter,SaaS,2,72,1,0.431,0.488,41.0,2,0,20.0,3.2,375,49.38,0
ACC-04485,Enterprise,FinTech,51,836,16,0.835,,447.0,3,2,,3.0,290,3519.29,0
ACC-04486,Starter,Other,1,256,12,0.194,0.375,79.0,1,0,55.0,3.7,229,16.94,0
ACC-04487,Growth,FinTech,12,485,16,0.706,0.572,133.0,0,0,71.0,4.7,91,535.6,0
ACC-04488,Starter,SaaS,6,859,7,0.41,0.246,49.0,4,1,21.0,2.4,165,75.93,0
ACC-04489,Starter,E-commerce,2,445,0,0.448,0.42,0.0,0,0,79.0,3.1,22,24.25,0
ACC-04490,Growth,Other,12,362,10,0.683,,54.0,2,0,17.0,4.6,349,463.14,0
ACC-04491,Growth,SaaS,7,659,12,0.621,0.522,259.0,4,1,-3.0,2.6,340,283.17,0
ACC-04492,Enterprise,Healthcare,39,673,19,0.871,0.897,884.0,0,0,-24.0,3.1,393,2280.11,0
ACC-04493,Enterprise,Healthcare,106,103,25,0.602,0.633,885.0,1,0,30.0,3.7,228,12167.9,0
ACC-04494,Starter,FinTech,2,843,16,0.199,0.207,,1,0,34.0,3.1,187,26.84,0
ACC-04495,Starter,E-commerce,1,123,10,0.478,0.085,70.0,1,0,19.0,2.3,302,16.35,0
ACC-04496,Starter,FinTech,5,316,5,0.32,0.13,45.0,1,0,-15.0,2.8,286,62.9,0
ACC-04497,Growth,SaaS,29,858,18,0.498,0.663,135.0,0,0,60.0,3.6,91,1384.56,0
ACC-04498,Growth,FinTech,22,511,10,0.269,0.413,183.0,1,0,40.0,3.5,372,657.23,0
ACC-04499,Enterprise,SaaS,22,517,8,0.837,0.64,377.0,2,0,52.0,3.7,115,1528.24,0
ACC-04500,Growth,Healthcare,6,769,7,0.621,0.569,151.0,0,0,72.0,4.3,90,321.91,0
ACC-04501,Starter,Healthcare,8,411,0,0.582,0.194,,1,1,-7.0,5.0,326,152.87,0
ACC-04502,Growth,FinTech,13,558,11,0.55,0.638,83.0,0,0,62.0,4.1,297,421.8,0
ACC-04503,Growth,E-commerce,32,497,12,0.714,0.659,3444.0,0,0,47.0,,216,1406.94,0
ACC-04504,Growth,SaaS,7,113,6,0.375,0.351,194.0,2,0,64.0,3.4,334,284.27,0
ACC-04505,Starter,SaaS,2,283,3,0.336,0.191,16.0,2,0,69.0,2.9,55,41.94,0
ACC-04506,Starter,E-commerce,3,695,1,0.512,0.153,52.0,2,0,34.0,4.1,174,47.55,0
ACC-04507,Starter,SaaS,3,305,6,,0.46,0.0,1,0,100.0,3.1,162,81.43,0
ACC-04508,Starter,Healthcare,2,815,3,0.604,0.33,73.0,1,0,71.0,4.0,288,43.37,0
ACC-04509,Growth,SaaS,17,863,18,0.675,0.556,221.0,3,1,30.0,4.4,285,886.74,0
ACC-04510,Starter,Healthcare,1,695,8,0.531,0.364,68.0,1,0,19.0,3.4,15,16.97,0
ACC-04511,Growth,FinTech,25,14,20,0.476,0.256,257.0,1,0,7.0,3.5,129,1101.54,0
ACC-04512,Growth,FinTech,8,680,11,0.33,0.541,210.0,2,1,24.0,3.5,261,454.65,0
ACC-04513,Enterprise,Healthcare,23,883,30,,0.517,596.0,3,0,46.0,3.2,237,2684.15,0
ACC-04514,Starter,E-commerce,7,683,7,0.498,0.282,1.0,1,0,29.0,2.9,250,91.37,0
ACC-04515,Starter,SaaS,5,578,5,0.237,0.174,0.0,2,0,66.0,3.4,167,80.39,1
ACC-04516,Starter,Other,5,556,18,,0.343,39.0,1,1,70.0,3.7,22,127.95,0
ACC-04517,Growth,FinTech,38,452,5,0.335,0.49,224.0,2,0,54.0,1.8,180,1683.17,0
ACC-04518,Starter,SaaS,2,233,5,0.466,0.275,18.0,6,1,33.0,3.5,266,31.93,1
ACC-04519,Growth,FinTech,18,437,6,0.364,0.505,166.0,1,0,71.0,3.6,217,1059.12,0
ACC-04520,Starter,E-commerce,9,821,0,0.34,0.28,85.0,0,0,41.0,2.1,160,191.86,0
ACC-04521,Starter,E-commerce,1,89,0,0.555,0.672,5.0,3,0,89.0,4.3,241,23.93,0
ACC-04522,Starter,Healthcare,8,128,10,0.449,0.048,22.0,1,0,-5.0,4.5,76,178.61,1
ACC-04523,Growth,E-commerce,34,789,7,0.506,0.615,192.0,1,0,,4.4,385,880.5,0
ACC-04524,Enterprise,SaaS,160,746,19,0.856,0.653,622.0,4,0,52.0,2.6,202,15370.38,0
ACC-04525,Growth,SaaS,39,466,17,0.301,0.573,161.0,2,0,84.0,5.0,161,1104.74,0
ACC-04526,Growth,SaaS,5,332,15,0.681,,106.0,3,1,32.0,3.3,134,160.63,0
ACC-04527,Growth,Healthcare,23,112,15,0.781,0.53,215.0,6,1,58.0,3.5,176,754.92,0
ACC-04528,Growth,SaaS,34,611,18,,0.32,141.0,0,0,-16.0,3.2,248,1302.57,0
ACC-04529,Starter,E-commerce,9,491,14,0.604,0.469,,2,1,35.0,3.3,149,243.18,0
ACC-04530,Growth,E-commerce,17,727,7,0.327,0.313,131.0,1,1,58.0,4.7,135,807.64,0
ACC-04531,Growth,Healthcare,22,335,15,0.399,0.432,196.0,1,0,50.0,4.0,26,1190.94,0
ACC-04532,Starter,SaaS,9,721,6,0.335,0.158,13.0,2,1,32.0,3.5,7,178.77,1
ACC-04533,Growth,SaaS,9,859,12,0.63,0.646,88.0,1,0,13.0,3.8,155,320.44,0
ACC-04534,Growth,Other,18,156,6,,0.297,163.0,1,0,37.0,1.4,37,1063.64,0
ACC-04535,Growth,E-commerce,13,691,11,0.671,0.628,231.0,1,1,41.0,3.5,222,329.5,0
ACC-04536,Starter,FinTech,7,555,5,0.254,0.407,0.0,0,0,39.0,2.7,188,139.26,0
ACC-04537,Growth,Healthcare,7,375,19,,0.479,293.0,2,0,90.0,2.9,38,393.62,0
ACC-04538,Enterprise,Other,171,204,15,0.725,0.604,572.0,1,0,18.0,4.2,44,19806.89,0
ACC-04539,Starter,SaaS,6,151,0,0.366,0.315,0.0,1,0,67.0,,224,154.86,0
ACC-04540,Starter,Other,4,113,7,0.406,0.343,68.0,1,0,,3.0,362,86.0,0
ACC-04541,Starter,SaaS,4,249,1,0.325,0.327,0.0,3,0,29.0,4.2,112,64.2,0
ACC-04542,Starter,Other,7,469,6,0.506,0.353,54.0,1,0,58.0,3.8,247,150.13,0
ACC-04543,Enterprise,SaaS,79,490,23,0.627,0.618,566.0,3,1,78.0,4.2,187,8049.74,1
ACC-04544,Growth,SaaS,10,888,13,0.304,0.603,149.0,2,1,2.0,3.5,280,348.3,0
ACC-04545,Starter,SaaS,2,670,5,0.481,0.418,36.0,2,0,96.0,2.7,14,25.34,1
ACC-04546,Starter,Healthcare,1,883,6,0.369,,0.0,2,0,87.0,2.9,87,17.74,0
ACC-04547,Enterprise,Other,172,681,24,0.876,0.692,806.0,2,1,65.0,,283,20106.83,0
ACC-04548,Starter,FinTech,2,522,2,0.52,0.297,25.0,2,1,31.0,3.2,184,42.45,0
ACC-04549,Growth,FinTech,14,737,16,,,190.0,2,0,23.0,3.4,348,627.09,0
ACC-04550,Starter,SaaS,8,698,2,0.685,0.115,0.0,0,0,,4.3,130,196.84,0
ACC-04551,Starter,SaaS,2,729,10,0.02,0.277,53.0,2,0,63.0,1.6,143,54.76,0
ACC-04552,Growth,Healthcare,10,235,6,0.699,0.137,111.0,6,0,71.0,4.1,270,382.22,0
ACC-04553,Starter,SaaS,2,655,9,0.421,0.423,31.0,1,1,94.0,4.5,132,25.14,0
ACC-04554,Growth,Other,11,212,13,0.577,0.518,286.0,2,0,80.0,3.5,5,388.81,0
ACC-04555,Starter,Other,2,295,7,0.709,0.26,65.0,1,0,34.0,3.9,215,53.9,0
ACC-04556,Growth,SaaS,38,639,17,0.574,0.644,271.0,0,0,20.0,4.3,18,1730.5,0
ACC-04557,Growth,E-commerce,16,461,9,0.455,0.484,181.0,0,0,20.0,3.6,306,645.4,0
ACC-04558,Growth,Other,26,710,13,0.754,,140.0,2,0,35.0,3.8,130,864.17,1
ACC-04559,Starter,Other,2,652,8,0.246,0.169,74.0,1,0,10.0,3.2,284,36.45,0
ACC-04560,Growth,Healthcare,14,671,12,0.554,0.501,138.0,1,0,44.0,2.6,77,516.24,0
ACC-04561,Enterprise,SaaS,160,144,23,0.729,0.615,552.0,1,1,3.0,2.3,389,21701.02,0
ACC-04562,Starter,SaaS,1,106,8,0.236,0.286,19.0,0,0,74.0,4.4,241,21.19,1
ACC-04563,Starter,Healthcare,1,234,4,0.366,0.151,,1,0,82.0,3.1,241,14.17,0
ACC-04564,Enterprise,FinTech,81,329,26,0.654,0.832,731.0,2,0,55.0,3.2,86,11127.3,0
ACC-04565,Starter,E-commerce,7,740,10,0.573,0.144,53.0,2,0,54.0,2.4,266,70896.70176692808,0
ACC-04566,Growth,Healthcare,22,53,9,0.592,0.371,117.0,1,0,63.0,3.7,391,1114.07,0
ACC-04567,Growth,FinTech,32,492,9,0.54,0.601,122.0,2,0,16.0,4.5,291,974.46,0
ACC-04568,Starter,SaaS,1,710,6,0.395,0.331,45.0,3,1,19.0,2.4,392,16.98,0
ACC-04569,Growth,FinTech,19,335,15,0.456,0.607,268.0,2,0,51.0,3.9,124,684.41,1
ACC-04570,Growth,Other,26,290,3,0.867,0.581,161.0,4,0,-12.0,3.8,321,709.87,0
ACC-04571,Starter,FinTech,7,195,3,0.623,0.35,32.0,0,0,46.0,2.8,101,143.15,0
ACC-04572,Enterprise,SaaS,147,394,17,0.488,0.55,606.0,3,0,68.0,3.4,349,10968.19,0
ACC-04573,Starter,Other,8,559,1,0.296,0.453,70.0,2,1,19.0,3.4,56,128.02,0
ACC-04574,Starter,Healthcare,8,526,2,0.651,0.23,51.0,1,0,,3.5,13,164.73,0
ACC-04575,Enterprise,E-commerce,58,767,21,0.748,0.653,657.0,0,0,51.0,4.6,334,4523.48,0
ACC-04576,Starter,Healthcare,8,14,5,0.357,0.159,70.0,0,0,36.0,4.6,322,186.74,0
ACC-04577,Enterprise,FinTech,122,273,18,0.743,0.851,391.0,1,0,19.0,3.5,179,8569.37,0
ACC-04578,Starter,Other,8,327,1,0.401,0.223,46.0,1,0,38.0,4.1,273,152.02,0
ACC-04579,Growth,Other,12,360,12,0.761,0.912,,0,0,35.0,3.1,240,718.8,0
ACC-04580,Starter,FinTech,4,658,0,0.473,0.187,94.0,2,0,43.0,2.5,331,54.84,0
ACC-04581,Growth,FinTech,22,103,20,0.291,0.487,298.0,1,1,30.0,3.5,209,681.75,1
ACC-04582,Growth,SaaS,32,267,21,0.733,0.381,152.0,0,0,25.0,3.7,194,62167.9603543657,0
ACC-04583,Enterprise,E-commerce,25,62,18,,0.868,315.0,1,0,36.0,3.9,367,2819.41,0
ACC-04584,Enterprise,E-commerce,28,519,15,0.914,0.606,945.0,1,0,48.0,3.3,272,3200.71,0
ACC-04585,Growth,E-commerce,19,868,17,0.708,0.444,162.0,0,0,74.0,4.8,394,737.4,0
ACC-04586,Growth,Other,39,879,16,0.516,0.468,61.0,3,1,59.0,3.8,307,2334.37,0
ACC-04587,Growth,FinTech,18,56,21,0.785,0.544,132.0,2,1,12.0,3.8,393,990.19,0
ACC-04588,Enterprise,Healthcare,31,118,30,0.906,0.661,686.0,2,1,50.0,2.9,268,2913.97,0
ACC-04589,Growth,E-commerce,11,519,4,0.666,0.645,119.0,0,0,62.0,4.4,260,482.72,0
ACC-04590,Enterprise,E-commerce,195,251,25,0.569,0.598,900.0,4,2,70.0,3.2,195,25296.4,0
ACC-04591,Starter,SaaS,1,218,6,0.662,,9.0,3,0,36.0,4.9,156,15.97,1
ACC-04592,Growth,E-commerce,26,619,15,0.859,0.552,0.0,4,2,100.0,3.2,31,998.44,0
ACC-04593,Growth,E-commerce,17,286,17,0.448,0.174,228.0,2,1,50.0,4.2,57,549.05,0
ACC-04594,Starter,SaaS,3,544,10,0.259,0.076,73.0,1,0,29.0,5.0,259,53.41,0
ACC-04595,Starter,Healthcare,8,48,12,0.118,0.159,77.0,3,0,3.0,4.8,307,121.78,1
ACC-04596,Enterprise,FinTech,68,880,17,0.605,0.604,590.0,3,1,62.0,4.5,8,6539.77,0
ACC-04597,Growth,FinTech,8,88,9,0.796,,182.0,1,0,28.0,4.5,53,269.42,0
ACC-04598,Starter,Healthcare,9,44,12,0.527,0.202,45.0,1,1,5.0,3.0,40,174.19,0
ACC-04599,Starter,FinTech,1,384,3,0.568,,87.0,1,0,35.0,3.7,12,11.99,0
ACC-04600,Starter,E-commerce,2,791,15,0.428,0.116,33.0,0,0,87.0,3.8,179,27.44,0
ACC-04601,Growth,E-commerce,30,579,10,0.624,0.527,0.0,1,0,34.0,4.6,139,992.58,0
ACC-04602,Enterprise,SaaS,19,446,18,1.0,0.675,121.0,0,0,25.0,,248,1047.1,0
ACC-04603,Enterprise,FinTech,87,259,19,0.547,0.786,456.0,1,1,18.0,4.1,303,10435.53,0
ACC-04604,Growth,SaaS,17,215,6,0.771,0.61,28.0,1,1,92.0,3.9,309,860.85,0
ACC-04605,Growth,SaaS,18,592,6,0.9,0.448,260.0,1,0,28.0,3.2,384,717.48,0
ACC-04606,Starter,E-commerce,5,459,11,0.77,0.171,42.0,0,0,40.0,3.6,49,75.56,0
ACC-04607,Enterprise,SaaS,78,557,12,0.756,0.816,739.0,0,0,56.0,4.7,278,57867.41753764523,0
ACC-04608,Starter,Other,9,379,18,0.598,0.462,35.0,1,1,-2.0,3.5,131,182.17,1
ACC-04609,Starter,FinTech,5,280,7,0.288,0.253,33.0,3,0,17.0,2.7,158,97.03,1
ACC-04610,Enterprise,FinTech,17,172,15,0.763,0.757,781.0,5,0,34.0,4.0,140,2367.56,0
ACC-04611,Enterprise,Other,66,272,22,0.616,0.623,532.0,0,0,24.0,3.8,69,6206.54,0
ACC-04612,Starter,FinTech,6,208,0,0.069,0.422,46.0,0,0,31.0,4.1,288,95.39,0
ACC-04613,Growth,E-commerce,6,446,11,0.467,0.567,219.0,3,1,97.0,3.4,385,185.8,0
ACC-04614,Growth,Healthcare,25,269,12,0.637,,227.0,0,0,78.0,2.9,188,922.63,0
ACC-04615,Starter,Other,9,718,1,0.389,0.265,,4,0,-1.0,,243,250.86,1
ACC-04616,Starter,SaaS,3,503,4,0.331,0.659,2.0,0,0,32.0,4.0,251,54.07,0
ACC-04617,Starter,SaaS,6,284,14,0.613,0.488,67.0,2,0,70.0,4.9,149,64.89,0
ACC-04618,Growth,Other,13,87,14,0.558,0.461,124.0,1,1,33.0,4.1,299,530.5,0
ACC-04619,Growth,SaaS,15,122,15,0.972,0.51,91.0,2,0,14.0,4.1,113,522.55,0
ACC-04620,Growth,Healthcare,9,92,9,0.446,0.443,199.0,2,0,68.0,3.8,98,237.0,0
ACC-04621,Starter,E-commerce,8,299,1,0.411,0.366,61.0,2,0,,3.0,60,116.58,0
ACC-04622,Enterprise,E-commerce,163,307,19,0.459,0.693,549.0,2,1,12.0,3.5,355,17302.62,0
ACC-04623,Growth,Healthcare,36,57,2,0.608,0.854,236.0,1,1,22.0,3.6,129,2158.23,0
ACC-04624,Enterprise,Other,20,640,15,0.739,0.998,935.0,1,1,31.0,4.9,218,1366.44,0
ACC-04625,Starter,SaaS,6,482,1,0.555,0.026,49.0,1,0,21.0,2.7,75,142.58,0
ACC-04626,Growth,E-commerce,37,880,4,0.14,0.484,29.0,0,0,14.0,3.9,246,2164.94,0
ACC-04627,Enterprise,Healthcare,155,800,23,0.668,0.608,286.0,1,0,56.0,2.9,116,18248.71,0
ACC-04628,Starter,FinTech,4,24,6,0.636,0.364,42.0,2,0,22.0,4.3,142,52.93,0
ACC-04629,Starter,Other,5,634,4,0.901,0.158,1.0,3,0,-5.0,3.2,211,85.67,0
ACC-04630,Starter,FinTech,9,875,10,0.594,0.308,17.0,2,0,60.0,4.4,269,195.39,0
ACC-04631,Starter,SaaS,8,724,0,,0.528,0.0,2,1,,4.5,397,107.31,0
ACC-04632,Growth,Other,5,621,7,0.573,0.521,42.0,0,0,24.0,3.5,171,272.81,0
ACC-04633,Starter,Other,539,137,12,0.506,0.079,42.0,1,1,59.0,3.6,202,236.6,0
ACC-04634,Starter,SaaS,9,812,17,0.658,,0.0,0,0,39.0,3.6,173,235.63,0
ACC-04635,Growth,Healthcare,21,742,16,0.714,0.373,141.0,1,1,46.0,3.4,308,633.7,0
ACC-04636,Starter,SaaS,6,489,9,0.677,,0.0,2,0,38.0,3.1,333,76.27,0
ACC-04637,Starter,SaaS,1,830,4,0.373,0.337,17.0,3,1,,4.2,169,15.88,0
ACC-04638,Growth,SaaS,16,424,10,0.718,0.593,138.0,2,1,42.0,5.0,259,723.72,0
ACC-04639,Starter,Other,2,486,8,0.544,0.32,34.0,1,1,56.0,4.2,344,43.62,0
ACC-04640,Starter,SaaS,2,709,13,0.355,0.113,41.0,1,0,18.0,4.2,389,31.73,0
ACC-04641,Starter,SaaS,8,652,9,0.533,0.338,0.0,2,0,36.0,3.8,377,214.11,0
ACC-04642,Starter,Healthcare,3,502,11,0.243,0.167,39.0,3,1,50.0,3.9,187,42.86,0
ACC-04643,Growth,FinTech,25,707,9,0.423,0.542,73.0,2,1,6.0,3.4,161,689.92,0
ACC-04644,Starter,SaaS,8,809,10,0.485,0.195,21.0,1,0,45.0,4.4,155,166.52,0
ACC-04645,Starter,SaaS,6,588,4,0.449,0.366,27.0,2,0,33.0,3.8,204,128.09,0
ACC-04646,Enterprise,Healthcare,54,805,21,0.939,0.635,631.0,3,1,56.0,4.3,341,6737.62,0
ACC-04647,Enterprise,E-commerce,59,378,23,0.717,0.737,1130.0,2,0,41.0,5.0,368,6759.37,0
ACC-04648,Starter,Healthcare,5,483,5,0.529,0.397,0.0,0,0,57.0,4.1,14,92.22,0
ACC-04649,Starter,SaaS,9,588,2,,0.299,67.0,0,0,66.0,4.0,109,209.15,0
ACC-04650,Growth,FinTech,37,522,15,0.94,0.888,86.0,1,0,4.0,3.1,325,2034.39,0
ACC-04651,Enterprise,Healthcare,142,172,19,0.674,0.727,601.0,0,0,52.0,4.3,112,13350.15,0
ACC-04652,Enterprise,SaaS,95,418,21,0.729,0.627,830.0,3,1,77.0,3.2,31,9638.23,0
ACC-04653,Starter,SaaS,2,133,10,0.241,0.401,29.0,2,2,41.0,4.2,353,31.2,0
ACC-04654,Starter,FinTech,2,624,13,0.741,0.377,64.0,0,0,49.0,4.4,343,44.21,0
ACC-04655,Starter,FinTech,5,721,10,0.406,0.054,7.0,2,0,,4.5,293,101.57,1
ACC-04656,Enterprise,SaaS,170,618,22,0.829,0.865,410.0,2,0,57.0,4.5,20,21100.6,0
ACC-04657,Enterprise,Other,18,780,18,0.6,0.728,799.0,2,0,44.0,3.4,96,1403.87,0
ACC-04658,Starter,FinTech,8,590,5,0.623,0.11,35.0,4,0,77.0,2.8,138,162.66,0
ACC-04659,Growth,E-commerce,6,350,15,0.746,0.56,175.0,2,0,50.0,4.5,178,227.08,0
ACC-04660,Starter,SaaS,8,69,5,0.235,0.238,36.0,4,0,-1.0,4.3,94,107.19,0
ACC-04661,Growth,E-commerce,35,43,15,0.449,0.823,203.0,1,1,50.0,2.8,49,1258.44,0
ACC-04662,Enterprise,E-commerce,82,867,16,0.89,0.872,697.0,2,0,29.0,5.0,371,4918.87,0
ACC-04663,Growth,Other,26,704,22,0.528,0.41,173.0,3,1,38.0,4.1,45,1107.75,1
ACC-04664,Starter,FinTech,3,311,8,0.229,,,1,0,4.0,4.0,252,32.84,0
ACC-04665,Growth,Healthcare,37,860,14,0.473,0.579,2.0,2,1,2.0,2.6,300,1986.53,0
ACC-04666,Starter,FinTech,4,232,5,0.02,0.443,0.0,4,2,40.0,2.7,213,86.91,1
ACC-04667,Enterprise,E-commerce,48,698,29,0.871,0.496,648.0,1,0,86.0,4.7,184,3766.24,0
ACC-04668,Starter,Other,3,200,1,0.473,0.234,36.0,2,0,-6.0,4.2,129,33.8,0
ACC-04669,Enterprise,E-commerce,154,642,17,0.679,0.548,818.0,2,0,12.0,5.0,203,15087.07,0
ACC-04670,Starter,Healthcare,1,75,11,0.401,0.638,21.0,0,0,38.0,5.0,202,26.48,0
ACC-04671,Starter,Other,1,619,8,0.479,0.316,93.0,1,1,76.0,2.5,201,10.44,0
ACC-04672,Starter,Other,6,418,4,0.632,0.19,21.0,4,2,42.0,3.1,323,159.2,0
ACC-04673,Starter,SaaS,9,529,5,0.64,0.197,48.0,2,0,-1.0,2.8,366,245.29,0
ACC-04674,Starter,SaaS,5,50,6,0.505,0.28,20.0,0,0,11.0,2.2,129,70.41,0
ACC-04675,Growth,E-commerce,1,341,13,0.789,0.431,293.0,3,2,16.0,4.0,58,808.09,0
ACC-04676,Starter,Other,2,156,14,0.514,0.179,0.0,3,1,36.0,2.1,282,69834.3935040412,0
ACC-04677,Starter,FinTech,9,560,10,0.774,0.439,79.0,4,1,62.0,,78,234.33,0
ACC-04678,Starter,FinTech,6,18,12,0.54,0.214,44.0,1,0,69.0,4.9,122,160.57,0
ACC-04679,Starter,E-commerce,7,815,5,0.497,0.488,,4,0,22.0,3.5,376,92.61,0
ACC-04680,Enterprise,SaaS,37,168,22,0.611,0.854,834.0,0,0,47.0,4.9,296,4502.62,0
ACC-04681,Enterprise,SaaS,75,476,13,0.727,0.673,716.0,0,0,52.0,4.5,108,9509.9,0
ACC-04682,Starter,SaaS,4,895,8,0.296,0.02,23.0,1,0,84.0,3.4,219,61.57,0
ACC-04683,Growth,SaaS,29,377,14,0.497,0.671,215.0,1,0,63.0,4.5,69,952.25,0
ACC-04684,Growth,Healthcare,14,493,21,0.472,0.55,168.0,3,0,-1.0,4.9,334,519.54,0
ACC-04685,Enterprise,FinTech,46,864,27,0.949,0.47,440.0,0,0,94.0,5.0,217,6385.33,0
ACC-04686,Starter,SaaS,9,73,6,0.548,0.391,101.0,6,2,55.0,3.9,8,109.33,1
ACC-04687,Starter,E-commerce,7,512,3,,0.255,27.0,5,0,63.0,4.0,101,183.82,1
ACC-04688,Growth,FinTech,25,513,9,0.448,0.473,277.0,1,1,47.0,5.0,209,1180.95,0
ACC-04689,Enterprise,FinTech,76,655,19,0.55,0.734,0.0,0,0,31.0,,7,9990.39,0
ACC-04690,Growth,FinTech,32,546,19,0.401,0.514,240.0,2,0,50.0,4.5,100,1501.69,0
ACC-04691,Growth,SaaS,15,439,15,0.491,0.529,162.0,2,0,47.0,3.8,43,413.13,0
ACC-04692,Starter,Healthcare,9,499,9,0.286,0.357,13.0,2,1,-4.0,4.3,382,197.4,0
ACC-04693,Growth,SaaS,555,266,17,0.462,0.76,141.0,2,0,55.0,2.4,210,220.19,0
ACC-04694,Enterprise,SaaS,104,311,16,0.918,,374.0,2,0,,4.6,101,9007.47,0
ACC-04695,Starter,SaaS,2,855,4,0.307,0.287,0.0,0,0,49.0,3.3,95,46.69,0
ACC-04696,Growth,FinTech,7,596,15,0.551,0.767,278.0,2,0,80.0,5.0,70,305.04,0
ACC-04697,Starter,SaaS,3,618,3,0.345,0.494,37.0,0,0,3.0,2.8,74,39.36,0
ACC-04698,Growth,FinTech,37,140,6,0.775,0.581,203.0,2,1,-25.0,4.8,112,2142.35,0
ACC-04699,Growth,SaaS,18,356,8,0.515,0.337,229.0,3,0,27.0,4.4,5,957.58,0
ACC-04700,Growth,SaaS,11,208,18,0.598,0.405,199.0,1,0,20.0,4.5,210,589.5,0
ACC-04701,Enterprise,Other,180,854,18,0.763,0.389,0.0,2,1,32.0,4.5,76,13799.23,0
ACC-04702,Growth,FinTech,34,895,14,,0.462,215.0,4,1,74.0,2.6,385,1983.14,0
ACC-04703,Starter,SaaS,8,310,2,0.427,0.289,12.0,0,0,22.0,4.3,60,219.38,0
ACC-04704,Starter,E-commerce,5,382,9,0.405,0.123,0.0,3,0,45.0,4.2,296,95.92,1
ACC-04705,Starter,SaaS,3,620,6,0.101,0.162,22.0,0,0,33.0,3.9,77,36.9,0
ACC-04706,Starter,Healthcare,4,144,9,0.442,0.261,44.0,2,0,60.0,3.1,377,107.72,0
ACC-04707,Starter,SaaS,9,511,5,0.482,0.506,58.0,2,0,59.0,2.9,334,209.1,0
ACC-04708,Growth,FinTech,17,206,15,0.854,0.493,118.0,2,2,71.0,3.1,43,829.28,0
ACC-04709,Starter,Other,1,481,5,0.537,0.369,87.0,3,0,,3.0,50,10.97,0
ACC-04710,Starter,SaaS,1,655,7,0.669,0.538,40.0,1,0,66.0,4.2,387,10.19,0
ACC-04711,Growth,SaaS,38,669,12,1.0,0.359,430.0,2,0,42.0,3.7,72,1673.09,0
ACC-04712,Starter,E-commerce,1,116,7,0.408,0.316,33.0,3,0,21.0,3.7,288,19.61,0
ACC-04713,Growth,Other,10,270,14,0.879,0.51,151.0,1,0,34.0,4.9,17,544.88,0
ACC-04714,Enterprise,FinTech,181,327,18,0.575,0.518,651.0,0,0,45.0,4.0,251,12044.24,0
ACC-04715,Growth,E-commerce,17,656,12,0.383,0.441,162.0,2,1,44.0,4.2,353,826.69,0
ACC-04716,Starter,SaaS,9,304,8,,0.421,3.0,3,0,46.0,4.5,167,208.11,0
ACC-04717,Starter,E-commerce,2,424,9,0.261,0.346,30.0,0,0,,,23,49.69,0
ACC-04718,Growth,SaaS,25,215,13,0.492,0.861,143.0,0,0,78.0,4.8,60,1010.48,0
ACC-04719,Growth,E-commerce,35,319,9,0.59,0.575,109.0,3,0,57.0,4.1,99,2044.26,0
ACC-04720,Starter,SaaS,8,436,7,0.623,,43.0,2,0,33.0,4.3,39,170.11,1
ACC-04721,Growth,E-commerce,23,200,16,0.807,0.442,,0,0,24.0,4.3,204,886.34,0
ACC-04722,Growth,SaaS,27,111,7,0.614,0.473,270.0,2,1,37.0,4.3,15,1415.04,0
ACC-04723,Starter,Healthcare,7,140,1,0.45,0.739,41.0,2,1,60.0,1.5,7,75.06,0
ACC-04724,Growth,Healthcare,14,418,10,0.464,0.395,177.0,2,0,68.0,3.2,371,616.11,0
ACC-04725,Starter,Other,6,159,6,0.506,0.294,55.0,1,0,27.0,5.0,14,166.03,1
ACC-04726,Starter,Other,9,42,0,0.311,0.438,34.0,1,0,10.0,4.1,75,174.4,0
ACC-04727,Enterprise,FinTech,91,752,23,0.818,0.759,887.0,2,0,,4.8,245,7919.69,0
ACC-04728,Starter,E-commerce,2,873,6,0.309,0.224,61.0,2,1,45.0,3.7,48,54.7,0
ACC-04729,Growth,SaaS,23,466,2,0.619,0.303,362.0,2,0,19.0,4.0,207,1368.73,0
ACC-04730,Starter,Other,3,549,2,0.577,0.274,70.0,0,0,18.0,3.2,178,46.9,0
ACC-04731,Starter,E-commerce,6,161,6,0.503,0.36,80.0,1,0,5.0,4.0,362,131.06,1
ACC-04732,Enterprise,FinTech,28,80,12,0.623,0.527,757.0,1,0,20.0,4.5,101,3369.49,0
ACC-04733,Starter,FinTech,3,84,11,0.654,0.316,68.0,2,0,49.0,,72,49.06,0
ACC-04734,Starter,Healthcare,2,182,8,0.641,0.302,2.0,3,0,30.0,2.5,80,46.7,0
ACC-04735,Enterprise,Healthcare,76,112,23,0.864,0.694,866.0,1,0,50.0,4.1,199,8295.43,0
ACC-04736,Growth,Healthcare,10,666,8,0.493,0.591,353.0,0,0,34.0,4.8,40,464.04,0
ACC-04737,Growth,E-commerce,25,696,15,0.737,0.25,187.0,2,1,2.0,3.3,57,1232.07,1
ACC-04738,Starter,FinTech,9,662,4,0.739,,111.0,0,0,26.0,3.1,9,236.85,0
ACC-04739,Starter,Other,3,268,6,0.177,0.374,45.0,0,0,,3.0,24,72.28,0
ACC-04740,Growth,E-commerce,14,337,15,,0.465,190.0,0,0,44.0,3.9,353,611.33,0
ACC-04741,Starter,E-commerce,7,331,7,0.76,0.303,50.0,1,0,-17.0,3.4,157,89.72,0
ACC-04742,Starter,E-commerce,6,145,11,0.568,0.414,52.0,2,0,61.0,4.9,246,77.21,1
ACC-04743,Growth,E-commerce,20,432,14,0.478,0.371,99.0,0,0,16.0,3.3,122,648.41,0
ACC-04744,Starter,Healthcare,2,488,5,0.388,0.177,17.0,3,2,18.0,2.8,212,45.44,0
ACC-04745,Starter,E-commerce,2,195,11,0.758,0.12,48.0,2,1,78.0,2.9,161,22.0,1
ACC-04746,Starter,Other,2,258,12,0.6,0.556,59.0,4,0,,3.9,240,47.7,0
ACC-04747,Growth,Other,22,430,13,0.66,,25.0,1,1,21.0,3.8,398,1142.72,0
ACC-04748,Growth,FinTech,20,99,19,0.697,0.282,45.0,2,1,84.0,3.6,134,903.52,0
ACC-04749,Enterprise,SaaS,72,535,19,0.743,0.603,299.0,1,1,69.0,3.3,277,10039.04,0
ACC-04750,Starter,E-commerce,7,320,6,,0.571,0.0,0,0,100.0,3.6,63,94.55,0
ACC-04751,Starter,E-commerce,9,642,7,0.484,0.493,68.0,2,0,33.0,5.0,24,90.71,0
ACC-04752,Growth,E-commerce,36,679,12,,0.527,114.0,0,0,47.0,,346,1237.84,0
ACC-04753,Starter,Other,6,342,6,0.119,0.336,1.0,0,0,65.0,3.2,185,140.85,0
ACC-04754,Growth,SaaS,8,327,10,0.543,0.638,50.0,0,0,4.0,3.0,230,410.78,0
ACC-04755,Enterprise,FinTech,16,481,16,0.884,0.733,407.0,0,0,38.0,3.1,253,2165.51,0
ACC-04756,Growth,Other,21,50,13,,0.367,235.0,1,0,,4.1,318,1033.3,0
ACC-04757,Starter,Other,1,184,12,0.385,0.583,46.0,2,1,11.0,3.3,256,23.73,1
ACC-04758,Enterprise,FinTech,185,120,24,0.901,0.782,931.0,0,0,17.0,2.7,315,23120.22,0
ACC-04759,Starter,SaaS,8,265,9,0.428,0.381,14.0,5,1,50.0,3.0,18,129.13,0
ACC-04760,Enterprise,FinTech,80,542,26,0.654,0.487,1078.0,1,0,24.0,3.9,47,9245.11,0
ACC-04761,Growth,FinTech,25,230,13,1.0,0.678,55.0,1,0,44.0,3.9,334,1300.75,0
ACC-04762,Growth,E-commerce,18,476,9,0.532,0.469,126.0,2,0,40.0,4.0,306,722.13,0
ACC-04763,Enterprise,SaaS,152,627,18,0.819,0.655,403.0,0,0,,3.0,223,11014.18,0
ACC-04764,Growth,FinTech,38,611,13,0.639,0.506,127.0,1,0,74.0,3.2,227,1383.04,0
ACC-04765,Growth,E-commerce,38,484,11,0.665,0.395,140.0,4,1,15.0,3.9,230,1815.48,1
ACC-04766,Starter,E-commerce,2,520,10,0.445,0.47,33.0,1,0,47.0,4.4,252,48.8,0
ACC-04767,Growth,E-commerce,15,405,17,0.634,0.53,71.0,0,0,60.0,3.7,382,526.16,0
ACC-04768,Growth,FinTech,34,454,5,0.431,,345.0,0,0,24.0,2.1,228,1453.71,0
ACC-04769,Starter,FinTech,4,718,6,0.473,0.364,0.0,1,0,,5.0,243,64.27,0
ACC-04770,Growth,FinTech,35,434,0,0.323,0.49,336.0,2,0,17.0,3.9,30,1123.7,0
ACC-04771,Growth,Other,35,325,13,0.603,0.729,241.0,0,0,71.0,3.4,122,1039.41,0
ACC-04772,Starter,FinTech,9,865,7,0.228,0.493,,2,0,59.0,2.9,331,156.99,0
ACC-04773,Starter,E-commerce,3,826,15,0.322,0.169,5.0,0,0,29.0,5.0,330,62.97,0
ACC-04774,Growth,E-commerce,29,777,20,0.471,0.342,149.0,2,1,86.0,4.1,134,932.42,0
ACC-04775,Starter,Other,7,741,11,0.474,0.364,42.0,3,2,9.0,4.9,336,108.73,0
ACC-04776,Starter,FinTech,1,353,3,0.639,0.427,36.0,1,0,48.0,3.3,68,14.69,0
ACC-04777,Growth,FinTech,28,864,8,0.375,0.478,,0,0,4.0,3.4,17,936.36,0
ACC-04778,Starter,Other,4,592,2,0.597,0.489,0.0,2,0,,2.7,307,95.2,1
ACC-04779,Starter,SaaS,3,803,14,0.352,0.342,13.0,2,0,27.0,4.7,159,32.66,0
ACC-04780,Growth,E-commerce,6,32,9,0.696,0.518,140.0,1,0,21.0,5.0,397,232.11,0
ACC-04781,Starter,FinTech,6,108,5,0.14,0.392,59.0,2,0,50.0,2.0,289,147.21,0
ACC-04782,Enterprise,Other,122,32,16,0.529,0.684,765.0,1,0,44.0,3.3,72,10904.85,0
ACC-04783,Enterprise,Healthcare,163,897,14,1.0,0.691,760.0,0,0,51.0,5.0,206,9232.42,0
ACC-04784,Growth,SaaS,30,296,14,0.307,0.64,298.0,4,0,32.0,,6,798.06,0
ACC-04785,Enterprise,Healthcare,137,48,21,0.739,0.717,845.0,0,0,12.0,3.2,42,10926.62,0
ACC-04786,Enterprise,Healthcare,194,682,10,0.774,0.602,641.0,1,0,58.0,4.0,251,15601.54,0
ACC-04787,Starter,E-commerce,6,715,1,0.469,0.544,0.0,2,0,67.0,4.9,339,74.6,0
ACC-04788,Growth,SaaS,36,833,14,0.871,0.658,129.0,1,0,34.0,4.1,268,2004.56,0
ACC-04789,Starter,SaaS,1,526,7,0.166,0.172,38.0,0,0,67.0,3.8,83,12.89,0
ACC-04790,Growth,E-commerce,16,619,11,0.478,0.279,191.0,2,0,89.0,5.0,376,882.65,0
ACC-04791,Growth,FinTech,22,561,16,0.584,0.645,66.0,1,0,75.0,3.5,72,667.91,0
ACC-04792,Starter,Other,9,639,1,0.296,0.387,56.0,1,0,48.0,2.8,161,145.05,0
ACC-04793,Starter,SaaS,7,472,4,0.458,0.342,8.0,4,2,25.0,3.7,306,171.14,0
ACC-04794,Enterprise,E-commerce,190,42,22,0.754,,,4,1,10.0,3.4,167,24019.09,0
ACC-04795,Starter,SaaS,2,162,4,0.452,0.283,0.0,1,0,58.0,3.4,155,33.75,0
ACC-04796,Starter,E-commerce,9,838,8,0.205,0.553,65.0,0,0,25.0,3.8,288,144.48,0
ACC-04797,Starter,SaaS,6,56,2,0.122,,3.0,0,0,58.0,4.2,347,86.59,0
ACC-04798,Growth,FinTech,24,90,9,0.442,,22.0,1,0,15.0,3.2,167,1282.7,0
ACC-04799,Enterprise,SaaS,139,723,12,0.781,0.633,293.0,0,0,73.0,3.2,63,16019.38,0
ACC-04800,Growth,E-commerce,31,852,4,0.414,,166.0,3,0,26.0,,7,1526.84,0
ACC-04801,Growth,FinTech,23,409,11,0.646,0.223,217.0,1,0,12.0,3.1,103,1268.27,0
ACC-04802,Starter,Healthcare,3,139,9,0.437,0.38,51.0,0,0,41.0,4.6,364,31.24,1
ACC-04803,Starter,SaaS,2,535,6,0.666,0.311,33.0,1,0,18.0,3.7,172,32.84,0
ACC-04804,Growth,E-commerce,7,43,18,0.441,,104.0,2,0,,3.6,244,197.69,0
ACC-04805,Enterprise,E-commerce,116,333,18,0.852,1.0,35.0,0,0,59.0,3.9,170,14462.61,0
ACC-04806,Growth,SaaS,7,513,3,0.829,0.558,136.0,0,0,26.0,3.4,225,269.0,0
ACC-04807,Starter,SaaS,1,794,9,0.351,0.357,34.0,3,0,60.0,,222,11.27,0
ACC-04808,Growth,FinTech,33,114,8,0.643,0.33,141.0,2,1,51.0,3.1,201,1482.4,0
ACC-04809,Growth,E-commerce,6,551,14,0.625,0.498,195.0,1,0,37.0,,245,224.6,0
ACC-04810,Growth,Other,10,39,3,0.37,0.472,,1,0,35.0,4.8,303,501.23,0
ACC-04811,Growth,SaaS,31,426,12,0.79,0.59,111.0,0,0,25.0,3.4,361,1702.71,0
ACC-04812,Growth,Healthcare,33,605,16,0.208,0.81,205.0,2,0,23.0,4.6,318,1833.95,0
ACC-04813,Growth,Healthcare,7,45,16,0.771,0.58,159.0,1,0,46.0,3.0,285,194.16,0
ACC-04814,Enterprise,E-commerce,168,668,19,1.0,0.575,305.0,2,0,56.0,3.1,230,23178.53,0
ACC-04815,Growth,E-commerce,26,887,13,0.191,0.596,124.0,1,0,55.0,4.2,213,832.39,0
ACC-04816,Starter,Other,7,273,5,0.541,0.358,43.0,0,0,75.0,,141,124.47,0
ACC-04817,Starter,E-commerce,9,684,6,,,61.0,4,0,41.0,4.9,281,103.08,0
ACC-04818,Growth,Healthcare,14,486,16,0.508,0.415,,0,0,81.0,,62,585.85,0
ACC-04819,Growth,SaaS,23,827,10,0.537,0.562,156.0,0,0,40.0,3.1,116,629.18,0
ACC-04820,Growth,Healthcare,6,533,10,0.577,0.48,298.0,3,1,46.0,3.1,392,58794.66032418341,0
ACC-04821,Growth,Other,35,725,6,0.576,0.473,102.0,0,0,100.0,2.5,111,1011.46,0
ACC-04822,Starter,Other,1,156,10,0.512,0.432,0.0,3,0,65.0,4.8,294,24.65,0
ACC-04823,Growth,FinTech,18,240,12,0.644,0.379,75.0,4,0,45.0,3.6,231,754.44,0
ACC-04824,Growth,Other,17,403,7,0.519,0.585,125.0,0,0,59.0,4.6,5,1000.4,0
ACC-04825,Starter,SaaS,6,814,11,0.715,0.502,13.0,2,0,47.0,4.9,237,112.06,0
ACC-04826,Starter,E-commerce,5,578,7,0.361,0.408,17.0,2,0,91.0,4.4,249,76.98,0
ACC-04827,Starter,FinTech,2,201,3,0.347,0.029,0.0,2,1,32.0,2.0,308,25.15,1
ACC-04828,Starter,E-commerce,9,798,11,,,42.0,4,2,8.0,4.9,13,157.37,1
ACC-04829,Growth,FinTech,11,562,11,0.698,,70.0,3,1,37.0,3.8,393,498.55,0
ACC-04830,Enterprise,SaaS,132,385,13,0.722,0.78,71.0,2,0,28.0,3.2,57,15671.95,0
ACC-04831,Growth,SaaS,3,354,17,0.171,0.706,26.0,2,0,29.0,3.5,60,1638.63,0
ACC-04832,Starter,SaaS,7,633,3,0.605,0.139,0.0,0,0,,2.8,232,89.92,0
ACC-04833,Growth,FinTech,36,794,26,0.857,0.34,257.0,2,1,66.0,3.5,325,2110.5,0
ACC-04834,Growth,Other,28,458,11,0.723,0.446,190.0,1,0,56.0,2.4,327,1007.38,0
ACC-04835,Starter,Healthcare,3,761,0,0.614,0.212,106.0,3,0,87.0,4.0,51,22.05,0
ACC-04836,Enterprise,Healthcare,169,640,28,0.553,0.766,791.0,1,0,52.0,4.2,256,16874.24,0
ACC-04837,Starter,Healthcare,4,79,7,0.3,0.33,88.0,2,0,65.0,5.0,223,104.16,0
ACC-04838,Starter,FinTech,3,713,8,0.513,0.226,36.0,3,0,38.0,2.5,263,39.39,0
ACC-04839,Starter,E-commerce,1,510,8,0.32,0.285,20.0,1,0,26.0,2.2,52,22.21,0
ACC-04840,Starter,E-commerce,9,484,1,0.504,0.335,5.0,1,0,18.0,2.4,286,201.45,0
ACC-04841,Enterprise,SaaS,77,556,10,0.823,0.709,364.0,0,0,68.0,3.3,281,4696.12,0
ACC-04842,Growth,E-commerce,5,68,22,0.621,,94.0,5,0,59.0,3.1,205,140.41,0
ACC-04843,Starter,Healthcare,8,817,0,0.501,0.299,12.0,2,0,55.0,3.0,183,122.01,0
ACC-04844,Growth,E-commerce,6,789,20,0.513,0.161,285.0,0,0,25.0,4.6,286,209.38,0
ACC-04845,Starter,Healthcare,3,898,9,0.432,0.149,13.0,2,0,82.0,4.0,371,44.18,0
ACC-04846,Starter,SaaS,8,546,8,0.364,0.478,61.0,0,0,33.0,3.4,366,143.85,0
ACC-04847,Starter,Healthcare,5,226,5,0.598,0.534,2.0,0,0,38.0,4.2,387,67.9,0
ACC-04848,Growth,SaaS,7,546,23,0.606,,220.0,1,0,30.0,2.5,341,205.73,0
ACC-04849,Starter,Other,8,263,4,0.531,0.274,27.0,0,0,46.0,3.0,165,135.69,0
ACC-04850,Growth,SaaS,35,465,10,0.383,0.353,226.0,1,0,68.0,2.9,257,1230.54,1
ACC-04851,Starter,FinTech,3,723,10,0.477,0.491,63.0,3,1,43.0,3.6,100,82.75,0
ACC-04852,Growth,FinTech,31,168,10,0.53,0.701,190.0,2,0,37.0,4.7,292,836.84,0
ACC-04853,Enterprise,SaaS,172,416,15,,0.634,388.0,1,0,14.0,3.9,17,14620.09,0
ACC-04854,Starter,FinTech,8,444,6,0.434,0.331,22.0,2,0,80.0,4.2,395,102.15,0
ACC-04855,Starter,SaaS,2,837,10,0.537,0.02,23.0,1,0,4.0,4.2,386,44.92,0
ACC-04856,Enterprise,E-commerce,177,489,28,0.674,0.617,338.0,1,0,,3.0,244,15079.42,0
ACC-04857,Growth,Other,8,316,22,0.66,0.496,127.0,0,0,52.0,2.5,161,264.98,0
ACC-04858,Growth,FinTech,5,354,5,0.481,0.445,180.0,1,0,35.0,4.6,335,126.25,0
ACC-04859,Starter,E-commerce,5,282,11,0.251,0.195,42.0,0,0,51.0,3.5,362,64.86,0
ACC-04860,Starter,Other,1,146,2,0.366,0.298,89.0,2,0,37.0,4.8,109,17.63,1
ACC-04861,Growth,FinTech,39,643,9,0.57,0.483,146.0,2,0,2.0,4.2,366,1026.14,0
ACC-04862,Enterprise,Healthcare,1,689,17,0.852,0.536,1358.0,1,0,0.0,3.7,136,4038.67,0
ACC-04863,Starter,FinTech,8,190,4,0.475,0.207,31.0,2,1,-4.0,5.0,32,122.46,1
ACC-04864,Growth,FinTech,20,418,8,0.446,0.556,161.0,3,2,95.0,3.5,203,1156.16,1
ACC-04865,Growth,SaaS,18,681,2,0.385,0.51,197.0,1,0,,,32,1054.29,0
ACC-04866,Starter,SaaS,6,634,13,0.572,0.521,35.0,3,0,27.0,3.3,181,60.36,0
ACC-04867,Starter,E-commerce,1,84,11,0.491,0.468,0.0,4,1,65.0,3.5,240,10.26,0
ACC-04868,Starter,Healthcare,9,55,7,0.234,0.235,41.0,8,2,63.0,2.9,54,224.94,1
ACC-04869,Growth,SaaS,26,77,8,0.608,0.568,0.0,1,0,19.0,,179,918.13,0
ACC-04870,Growth,Other,37,460,18,0.449,0.56,333.0,0,0,24.0,2.9,384,2137.85,0
ACC-04871,Growth,FinTech,27,823,12,0.827,0.548,355.0,1,0,36.0,5.0,143,1472.5,0
ACC-04872,Starter,FinTech,5,79,4,0.584,0.313,0.0,0,0,22.0,3.6,121,57.57,0
ACC-04873,Growth,Other,38,635,5,0.613,0.901,104.0,0,0,,3.3,207,1873.46,0
ACC-04874,Growth,Other,29,663,15,0.613,0.588,204.0,1,1,100.0,4.4,189,1395.12,0
ACC-04875,Growth,E-commerce,31,867,11,0.671,0.634,41.0,1,0,27.0,4.0,95,1749.95,0
ACC-04876,Growth,SaaS,32,528,14,0.694,,283.0,0,0,23.0,2.6,243,1387.72,0
ACC-04877,Starter,SaaS,1,860,8,0.338,0.328,49.0,0,0,,4.2,288,15.1,0
ACC-04878,Growth,SaaS,30,413,16,0.417,0.37,97.0,0,0,-24.0,2.5,87,953.75,0
ACC-04879,Starter,Healthcare,5,248,8,0.313,0.296,46.0,2,0,43.0,,108,72.4,0
ACC-04880,Starter,FinTech,1,875,5,,0.307,45.0,1,0,15.0,2.6,345,22.52,0
ACC-04881,Starter,Healthcare,2,475,9,0.427,0.69,23.0,0,0,78.0,4.5,32,20.54,0
ACC-04882,Growth,SaaS,34,302,17,0.243,0.833,,1,0,16.0,4.4,76,1783.61,0
ACC-04883,Growth,FinTech,9,583,20,0.386,0.642,124.0,3,1,37.0,3.9,33,475.48,0
ACC-04884,Starter,FinTech,8,388,2,0.398,0.242,45.0,0,0,35.0,3.4,185,98.27,0
ACC-04885,Enterprise,E-commerce,73,676,25,0.792,,,1,0,47.0,,90,7450.33,0
ACC-04886,Enterprise,E-commerce,129,667,13,0.859,0.516,779.0,1,1,57.0,2.5,284,17980.78,0
ACC-04887,Starter,Other,1,30,11,0.515,0.406,53.0,4,0,50.0,4.1,34,15.2,1
ACC-04888,Growth,Other,5,479,10,0.693,0.426,162.0,1,0,11.0,3.9,328,277.01,0
ACC-04889,Starter,Healthcare,7,771,11,0.567,0.333,22.0,0,0,44.0,,395,103.11,0
ACC-04890,Enterprise,SaaS,45,597,26,0.541,0.722,709.0,2,0,64.0,4.2,67,6118.1,0
ACC-04891,Starter,Other,5,652,8,,0.443,35.0,1,0,21.0,,300,136.02,0
ACC-04892,Starter,Other,4,878,7,0.177,0.113,20.0,3,0,28.0,3.5,230,67.07,0
ACC-04893,Growth,Other,27,318,13,0.163,0.556,236.0,0,0,55.0,3.0,80,1372.93,0
ACC-04894,Starter,FinTech,2,630,5,0.161,0.552,26.0,2,0,9.0,3.3,376,30.87,0
ACC-04895,Growth,SaaS,32,40,18,0.66,0.345,25.0,0,0,52.0,,353,1247.93,0
ACC-04896,Growth,Healthcare,21,147,13,0.611,0.407,194.0,0,0,52.0,3.7,36,1053.25,0
ACC-04897,Starter,FinTech,2,632,0,,0.471,85.0,2,1,8.0,3.4,112,22.69,0
ACC-04898,Growth,FinTech,38,199,17,1.0,0.387,258.0,1,0,50.0,3.3,113,1789.34,0
ACC-04899,Enterprise,FinTech,91,711,24,0.9,0.764,842.0,1,0,34.0,3.6,179,5046.19,0
ACC-04900,Growth,E-commerce,8,784,13,,,131.0,1,0,25.0,4.1,248,394.76,0
ACC-04901,Growth,FinTech,14,806,9,0.635,0.578,70.0,1,0,58.0,3.6,151,514.25,0
ACC-04902,Starter,Healthcare,8,56,2,0.444,0.243,39.0,2,0,17.0,3.1,263,156.0,0
ACC-04903,Starter,E-commerce,6,302,3,0.47,0.522,47.0,1,0,43.0,3.8,207,159.85,0
ACC-04904,Enterprise,E-commerce,151,465,21,0.549,0.604,906.0,0,0,45.0,3.7,369,15559.29,0
ACC-04905,Growth,SaaS,27,28,5,0.849,0.478,139.0,0,0,51.0,4.5,33,1402.76,0
ACC-04906,Growth,Other,19,816,15,0.324,,158.0,2,0,72.0,3.2,41,630.92,0
ACC-04907,Enterprise,FinTech,53,869,20,0.635,0.594,507.0,1,0,51.0,3.6,162,6442.43,0
ACC-04908,Starter,FinTech,4,701,13,0.369,0.387,71.0,0,0,43.0,4.7,319,101.14,0
ACC-04909,Growth,FinTech,7,260,16,0.409,0.696,150.0,1,0,24.0,3.8,313,279.57,0
ACC-04910,Starter,FinTech,2,116,4,0.228,,13.0,2,1,57.0,2.5,349,35.2,0
ACC-04911,Starter,E-commerce,1,746,0,0.395,0.312,27.0,2,2,52.0,5.0,69,10.2,0
ACC-04912,Growth,SaaS,26,670,9,0.793,0.737,125.0,0,0,15.0,,23,1485.96,0
ACC-04913,Starter,Other,8,851,13,0.515,0.431,1.0,1,0,32.0,4.2,335,210.92,0
ACC-04914,Enterprise,SaaS,109,352,21,,0.671,627.0,1,0,16.0,4.2,57,14531.77,0
ACC-04915,Starter,Other,3,163,10,0.153,0.34,4.0,2,0,49.0,4.4,214,60.8,0
ACC-04916,Enterprise,E-commerce,190,812,17,0.502,0.834,172.0,1,0,37.0,,180,11919.44,0
ACC-04917,Growth,SaaS,37,109,15,0.455,0.254,163.0,1,0,50.0,4.7,298,960.85,0
ACC-04918,Growth,E-commerce,26,521,6,0.086,0.393,238.0,2,0,32.0,2.9,201,1270.74,0
ACC-04919,Enterprise,FinTech,59,431,24,0.714,0.528,851.0,0,0,44.0,4.2,4,4737.94,0
ACC-04920,Starter,Other,8,500,2,0.397,0.311,46.0,0,0,47.0,2.8,112,152.02,0
ACC-04921,Starter,Healthcare,1,370,0,0.357,0.467,63.0,2,0,53.0,2.8,345,20.69,0
ACC-04922,Starter,E-commerce,495,21,17,0.126,0.21,29.0,2,1,40.0,3.1,280,83.03,0
ACC-04923,Starter,FinTech,5,564,8,0.255,0.379,57.0,0,0,11.0,3.3,349,84.83,0
ACC-04924,Enterprise,Other,198,235,20,0.969,0.869,314.0,3,0,62.0,3.9,185,17716.66,0
ACC-04925,Growth,E-commerce,35,117,5,0.516,0.656,82.0,2,1,63.0,3.0,145,1377.13,0
ACC-04926,Starter,E-commerce,7,379,10,0.563,0.254,61.0,0,0,,4.1,270,121.96,0
ACC-04927,Starter,FinTech,6,271,11,0.217,0.378,102.0,1,0,15.0,3.4,116,120.49,1
ACC-04928,Growth,FinTech,22,655,12,0.524,0.501,18.0,1,0,,4.0,368,1048.91,1
ACC-04929,Growth,Healthcare,29,334,17,0.584,0.572,68.0,1,0,13.0,1.8,98,953.21,0
ACC-04930,Starter,E-commerce,1,474,12,0.536,0.299,,5,1,-14.0,2.7,255,25.46,0
ACC-04931,Growth,Other,25,443,15,0.472,0.253,,2,2,59.0,3.9,173,1214.71,0
ACC-04932,Growth,E-commerce,30,769,3,0.593,0.541,40.0,0,0,2.0,3.7,357,1014.48,0
ACC-04933,Growth,E-commerce,32,105,8,0.376,0.605,223.0,0,0,54.0,,91,1253.39,0
ACC-04934,Starter,FinTech,7,44,15,0.539,,0.0,1,0,3.0,5.0,183,162.1,0
ACC-04935,Growth,Healthcare,17,782,13,0.402,0.517,283.0,2,0,-4.0,2.0,188,671.62,0
ACC-04936,Starter,FinTech,3,300,7,0.503,0.225,46.0,3,0,28.0,2.7,291,50.79,0
ACC-04937,Starter,Other,9,649,3,0.296,0.348,30.0,2,0,49.0,2.8,313,222.2,1
ACC-04938,Growth,FinTech,33,543,10,0.432,0.595,219.0,1,0,-6.0,2.5,239,1869.48,0
ACC-04939,Growth,Healthcare,24,690,18,0.745,0.439,119.0,3,0,24.0,3.4,329,1364.21,0
ACC-04940,Starter,Other,1,597,14,0.498,0.621,37.0,2,0,0.0,4.5,363,21.07,1
ACC-04941,Enterprise,Healthcare,48,230,24,0.739,0.804,258.0,0,0,55.0,4.1,107,3246.94,0
ACC-04942,Starter,FinTech,7,459,9,,0.351,7.0,0,0,38.0,4.3,184,82.34,0
ACC-04943,Growth,Healthcare,654,285,16,0.774,0.441,128.0,1,0,38.0,2.7,84,420.05,0
ACC-04944,Enterprise,SaaS,54,367,20,0.791,0.926,10.0,2,1,60.0,3.2,138,6572.87,0
ACC-04945,Growth,SaaS,28,496,8,0.585,0.192,194.0,2,0,32.0,3.5,204,1225.03,0
ACC-04946,Enterprise,Healthcare,37,77,14,,0.821,934.0,2,0,49.0,3.5,149,2961.44,0
ACC-04947,Growth,Healthcare,38,41,19,0.724,0.453,,0,0,78.0,2.4,323,2074.96,1
ACC-04948,Growth,SaaS,18,630,13,0.541,0.762,170.0,0,0,39.0,2.4,297,476.56,0
ACC-04949,Growth,Other,32,92,15,0.652,0.628,193.0,3,0,-7.0,3.3,14,1243.19,0
ACC-04950,Growth,FinTech,18,814,14,0.448,0.568,181.0,1,0,49.0,3.3,40,474.13,1
ACC-04951,Starter,Other,9,583,8,0.42,0.224,0.0,1,0,17.0,,47,143.54,0
ACC-04952,Growth,Healthcare,36,730,15,0.401,0.531,186.0,1,0,27.0,3.4,386,1396.91,0
ACC-04953,Starter,Other,9,431,10,0.369,0.278,0.0,1,0,21.0,3.2,278,219.09,0
ACC-04954,Enterprise,Healthcare,73,635,17,0.781,0.834,626.0,2,0,43.0,4.0,180,7969.16,0
ACC-04955,Starter,Other,1,178,12,0.17,0.395,17.0,1,0,34.0,2.8,114,10.66,0
ACC-04956,Starter,E-commerce,6,575,4,0.715,0.484,0.0,3,1,33.0,4.5,119,137.54,0
ACC-04957,Enterprise,SaaS,111,289,21,0.718,0.746,576.0,2,0,54.0,3.2,349,8360.59,0
ACC-04958,Starter,FinTech,5,698,2,0.456,0.345,45.0,1,0,32.0,3.6,234,67.03,0
ACC-04959,Starter,Healthcare,2,339,6,0.333,0.309,,1,0,42.0,3.4,373,20.94,0
ACC-04960,Growth,SaaS,32,702,10,0.594,0.56,242.0,2,0,68.0,3.5,171,836.79,0
ACC-04961,Starter,Other,378,806,7,0.487,0.243,65.0,2,0,72.0,3.7,372,124.0,0
ACC-04962,Starter,SaaS,4,20,10,0.378,0.438,0.0,2,0,86.0,4.4,150,62.61,0
ACC-04963,Growth,Other,33,69,13,0.547,0.369,92.0,2,0,74.0,3.6,3,1170.0,0
ACC-04964,Starter,FinTech,3,331,16,0.542,0.076,,0,0,1.0,3.6,84,59.92,0
ACC-04965,Starter,Other,7,498,11,0.574,0.406,87.0,2,0,19.0,4.2,48,97.19,0
ACC-04966,Starter,Other,1,783,6,0.29,0.17,48.0,2,1,54.0,2.9,26,24.91,1
ACC-04967,Starter,FinTech,8,403,7,0.528,0.214,46.0,3,0,50.0,2.9,136,213.13,0
ACC-04968,Starter,Healthcare,4,767,9,0.662,0.175,0.0,3,0,33.0,4.1,197,98.45,0
ACC-04969,Starter,SaaS,5,660,10,0.503,0.404,53.0,2,1,,4.4,208,79.47,1
ACC-04970,Growth,Healthcare,39,643,7,0.668,0.394,116.0,1,0,13.0,4.1,8,1433.83,0
ACC-04971,Growth,Healthcare,5,820,16,0.749,0.434,195.0,0,0,56.0,3.7,329,158.43,0
ACC-04972,Starter,FinTech,9,287,2,0.141,0.428,29.0,1,1,63.0,3.1,146,146.76,1
ACC-04973,Starter,SaaS,6,607,9,0.297,0.357,19.0,1,0,-3.0,4.7,23,145.15,0
ACC-04974,Enterprise,FinTech,101,720,25,0.679,,372.0,1,0,41.0,3.0,98,6515.66,0
ACC-04975,Growth,SaaS,21,871,14,0.553,0.656,30.0,2,0,44.0,4.0,145,981.69,0
ACC-04976,Starter,Healthcare,2,219,0,0.6,0.338,0.0,3,1,13.0,2.8,151,39.33,0
ACC-04977,Growth,SaaS,21,711,5,0.688,0.64,125.0,0,0,5.0,5.0,319,1029.3,0
ACC-04978,Starter,Other,6,212,10,0.503,0.246,28.0,1,0,44.0,3.0,195,105.36,0
ACC-04979,Enterprise,Other,127,866,9,0.884,0.361,447.0,1,1,51.0,3.8,248,16301.84,0
ACC-04980,Enterprise,Other,32,488,23,1.0,0.726,385.0,0,0,34.0,2.2,349,1832.43,0
ACC-04981,Enterprise,E-commerce,60,789,24,1.0,0.774,238.0,4,1,28.0,5.0,311,3530.09,0
ACC-04982,Starter,SaaS,2,520,12,0.369,0.282,29.0,0,0,,4.8,390,42.73,0
ACC-04983,Starter,Healthcare,3,80,6,0.239,0.64,51.0,1,1,1.0,4.3,290,61.27,0
ACC-04984,Starter,Healthcare,359,325,9,0.086,0.202,107.0,3,0,71.0,3.1,306,86.49,0
ACC-04985,Starter,Other,4,553,8,0.683,0.154,65.0,2,0,94.0,4.4,129,92.52,0
ACC-04986,Starter,FinTech,4,548,0,0.312,0.244,18.0,1,0,41.0,2.9,65,74.65,0
ACC-04987,Growth,SaaS,35,501,16,,0.536,254.0,2,1,,4.4,301,1849.67,0
ACC-04988,Starter,Other,9,642,13,,0.452,35.0,0,0,60.0,2.3,382,208.85,0
ACC-04989,Enterprise,Healthcare,72,525,23,0.619,0.779,358.0,1,0,100.0,3.2,317,4964.41,0
ACC-04990,Starter,SaaS,3,173,5,0.3,0.273,64.0,3,0,-22.0,2.6,71,69.44,1
ACC-04991,Starter,Healthcare,2,83,10,0.446,0.477,74.0,1,0,54.0,3.8,228,48.27,0
ACC-04992,Enterprise,SaaS,53,269,26,0.898,0.762,732.0,2,0,-25.0,2.1,151,6084.7,0
ACC-04993,Growth,E-commerce,34,136,18,0.624,0.691,224.0,5,0,14.0,4.3,4,1620.29,0
ACC-04994,Starter,FinTech,9,634,12,0.559,0.47,28.0,4,0,36.0,4.2,78,186.22,0
ACC-04995,Growth,FinTech,13,879,6,0.767,,1.0,3,0,29.0,3.5,13,357.45,0
ACC-04996,Starter,SaaS,7,835,9,0.475,0.252,44.0,3,0,68.0,4.0,173,188.13,0
ACC-04997,Starter,SaaS,7,515,10,0.46,0.214,95.0,5,1,82.0,4.4,335,122.78,1
ACC-04998,Growth,FinTech,10,797,18,0.769,0.533,319.0,4,0,49.0,3.2,240,366.3,0
ACC-04999,Starter,SaaS,5,596,9,,0.189,29.0,1,0,100.0,3.4,201,65.85,0
ACC-05000,Growth,FinTech,27,128,20,0.337,0.711,313.0,1,0,8.0,3.5,277,867.88,0
ACC-05001,Starter,E-commerce,7,533,0,0.659,0.462,,0,0,15.0,3.1,295,78.42,0
ACC-05002,Growth,Healthcare,38,518,16,0.674,0.695,,1,0,10.0,3.8,272,967.84,0
ACC-05003,Growth,E-commerce,23,501,15,0.401,0.494,218.0,1,0,64.0,4.7,340,1128.69,0
ACC-05004,Starter,SaaS,1,722,11,0.277,0.434,33.0,5,0,70.0,,13,22.36,0
ACC-05005,Starter,SaaS,3,887,14,0.028,0.267,8.0,4,2,0.0,3.5,58,50.9,0
ACC-05006,Growth,Healthcare,34,224,9,0.527,0.669,290.0,3,2,17.0,4.8,374,1416.26,0
ACC-05007,Growth,Other,16,29,20,0.853,0.512,77.0,1,0,,4.1,120,462.42,0
ACC-05008,Growth,Other,20,583,17,0.692,0.539,268.0,2,1,23.0,3.2,191,1038.2,0
ACC-05009,Growth,Other,17,111,12,0.283,0.66,94.0,4,1,22.0,4.6,334,1008.31,1
ACC-05010,Starter,E-commerce,7,392,3,0.047,0.566,56.0,1,0,31.0,3.1,7,85.72,0
ACC-05011,Starter,Other,6,840,8,0.309,0.356,20.0,1,0,14.0,3.3,163,147.68,0
ACC-05012,Growth,FinTech,22,601,14,0.415,0.311,238.0,1,0,64.0,2.6,39,984.13,0
ACC-05013,Starter,Healthcare,7,844,9,0.615,0.387,,0,0,79.0,4.9,311,143.23,0
ACC-05014,Growth,Other,10,42,10,0.678,0.466,291.0,1,0,2.0,4.3,321,515.56,0
ACC-05015,Starter,Healthcare,2,639,10,0.402,0.089,0.0,3,1,46.0,4.6,8,33.78,1
ACC-05016,Starter,FinTech,5,291,5,0.194,0.376,31.0,2,0,54.0,3.9,175,130.71,0
ACC-05017,Growth,FinTech,6,79,18,0.628,0.708,132.0,0,0,15.0,1.9,156,300.18,0
ACC-05018,Growth,FinTech,28,286,21,0.849,0.6,0.0,0,0,-4.0,4.7,271,1492.64,0
ACC-05019,Growth,FinTech,21,841,9,0.518,0.468,144.0,0,0,33.0,4.3,256,895.53,0
ACC-05020,Growth,Healthcare,27,384,13,0.678,0.624,135.0,1,0,23.0,3.3,152,982.79,0
ACC-05021,Enterprise,Healthcare,63,827,24,0.441,0.704,1017.0,0,0,28.0,3.8,362,5994.36,0
ACC-05022,Enterprise,SaaS,46,115,21,0.695,0.725,479.0,1,0,53.0,3.6,119,5635.26,0
ACC-05023,Enterprise,Healthcare,165,595,14,0.729,0.631,453.0,1,0,68.0,3.9,268,16261.5,0
ACC-05024,Growth,FinTech,10,400,17,0.5,0.418,211.0,0,0,100.0,4.0,200,446.03,0
ACC-05025,Growth,E-commerce,19,279,10,,0.575,320.0,1,1,48.0,4.3,42,877.14,0
ACC-05026,Growth,FinTech,35,493,14,0.386,0.833,95.0,4,1,36.0,5.0,136,1910.76,0
ACC-05027,Growth,E-commerce,32,558,9,0.634,0.697,183.0,1,0,5.0,3.2,212,1147.33,0
ACC-05028,Starter,Healthcare,3,37,11,0.459,0.204,50.0,0,0,51.0,4.2,149,40.34,0
ACC-05029,Growth,Healthcare,24,593,11,,0.616,226.0,1,1,43.0,2.6,271,1361.63,0
ACC-05030,Starter,Healthcare,8,280,11,0.197,0.423,,3,0,35.0,2.9,221,135.66,1
ACC-05031,Starter,FinTech,5,726,6,0.505,0.376,9.0,0,0,42.0,2.4,106,113.88,0
ACC-05032,Enterprise,Healthcare,172,171,18,0.86,0.688,701.0,2,0,-7.0,4.2,350,17325.66,0
ACC-05033,Starter,SaaS,2,267,9,0.806,0.45,,1,0,-13.0,3.0,324,49.41,0
ACC-05034,Growth,FinTech,29,875,8,0.365,0.299,286.0,0,0,66.0,3.9,7,796.42,0
ACC-05035,Growth,E-commerce,10,232,21,0.699,0.531,272.0,0,0,-12.0,4.3,22,250.09,0
ACC-05036,Starter,Healthcare,9,129,8,0.499,0.365,,0,0,3.0,3.8,227,245.03,0
ACC-05037,Enterprise,Other,125,501,17,0.644,0.939,41.0,1,0,10.0,3.3,102,13847.84,0
ACC-05038,Starter,FinTech,9,569,5,0.382,0.274,13.0,1,1,48.0,2.4,51,99.41,1
ACC-05039,Enterprise,Other,183,516,20,0.855,,541.0,2,0,98.0,2.9,171,13600.72,0
ACC-05040,Growth,FinTech,32,370,17,0.705,0.645,367.0,0,0,37.0,4.2,228,947.68,0
ACC-05041,Starter,E-commerce,7,109,3,0.615,0.026,50.0,1,0,21.0,,42,136.4,0
ACC-05042,Starter,Healthcare,9,268,5,0.423,0.578,13.0,3,1,72.0,,325,251.64,0
ACC-05043,Starter,Healthcare,8,63,7,0.77,0.203,28.0,2,1,11.0,4.7,352,220.2,0
ACC-05044,Starter,Other,2,770,14,0.537,0.246,45.0,2,0,57.0,5.0,243,37.59,0
ACC-05045,Starter,Healthcare,6,244,11,0.252,0.237,42.0,0,0,48.0,5.0,310,107.95,0
ACC-05046,Enterprise,SaaS,178,602,27,0.876,0.853,3256.0,0,0,21.0,3.4,70,19720.99,0
ACC-05047,Starter,Other,8,244,7,0.411,0.392,13.0,1,1,37.0,4.2,50,146.43,0
ACC-05048,Enterprise,Other,74,563,26,0.612,0.792,802.0,4,1,48.0,3.5,358,6344.06,0
ACC-05049,Starter,FinTech,8,94,13,0.507,0.46,40.0,1,0,26.0,4.6,357,132.73,0
ACC-05050,Enterprise,SaaS,116,96,23,0.871,0.835,413.0,1,0,35.0,2.8,44,10090.16,0
ACC-05051,Starter,FinTech,9,294,10,0.739,0.356,0.0,1,1,47.0,,60,100.03,0
ACC-05052,Growth,Healthcare,24,243,10,0.596,0.55,115.0,0,0,56.0,1.8,315,658.4,0
ACC-05053,Growth,Other,20,299,21,0.306,0.371,61.0,4,3,-2.0,4.6,215,1059.85,0
ACC-05054,Starter,Healthcare,8,258,6,,0.155,18.0,2,0,38.0,3.0,288,105.46,1
ACC-05055,Enterprise,FinTech,169,629,23,0.653,0.812,466.0,2,0,22.0,3.1,89,21477.73,0
ACC-05056,Starter,SaaS,1,398,10,0.714,0.416,31.0,1,0,73.0,3.3,382,12.65,0
ACC-05057,Growth,E-commerce,36,150,7,0.759,0.47,124.0,2,0,38.0,,107,2128.29,0
ACC-05058,Growth,FinTech,14,830,13,0.72,0.413,16.0,0,0,35.0,4.0,292,371.14,0
ACC-05059,Growth,SaaS,11,576,14,,0.7,2221.0,0,0,75.0,2.9,148,613.17,0
ACC-05060,Starter,SaaS,9,371,6,0.547,0.159,20.0,2,0,10.0,3.7,314,219.5,0
ACC-05061,Starter,SaaS,1,465,7,0.364,0.331,81.0,1,0,42.0,4.2,168,12.04,0
ACC-05062,Starter,SaaS,6,304,14,0.626,0.364,13.0,0,0,26.0,3.2,358,63.92,0
ACC-05063,Starter,Healthcare,3,362,3,0.061,0.267,11.0,1,0,,2.9,252,56.34,1
ACC-05064,Starter,FinTech,3,76,1,0.22,0.231,37.0,1,0,16.0,3.4,123,55.61,1
ACC-05065,Enterprise,FinTech,126,750,17,0.891,0.337,1265.0,1,0,40.0,2.8,227,11184.62,0
ACC-05066,Growth,E-commerce,28,355,16,,0.679,260.0,3,0,37.0,3.2,289,1650.53,0
ACC-05067,Growth,Other,14,630,17,0.614,0.724,44.0,1,0,38.0,2.9,279,356.62,0
ACC-05068,Starter,Healthcare,3,60,10,0.679,0.378,44.0,2,1,73.0,4.1,326,80.45,0
ACC-05069,Starter,E-commerce,7,95,11,0.333,0.238,7.0,1,0,55.0,4.3,305,86.64,1
ACC-05070,Growth,Healthcare,7,337,14,0.695,0.672,0.0,1,1,41.0,3.6,93,398.38,0
ACC-05071,Starter,Healthcare,8,47,5,0.38,0.474,19.0,0,0,57.0,,164,92.5,0
ACC-05072,Starter,Healthcare,5,871,3,0.341,,77.0,0,0,,3.5,357,117.26,0
ACC-05073,Growth,FinTech,36,48,7,0.415,,142.0,0,0,,3.7,63,1419.57,0
ACC-05074,Growth,E-commerce,21,506,12,0.558,0.352,103.0,1,0,46.0,4.9,343,664.41,0
ACC-05075,Enterprise,FinTech,44,324,24,0.476,0.741,635.0,2,1,,1.9,50,2811.0,0
ACC-05076,Starter,FinTech,5,199,8,0.646,0.384,27.0,0,0,59.0,1.7,233,93.46,0
ACC-05077,Growth,SaaS,20,138,13,0.631,0.569,,1,1,15.0,3.2,193,655.11,0
ACC-05078,Starter,FinTech,5,279,2,0.421,0.353,,2,0,-6.0,3.1,28,64.01,0
ACC-05079,Starter,FinTech,3,59,19,0.526,0.114,5.0,0,0,17.0,3.0,186,54.46,0
ACC-05080,Growth,E-commerce,5,519,9,0.573,0.436,133.0,2,0,17.0,4.9,332,251.15,0
ACC-05081,Starter,FinTech,4,222,8,0.328,0.078,52.0,0,0,43.0,4.4,105,85.46,0
ACC-05082,Growth,SaaS,9,31,18,0.799,0.577,244.0,1,0,79.0,4.8,158,481.93,0
ACC-05083,Starter,FinTech,1,116,7,0.204,0.384,33.0,3,1,19.0,3.2,305,27.67,0
ACC-05084,Starter,FinTech,4,811,3,0.647,0.271,39.0,3,0,29.0,2.3,112,69.22,0
ACC-05085,Enterprise,Healthcare,83,226,24,1.0,0.895,715.0,3,1,59.0,4.4,7,6754.45,0
ACC-05086,Starter,FinTech,8,526,1,0.547,0.572,24.0,0,0,34.0,3.9,395,140.58,0
ACC-05087,Growth,SaaS,15,376,21,0.492,0.388,268.0,3,0,60.0,3.4,320,866.96,0
ACC-05088,Starter,SaaS,8,450,8,0.676,0.097,65.0,0,0,30.0,3.8,62,100.05,0
ACC-05089,Enterprise,FinTech,117,770,19,0.776,0.526,507.0,2,0,32.0,4.5,393,13497.44,0
ACC-05090,Starter,SaaS,1,648,1,0.677,0.187,37.0,1,0,39.0,4.8,18,21.61,0
ACC-05091,Starter,FinTech,8,502,2,0.673,,76.0,3,1,40.0,3.5,361,181.83,0
ACC-05092,Growth,E-commerce,39,191,13,0.366,0.67,160.0,0,0,,4.3,185,1477.1,0
ACC-05093,Starter,Other,4,766,16,0.544,0.225,28.0,3,0,38.0,,59,86.59,0
ACC-05094,Starter,E-commerce,6,33,8,0.557,0.378,44.0,1,0,50.0,3.8,56,77.7,0
ACC-05095,Enterprise,SaaS,68,507,22,0.718,0.562,,2,1,25.0,3.0,295,6162.6,0
ACC-05096,Growth,FinTech,17,559,15,0.606,,112.0,1,0,51.0,3.3,107,891.52,0
ACC-05097,Growth,Healthcare,10,852,24,0.575,0.837,184.0,0,0,58.0,3.3,7,278.8,0
ACC-05098,Growth,SaaS,35,155,11,0.392,0.576,163.0,4,1,46.0,3.4,258,1848.4,0
ACC-05099,Enterprise,Other,100,269,27,0.762,0.824,727.0,2,0,,4.8,356,10578.55,0
ACC-05100,Enterprise,E-commerce,109,24,18,0.763,0.628,495.0,3,0,8.0,3.9,68,6205.23,0
ACC-05101,Growth,SaaS,29,232,10,0.427,0.755,2.0,2,1,54.0,3.5,197,1058.45,0
ACC-05102,Starter,SaaS,1,837,7,0.221,,82.0,1,0,58.0,,113,15.96,0
ACC-05103,Starter,Other,1,21,7,0.316,0.159,40.0,0,0,87.0,2.9,48,25.01,1
ACC-05104,Growth,Other,38,712,16,,0.636,192.0,2,0,0.0,3.4,185,1714.1,0
ACC-05105,Enterprise,Other,37,842,10,0.659,0.696,584.0,3,0,75.0,4.9,152,4240.54,0
ACC-05106,Growth,FinTech,22,115,14,0.781,0.489,317.0,0,0,69.0,4.7,285,762.41,0
ACC-05107,Starter,Healthcare,2,333,4,0.344,0.5,16.0,4,1,,2.7,118,54.04,0
ACC-05108,Starter,SaaS,6,808,4,0.331,0.231,71.0,2,0,67.0,3.0,80,106.9,1
ACC-05109,Growth,FinTech,12,652,7,0.283,0.365,44.0,0,0,42.0,4.8,20,522.85,0
ACC-05110,Enterprise,Healthcare,171,73,18,0.962,0.936,354.0,1,0,44.0,2.6,118,12832.18,0
ACC-05111,Starter,Other,5,781,5,0.623,0.02,33.0,3,1,13.0,2.8,146,86.71,0
ACC-05112,Growth,FinTech,605,725,11,0.779,0.694,114.0,2,0,30.0,3.7,127,1821.57,0
ACC-05113,Growth,FinTech,10,290,6,0.351,0.462,151.0,0,0,52.0,3.3,278,297.55,0
ACC-05114,Enterprise,SaaS,176,381,20,0.673,0.703,629.0,1,0,36.0,5.0,247,14581.57,0
ACC-05115,Starter,FinTech,7,284,3,0.549,0.391,57.0,2,0,20.0,3.2,231,104.95,0
ACC-05116,Enterprise,SaaS,77,473,13,0.543,0.838,199.0,1,0,32.0,3.2,120,9199.68,0
ACC-05117,Growth,Other,19,704,11,0.583,0.585,284.0,2,0,39.0,3.9,75,50321.9571331327,0
ACC-05118,Growth,SaaS,6,606,10,0.532,0.336,,1,1,69.0,4.3,163,175.29,0
ACC-05119,Starter,Healthcare,6,872,7,0.1,,37.0,1,0,66.0,3.6,269,85.31,0
ACC-05120,Growth,SaaS,10,101,10,0.768,0.559,,4,1,33.0,4.1,79,440.63,0
ACC-05121,Growth,FinTech,27,832,6,0.496,0.33,0.0,2,0,28.0,4.4,235,1126.07,0
ACC-05122,Starter,FinTech,465,818,3,0.512,0.35,16.0,0,0,58.0,3.1,14,147.24,1
ACC-05123,Growth,FinTech,7,352,5,0.572,0.54,125.0,2,1,21.0,,264,254.02,0
ACC-05124,Growth,E-commerce,39,141,18,0.64,0.522,156.0,1,1,55.0,2.8,100,72233.95453242977,0
ACC-05125,Growth,E-commerce,28,213,19,0.668,0.283,330.0,0,0,71.0,,220,1123.72,0
ACC-05126,Starter,Other,5,848,13,0.156,0.325,0.0,2,0,78.0,3.0,128,135.81,0
ACC-05127,Growth,FinTech,12,22,10,0.617,0.467,201.0,1,0,18.0,3.4,275,650.06,0
ACC-05128,Starter,E-commerce,9,95,13,0.523,0.561,49.0,1,1,44.0,5.0,289,111.86,0
ACC-05129,Enterprise,Other,193,78,22,0.641,0.714,257.0,1,0,40.0,4.6,291,14896.38,0
ACC-05130,Enterprise,FinTech,32,166,16,0.688,0.714,892.0,0,0,,4.6,345,3777.93,0
ACC-05131,Starter,Other,8,713,4,0.11,0.612,96.0,2,1,52.0,,318,114.67,0
ACC-05132,Starter,Other,2,64,6,0.462,0.369,34.0,2,1,,4.7,85,30.13,0
ACC-05133,Starter,Other,9,868,7,0.43,0.315,62.0,5,1,33.0,,221,133.93,0
ACC-05134,Growth,E-commerce,19,366,15,0.581,0.805,126.0,0,0,39.0,4.8,331,837.22,0
ACC-05135,Enterprise,Healthcare,75,485,20,0.898,0.692,456.0,4,0,31.0,,149,7564.89,0
ACC-05136,Growth,FinTech,11,537,11,0.835,0.384,322.0,1,0,25.0,3.0,316,473.08,0
ACC-05137,Starter,E-commerce,6,732,13,0.491,0.096,34.0,0,0,59.0,4.8,53,132.84,0
ACC-05138,Starter,Other,6,567,6,0.538,0.02,35.0,2,1,37.0,3.7,351,105.86,1
ACC-05139,Starter,SaaS,3,68,6,0.509,0.491,21.0,0,0,67.0,2.6,360,66.46,0
ACC-05140,Enterprise,Healthcare,125,748,19,0.756,0.664,706.0,1,0,55.0,2.7,26,9030.01,0
ACC-05141,Growth,E-commerce,19,92,12,0.664,0.576,133.0,1,1,57.0,4.0,154,597.2,0
ACC-05142,Growth,SaaS,14,482,7,0.632,0.49,139.0,0,0,3.0,3.1,387,507.72,0
ACC-05143,Starter,E-commerce,8,781,2,0.701,0.363,23.0,4,2,38.0,3.5,70,92.01,0
ACC-05144,Enterprise,Healthcare,103,465,30,0.622,0.567,1112.0,1,0,59.0,5.0,128,7912.55,0
ACC-05145,Starter,E-commerce,4,385,0,0.499,0.211,30.0,2,1,71.0,2.9,266,71.9,0
ACC-05146,Enterprise,Healthcare,45,302,21,0.831,0.554,2778.0,0,0,39.0,3.9,222,3016.68,0
ACC-05147,Enterprise,FinTech,30,709,22,0.794,0.761,845.0,4,1,11.0,2.0,309,2231.28,0
ACC-05148,Growth,Other,23,590,18,0.494,0.502,0.0,1,0,73.0,2.2,203,890.21,0
ACC-05149,Enterprise,E-commerce,53,732,22,,0.529,,0,0,20.0,3.0,331,6154.95,0
ACC-05150,Starter,Healthcare,4,818,16,0.19,0.212,21.0,2,0,-4.0,3.6,164,77.39,0
ACC-05151,Growth,SaaS,31,538,14,0.371,0.425,23.0,3,0,40.0,3.3,251,1232.8,0
ACC-05152,Starter,FinTech,1,328,13,0.02,0.486,39.0,3,0,37.0,3.2,363,11.48,0
ACC-05153,Growth,Other,11,539,18,0.538,,102.0,3,0,,5.0,154,646.6,0
ACC-05154,Starter,SaaS,3,329,14,0.608,0.18,63.0,2,0,65.0,2.6,27,57.09,0
ACC-05155,Starter,FinTech,5,196,7,0.869,0.229,0.0,3,3,26.0,4.0,126,82.77,1
ACC-05156,Starter,Healthcare,7,318,9,0.405,0.437,32.0,3,0,13.0,2.8,155,117.82,0
ACC-05157,Starter,Healthcare,7,438,5,0.356,0.443,69.0,2,0,30.0,3.2,267,101.46,0
ACC-05158,Growth,Other,35,215,14,0.869,0.289,,2,1,43.0,3.6,264,1013.24,0
ACC-05159,Growth,Healthcare,20,293,14,0.748,0.359,143.0,1,0,55.0,2.9,290,628.18,0
ACC-05160,Starter,Other,4,516,0,0.434,0.295,24.0,4,0,29.0,5.0,158,89.77,1
ACC-05161,Enterprise,FinTech,91,133,19,0.876,0.958,499.0,1,0,56.0,3.5,173,6888.05,0
ACC-05162,Enterprise,E-commerce,52,107,24,,0.539,594.0,3,0,24.0,,217,5224.59,0
ACC-05163,Starter,Other,7,700,1,0.45,,49.0,0,0,80.0,3.6,379,98.0,0
ACC-05164,Starter,Healthcare,5,753,3,0.269,0.66,15.0,0,0,47.0,4.7,385,116.02,0
ACC-05165,Growth,SaaS,21,291,18,0.333,0.419,74.0,1,1,8.0,2.7,41,1095.77,0
ACC-05166,Growth,FinTech,25,136,19,0.487,0.797,164.0,1,0,22.0,3.6,253,1049.75,0
ACC-05167,Starter,E-commerce,7,422,4,0.6,0.759,0.0,2,1,19.0,4.9,26,133.07,0
ACC-05168,Growth,Healthcare,32,168,14,0.641,0.322,242.0,0,0,,3.0,26,1845.13,0
ACC-05169,Starter,E-commerce,5,790,7,0.429,0.336,0.0,1,0,10.0,4.5,301,137.29,0
ACC-05170,Starter,Healthcare,7,74,12,0.574,0.527,56.0,3,0,30.0,3.6,362,131.86,0
ACC-05171,Growth,Healthcare,27,460,11,0.556,0.356,263.0,0,0,27.0,4.7,91,1282.39,0
ACC-05172,Growth,SaaS,32,351,11,0.398,0.632,144.0,1,0,46.0,4.9,373,1407.01,1
ACC-05173,Enterprise,E-commerce,120,427,26,0.884,0.659,897.0,4,1,28.0,3.2,397,8961.85,0
ACC-05174,Starter,E-commerce,2,685,2,,0.391,37.0,1,1,61.0,3.4,282,47.78,0
ACC-05175,Starter,SaaS,8,246,5,0.431,0.367,67.0,1,0,30.0,2.2,216,119.46,0
ACC-05176,Starter,FinTech,6,820,8,0.376,0.349,60.0,1,0,,3.0,263,146.91,0
ACC-05177,Starter,E-commerce,9,880,14,0.312,0.265,11.0,2,0,-20.0,3.3,56,145.81,0
ACC-05178,Starter,Healthcare,1,398,2,0.353,0.369,36.0,1,0,,2.8,351,25.07,0
ACC-05179,Growth,FinTech,19,355,10,0.836,0.542,0.0,3,0,26.0,,236,607.32,0
ACC-05180,Growth,SaaS,14,222,16,0.394,0.243,0.0,1,1,1.0,2.9,55,667.67,0
ACC-05181,Growth,FinTech,32,734,16,0.217,0.367,178.0,2,0,39.0,3.9,385,39080.183391687584,0
ACC-05182,Starter,Healthcare,4,656,8,0.283,0.247,36.0,1,0,20.0,2.5,78,64.96,1
ACC-05183,Starter,E-commerce,4,412,6,0.65,0.115,,2,0,66.0,,159,85.97,0
ACC-05184,Growth,FinTech,5,623,14,0.58,0.464,254.0,4,0,19.0,4.5,136,136.99,0
ACC-05185,Starter,Other,1,340,0,0.448,0.425,45.0,0,0,78.0,3.3,326,14.24,0
ACC-05186,Enterprise,SaaS,144,617,20,1.0,0.551,490.0,0,0,36.0,1.9,230,8532.17,0
ACC-05187,Starter,FinTech,4,740,14,0.35,0.158,84.0,5,0,45.0,4.1,380,60.33,0
ACC-05188,Growth,FinTech,11,406,7,0.636,0.223,152.0,1,0,54.0,4.3,371,607.96,0
ACC-05189,Enterprise,Healthcare,198,604,16,0.863,0.532,765.0,0,0,52.0,3.6,194,21711.59,0
ACC-05190,Growth,Healthcare,31,514,11,0.772,0.241,69.0,0,0,43.0,2.8,222,1092.3,0
ACC-05191,Growth,SaaS,22,78,11,0.452,0.412,133.0,1,0,6.0,4.6,83,1048.37,0
ACC-05192,Growth,Healthcare,31,68,21,0.541,0.772,88.0,1,0,,3.8,124,812.33,0
ACC-05193,Starter,Healthcare,5,247,3,0.509,0.443,9.0,0,0,10.0,4.1,89,106.38,0
ACC-05194,Growth,Other,26,235,8,0.684,0.803,108.0,7,0,8.0,4.2,302,809.56,1
ACC-05195,Enterprise,Other,185,182,23,0.971,0.755,724.0,1,0,48.0,3.6,197,21506.74,0
ACC-05196,Enterprise,Healthcare,190,835,17,0.984,0.724,444.0,3,0,63.0,3.6,68,15124.51,0
ACC-05197,Growth,SaaS,33,550,17,0.711,0.305,136.0,1,0,11.0,2.8,197,1254.28,0
ACC-05198,Starter,FinTech,8,51,6,0.776,0.02,1.0,1,0,74.0,3.3,373,120.31,0
ACC-05199,Growth,Other,28,814,15,0.324,,154.0,1,0,9.0,3.3,212,1327.11,0
ACC-05200,Growth,E-commerce,33,281,6,0.544,0.377,107.0,2,0,60.0,3.1,380,1770.16,0
ACC-05201,Starter,E-commerce,2,889,9,0.392,0.486,35.0,2,0,47.0,4.1,163,44.49,0
ACC-05202,Starter,Other,6,214,8,0.484,0.401,3403.0,1,0,95.0,3.5,352,139.6,0
ACC-05203,Starter,Other,4,88,6,0.407,0.316,38.0,0,0,52.0,3.3,252,108.14,0
ACC-05204,Growth,Healthcare,22,129,7,0.321,0.474,152.0,0,0,50.0,4.0,54,1152.99,0
ACC-05205,Starter,Other,9,356,8,0.328,0.217,48.0,2,1,47.0,3.8,198,126.74,0
ACC-05206,Starter,SaaS,1,832,10,0.371,0.153,0.0,1,0,68.0,5.0,7,20.75,0
ACC-05207,Starter,Healthcare,9,503,5,0.048,0.181,0.0,2,1,21.0,4.7,255,147.23,0
ACC-05208,Enterprise,Other,123,125,18,,0.909,323.0,1,0,,2.9,46,10495.19,0
ACC-05209,Starter,SaaS,9,295,11,,0.293,34.0,0,0,49.0,4.0,157,232.21,0
ACC-05210,Starter,SaaS,5,447,15,0.362,0.43,64.0,2,1,76.0,4.1,259,98.1,0
ACC-05211,Growth,Healthcare,21,496,17,0.684,0.464,123.0,2,1,50.0,4.7,342,642.23,0
ACC-05212,Starter,E-commerce,6,757,8,0.553,0.107,10.0,1,1,8.0,2.9,118,166.74,0
ACC-05213,Enterprise,SaaS,33,54,19,1.0,0.74,,2,1,60.0,3.8,192,3481.33,0
ACC-05214,Enterprise,SaaS,66,17,20,0.733,0.975,452.0,1,0,52.0,3.4,342,6206.96,0
ACC-05215,Starter,FinTech,9,652,1,0.501,0.418,0.0,3,0,47.0,2.7,76,105.26,0
ACC-05216,Growth,FinTech,39,110,12,0.47,0.51,59.0,0,0,50.0,4.5,368,1971.69,0
ACC-05217,Starter,Other,8,619,12,0.446,,3345.0,2,1,30.0,4.5,363,147.99,0
ACC-05218,Starter,E-commerce,1,316,7,0.6,0.348,60.0,2,1,53.0,4.0,224,14.05,0
ACC-05219,Starter,Healthcare,8,357,4,0.272,,3.0,1,0,6.0,3.6,351,115.96,0
ACC-05220,Starter,SaaS,9,144,4,0.441,0.154,36.0,0,0,68.0,3.8,166,100.54,0
ACC-05221,Starter,FinTech,7,699,7,0.311,0.191,14.0,1,1,93.0,3.3,18,177.28,0
ACC-05222,Growth,FinTech,31,175,7,0.604,0.507,122.0,2,0,81.0,2.9,393,1161.93,0
ACC-05223,Starter,Other,4,21,3,0.464,0.257,13.0,1,1,31.0,2.4,66,69.74,1
ACC-05224,Starter,Other,8,537,14,0.446,0.114,35.0,2,2,59.0,3.9,293,185.14,0
ACC-05225,Growth,FinTech,35,148,8,0.544,,211.0,1,0,65.0,3.7,345,1297.82,0
ACC-05226,Growth,Other,23,165,9,0.973,,,2,1,57.0,4.1,182,782.97,0
ACC-05227,Starter,SaaS,2,207,8,0.608,0.434,25.0,2,1,25.0,3.0,333,40.09,0
ACC-05228,Starter,FinTech,3,580,5,0.312,0.048,77.0,0,0,30.0,1.9,30,40.78,0
ACC-05229,Starter,Healthcare,5,680,7,0.478,0.256,30.0,0,0,18.0,3.7,92,68.37,0
ACC-05230,Starter,FinTech,4,825,11,0.556,0.287,41.0,3,1,23.0,4.2,20,99.41,0
ACC-05231,Enterprise,Other,198,884,13,0.673,0.64,649.0,0,0,90.0,2.1,399,25414.83,0
ACC-05232,Enterprise,SaaS,135,217,23,0.721,,736.0,1,0,42.0,2.3,77,16556.3,0
ACC-05233,Starter,Healthcare,4,204,4,0.45,,31.0,5,1,18.0,3.0,385,51.66,0
ACC-05234,Starter,SaaS,5,202,6,0.422,0.444,31.0,0,0,56.0,,231,58.19,0
ACC-05235,Growth,SaaS,34,179,22,0.442,0.465,243.0,3,1,86.0,4.6,193,1746.99,0
ACC-05236,Growth,FinTech,25,24,7,0.523,0.363,164.0,0,0,53.0,4.8,66,705.87,0
ACC-05237,Starter,Other,9,534,10,0.291,0.249,69.0,2,0,43.0,3.8,141,93.25,0
ACC-05238,Starter,E-commerce,8,26,12,0.618,0.404,65.0,0,0,-23.0,4.1,307,208.74,0
ACC-05239,Growth,E-commerce,1,48,10,0.799,,201.0,2,0,22.0,3.9,369,1245.25,0
ACC-05240,Growth,SaaS,12,365,10,0.771,0.666,18.0,0,0,50.0,3.0,366,372.76,0
ACC-05241,Starter,SaaS,8,731,5,0.62,0.39,52.0,1,0,83.0,4.5,389,82.71,0
ACC-05242,Starter,SaaS,4,447,4,0.595,,0.0,1,0,39.0,4.4,52,63.35,0
ACC-05243,Starter,Healthcare,3,366,7,0.499,0.32,11.0,1,0,63.0,,42,43.29,1
ACC-05244,Starter,SaaS,6,175,11,0.521,0.409,70.0,3,1,51.0,4.2,4,163.09,0
ACC-05245,Growth,FinTech,37,616,11,0.363,0.662,213.0,0,0,37.0,2.8,263,1724.14,0
ACC-05246,Growth,E-commerce,36,300,17,0.526,0.659,182.0,2,0,21.0,3.8,284,1450.2,0
ACC-05247,Growth,E-commerce,35,896,19,0.681,0.51,69.0,0,0,43.0,3.7,63,1466.14,0
ACC-05248,Starter,FinTech,7,138,9,0.462,0.21,100.0,1,0,,3.9,50,137.49,1
ACC-05249,Starter,SaaS,7,709,9,0.616,0.421,27.0,2,0,-15.0,3.5,127,103.15,0
ACC-05250,Enterprise,FinTech,79,617,17,0.666,0.567,689.0,2,1,34.0,2.9,125,10114.06,0
ACC-05251,Growth,Healthcare,27,338,1,0.64,0.381,133.0,0,0,33.0,2.2,228,1602.96,0
ACC-05252,Starter,SaaS,1,362,10,0.502,0.332,29.0,1,0,30.0,4.1,161,27.3,0
ACC-05253,Starter,Healthcare,9,866,11,0.553,0.436,78.0,2,0,63.0,2.3,255,159.68,1
ACC-05254,Enterprise,SaaS,160,664,21,0.865,0.726,802.0,3,1,56.0,2.8,197,9816.04,0
ACC-05255,Growth,Other,17,52,17,,0.721,252.0,1,0,38.0,4.3,330,753.09,0
ACC-05256,Enterprise,Other,33,501,18,0.748,0.625,740.0,1,0,39.0,4.0,271,2574.79,0
ACC-05257,Growth,SaaS,27,669,15,0.381,0.669,113.0,2,0,53.0,4.0,120,970.53,0
ACC-05258,Growth,FinTech,23,348,20,0.525,0.465,113.0,0,0,65.0,4.4,76,896.75,0
ACC-05259,Growth,FinTech,17,625,16,0.608,0.609,,0,0,77.0,5.0,193,734.05,0
ACC-05260,Starter,Other,9,568,13,,0.404,33.0,0,0,41.0,4.2,395,235.86,0
ACC-05261,Growth,E-commerce,35,304,19,0.602,0.536,162.0,1,1,2.0,3.1,22,1757.28,0
ACC-05262,Growth,E-commerce,12,20,8,0.701,0.426,234.0,1,0,63.0,4.3,152,473.03,0
ACC-05263,Starter,SaaS,7,45,10,0.296,0.504,34.0,0,0,38.0,3.6,281,113.57,0
ACC-05264,Enterprise,SaaS,85,625,17,0.74,0.68,376.0,1,0,60.0,2.8,213,7989.64,0
ACC-05265,Starter,Healthcare,4,700,2,0.264,0.191,59.0,1,0,100.0,5.0,150,106.04,0
ACC-05266,Starter,E-commerce,3,342,6,0.541,0.235,28.0,1,1,40.0,,153,51.25,1
ACC-05267,Starter,Healthcare,2,435,15,0.264,0.489,45.0,2,0,37.0,2.6,126,53.42,0
ACC-05268,Enterprise,Other,139,469,18,0.851,0.591,394.0,2,0,14.0,4.2,387,17443.88,0
ACC-05269,Enterprise,E-commerce,94,796,12,0.778,0.794,359.0,1,0,82.0,4.2,356,6230.84,0
ACC-05270,Growth,E-commerce,35,477,6,0.663,0.517,186.0,1,0,-19.0,3.4,141,1570.92,0
ACC-05271,Enterprise,Other,147,519,22,0.899,0.762,536.0,2,1,43.0,3.1,292,19264.73,0
ACC-05272,Enterprise,Healthcare,95,508,17,0.642,0.653,675.0,1,1,63.0,4.0,347,8923.34,0
ACC-05273,Enterprise,Other,143,129,11,0.795,,661.0,1,0,37.0,2.0,397,12602.13,0
ACC-05274,Enterprise,Other,92,636,14,0.677,0.624,,1,0,,5.0,218,11694.3,0
ACC-05275,Starter,FinTech,3,818,8,0.619,0.282,60.0,2,0,7.0,1.2,254,45.8,0
ACC-05276,Growth,Healthcare,31,112,17,0.746,0.394,40.0,2,1,34.0,4.2,331,1012.42,0
ACC-05277,Growth,Healthcare,36,77,11,,,70.0,0,0,56.0,3.1,393,1019.85,1
ACC-05278,Growth,SaaS,32,447,16,0.689,0.676,266.0,1,0,46.0,3.0,14,962.73,0
ACC-05279,Starter,E-commerce,8,691,11,0.389,0.287,31.0,0,0,21.0,3.4,44,135.31,0
ACC-05280,Growth,FinTech,33,87,9,0.623,0.53,209.0,1,0,68.0,3.6,282,1739.77,0
ACC-05281,Enterprise,FinTech,80,672,19,,0.71,612.0,1,0,66.0,4.8,264,5078.95,0
ACC-05282,Starter,SaaS,8,221,4,0.641,0.187,41.0,1,0,21.0,3.3,163,208.06,0
ACC-05283,Enterprise,Healthcare,92,176,22,0.846,,767.0,1,0,,5.0,31,6429.64,0
ACC-05284,Starter,Healthcare,9,181,4,0.647,0.41,61.0,3,0,64.0,4.0,344,235.16,0
ACC-05285,Starter,E-commerce,1,480,2,0.714,0.098,15.0,3,0,34.0,3.9,269,17.78,1
ACC-05286,Starter,SaaS,6,544,7,0.687,0.351,77.0,0,0,47.0,3.5,54,62.57,0
ACC-05287,Growth,E-commerce,17,423,18,,0.515,,1,0,63.0,2.7,325,514.52,0
ACC-05288,Growth,SaaS,25,551,15,0.605,0.595,,0,0,0.0,3.2,279,55146.07974582724,0
ACC-05289,Starter,FinTech,8,727,12,0.351,0.384,14.0,1,0,44.0,4.5,357,114.3,1
ACC-05290,Growth,FinTech,26,750,17,0.572,0.571,254.0,2,0,,3.7,373,877.49,0
ACC-05291,Starter,Other,3,660,7,0.412,0.31,53.0,2,1,21.0,3.5,99,58.77,1
ACC-05292,Growth,FinTech,19,476,10,0.584,0.158,227.0,2,0,14.0,4.2,361,975.06,0
ACC-05293,Enterprise,E-commerce,104,207,16,0.937,0.662,537.0,0,0,25.0,3.3,354,6820.23,0
ACC-05294,Growth,Other,12,673,6,0.551,0.586,252.0,0,0,-6.0,1.9,134,542.62,0
ACC-05295,Growth,FinTech,22,610,18,0.356,0.521,153.0,0,0,5.0,3.0,330,764.97,0
ACC-05296,Growth,Other,20,801,12,0.486,0.391,191.0,1,0,,3.7,44,722.63,1
ACC-05297,Enterprise,SaaS,118,645,12,0.722,0.562,928.0,2,1,18.0,3.7,74,6953.53,0
ACC-05298,Starter,FinTech,5,132,13,0.368,0.243,18.0,1,0,6.0,2.6,340,63.43,0
ACC-05299,Starter,SaaS,1,518,7,0.305,0.34,68.0,1,0,37.0,4.5,219,14.39,0
ACC-05300,Starter,E-commerce,1,652,11,0.508,0.554,46.0,0,0,22.0,4.1,90,23.91,0
ACC-05301,Growth,Other,38,897,12,0.889,0.275,48.0,2,0,23.0,,102,1230.56,0
ACC-05302,Growth,E-commerce,14,304,9,0.591,0.505,219.0,0,0,68.0,3.1,238,442.44,0
ACC-05303,Growth,E-commerce,19,776,15,0.514,0.513,117.0,1,0,92.0,4.9,197,777.21,0
ACC-05304,Starter,SaaS,4,260,9,0.543,0.388,0.0,0,0,56.0,4.2,116,69.5,0
ACC-05305,Starter,Other,6,347,6,0.775,0.448,34.0,2,1,2.0,3.3,177,125.44,0
ACC-05306,Growth,FinTech,21,867,19,0.65,0.512,277.0,3,2,30.0,4.1,346,535.45,0
ACC-05307,Enterprise,SaaS,125,159,24,0.685,0.818,502.0,2,2,59.0,4.4,232,16023.35,0
ACC-05308,Starter,Other,6,196,10,0.676,0.337,15.0,1,1,32.0,5.0,205,150.29,0
ACC-05309,Starter,FinTech,8,754,2,0.698,0.14,48.0,2,0,29.0,3.7,32,127.0,0
ACC-05310,Starter,FinTech,5,824,1,0.68,,48.0,3,0,,4.4,185,125.64,0
ACC-05311,Growth,SaaS,10,106,18,0.66,0.624,267.0,6,0,75.0,,317,483.81,0
ACC-05312,Starter,SaaS,5,743,0,0.61,0.256,44.0,2,2,1.0,,29,117.56,0
ACC-05313,Starter,Healthcare,9,535,7,0.267,0.275,0.0,3,1,41.0,4.3,387,133.56,1
ACC-05314,Growth,FinTech,13,792,14,0.421,0.441,171.0,3,0,-11.0,4.7,318,436.38,0
ACC-05315,Starter,Other,4,454,5,0.279,0.303,15.0,4,2,66.0,2.6,352,87.82,1
ACC-05316,Starter,SaaS,3,533,7,0.676,0.419,52.0,3,0,43.0,4.4,82,64.16,1
ACC-05317,Starter,E-commerce,9,219,9,0.638,0.305,56.0,0,0,24.0,4.3,266,115.19,0
ACC-05318,Enterprise,Healthcare,80,532,17,0.613,0.634,725.0,0,0,56.0,3.4,391,7571.04,0
ACC-05319,Starter,E-commerce,9,384,11,0.822,0.462,37.0,0,0,,5.0,358,208.17,0
ACC-05320,Starter,E-commerce,7,370,10,0.639,0.205,44.0,0,0,7.0,3.1,305,144.83,0
ACC-05321,Starter,E-commerce,8,261,6,0.211,0.497,9.0,1,0,84.0,4.7,371,151.44,0
ACC-05322,Growth,Healthcare,36,369,9,0.293,0.502,0.0,1,0,34.0,5.0,47,1948.21,0
ACC-05323,Enterprise,Other,198,162,20,0.979,0.556,476.0,1,0,41.0,3.6,237,22145.46,0
ACC-05324,Starter,FinTech,3,767,16,0.434,0.403,31.0,1,0,65.0,5.0,196,67.14,0
ACC-05325,Starter,FinTech,1,372,4,0.374,0.255,95.0,2,1,77.0,3.2,23,13.54,1
ACC-05326,Starter,E-commerce,5,357,14,0.565,0.213,39.0,2,1,40.0,1.9,116,115.7,1
ACC-05327,Growth,FinTech,27,881,5,0.312,0.602,174.0,0,0,90.0,2.9,395,1376.85,0
ACC-05328,Enterprise,SaaS,62,445,16,0.832,0.618,574.0,1,1,57.0,3.6,214,4687.73,0
ACC-05329,Growth,Other,7,636,11,0.601,0.401,250.0,0,0,82.0,4.3,78,381.23,0
ACC-05330,Starter,SaaS,9,896,11,0.661,0.217,,0,0,23.0,4.7,233,172.79,0
ACC-05331,Growth,SaaS,14,777,13,1.0,0.246,289.0,3,2,25.0,3.6,235,372.65,0
ACC-05332,Growth,E-commerce,21,327,19,0.382,0.666,,3,1,44.0,4.9,113,1149.56,0
ACC-05333,Starter,SaaS,9,485,6,0.388,0.167,,1,0,18.0,2.6,196,213.38,0
ACC-05334,Starter,SaaS,9,742,7,0.572,0.306,17.0,2,0,75.0,4.8,323,165.37,0
ACC-05335,Starter,SaaS,9,457,6,0.511,0.315,34.0,1,0,25.0,3.8,194,171.07,0
ACC-05336,Growth,SaaS,26,259,22,0.249,0.168,228.0,4,0,23.0,3.7,105,942.34,0
ACC-05337,Growth,FinTech,36,482,8,0.662,0.511,123.0,2,0,-3.0,3.2,147,2134.63,0
ACC-05338,Growth,Healthcare,17,36,11,0.479,0.619,,2,0,21.0,2.7,341,611.24,0
ACC-05339,Enterprise,FinTech,49,794,16,0.804,0.428,165.0,1,0,,2.5,304,5266.66,0
ACC-05340,Starter,FinTech,4,539,10,0.427,0.264,57.0,0,0,27.0,3.8,75,56.99,0
ACC-05341,Starter,E-commerce,5,240,2,0.404,0.381,0.0,1,0,-15.0,3.6,154,59.15,1
ACC-05342,Starter,FinTech,7,438,15,0.641,0.379,40.0,0,0,14.0,3.2,46,171.58,0
ACC-05343,Enterprise,FinTech,142,41,20,0.743,0.732,,1,0,20.0,3.0,8,8196.0,0
ACC-05344,Growth,FinTech,19,710,15,0.303,0.733,163.0,4,0,33.0,3.2,227,1085.49,0
ACC-05345,Starter,FinTech,6,484,9,0.522,0.413,0.0,4,0,49.0,,219,66.27,0
ACC-05346,Starter,FinTech,9,17,7,0.508,0.486,39.0,1,0,39.0,2.5,279,197.33,0
ACC-05347,Growth,SaaS,39,421,14,0.953,0.526,102.0,4,0,49.0,2.3,213,1404.85,0
ACC-05348,Growth,Other,39,76,13,0.353,0.378,227.0,0,0,59.0,3.0,43,1661.08,0
ACC-05349,Growth,Other,14,357,15,0.797,0.397,117.0,4,0,50.0,,88,602.25,0
ACC-05350,Starter,Other,5,775,3,0.531,0.322,69.0,3,0,37.0,3.2,54,60.88,1
ACC-05351,Enterprise,SaaS,108,593,16,,0.587,291.0,4,1,72.0,3.9,286,11863.36,0
ACC-05352,Growth,Healthcare,25,440,17,0.442,0.522,285.0,2,0,41.0,4.0,66,655.93,0
ACC-05353,Growth,E-commerce,31,467,13,0.454,0.535,,2,0,9.0,4.4,278,1595.44,0
ACC-05354,Growth,SaaS,23,462,4,0.656,0.52,218.0,3,2,44.0,4.0,382,836.69,0
ACC-05355,Enterprise,Other,172,100,18,0.395,0.803,424.0,1,0,48.0,3.7,32,18771.11,0
ACC-05356,Enterprise,Healthcare,135,213,27,0.945,0.605,616.0,0,0,24.0,4.9,133,12089.17,0
ACC-05357,Growth,SaaS,31,737,12,0.656,0.541,,2,1,70.0,2.6,91,858.78,0
ACC-05358,Starter,Other,6,834,5,0.401,0.409,,0,0,42.0,2.3,85,124.77,0
ACC-05359,Starter,SaaS,9,143,0,0.604,0.313,17.0,2,0,16.0,3.4,206,131.83,0
ACC-05360,Enterprise,FinTech,116,824,17,0.513,0.682,670.0,7,2,5.0,3.8,131,16098.11,1
ACC-05361,Growth,SaaS,7,40,8,0.414,0.59,280.0,2,1,4.0,3.9,307,227.9,0
ACC-05362,Starter,SaaS,6,471,9,0.192,0.441,,0,0,92.0,3.5,117,96.29,1
ACC-05363,Starter,Other,419,747,7,0.02,0.326,,1,0,40.0,4.1,393,21.51,1
ACC-05364,Enterprise,E-commerce,60,206,18,0.715,0.763,654.0,2,0,51.0,3.8,58,4607.49,0
ACC-05365,Enterprise,SaaS,32,854,17,0.746,0.639,387.0,2,0,23.0,3.5,340,4078.97,0
ACC-05366,Enterprise,Healthcare,106,884,27,0.583,0.79,0.0,1,0,58.0,4.1,103,6580.3,0
ACC-05367,Growth,Other,36,390,10,0.77,0.44,59.0,3,1,35.0,3.1,86,1220.75,0
ACC-05368,Growth,Other,15,804,10,0.593,0.462,214.0,1,0,33.0,,165,384.6,0
ACC-05369,Enterprise,Other,81,84,19,0.7,0.736,539.0,1,0,34.0,5.0,213,7517.09,0
ACC-05370,Starter,Other,1,475,7,0.449,0.224,44.0,1,0,7.0,3.7,395,19.06,0
ACC-05371,Starter,E-commerce,8,273,9,0.361,0.513,13.0,0,0,55.0,5.0,20,214.88,0
ACC-05372,Enterprise,FinTech,42,568,24,0.433,0.589,636.0,2,0,81.0,4.8,88,4434.2,0
ACC-05373,Starter,Other,1,236,11,0.622,0.343,52.0,2,0,46.0,4.6,257,25.19,0
ACC-05374,Growth,SaaS,11,403,24,0.776,,161.0,0,0,35.0,3.4,135,537.34,0
ACC-05375,Growth,SaaS,480,662,5,,0.658,167.0,3,2,17.0,3.3,283,1990.0,0
ACC-05376,Growth,FinTech,27,196,14,,,221.0,0,0,31.0,3.8,174,1599.62,0
ACC-05377,Starter,FinTech,2,760,5,0.159,0.087,24.0,1,0,19.0,3.2,58,42.77,0
ACC-05378,Growth,E-commerce,37,617,22,0.425,0.534,274.0,2,0,-3.0,4.1,220,2208.46,0
ACC-05379,Starter,Other,8,236,8,0.522,0.415,0.0,2,0,,4.2,398,99.19,0
ACC-05380,Enterprise,FinTech,159,606,11,0.815,0.511,269.0,3,1,34.0,4.7,145,11001.97,0
ACC-05381,Starter,E-commerce,8,295,9,,0.13,30.0,3,0,44.0,2.7,197,187.95,0
ACC-05382,Growth,FinTech,9,498,14,0.553,0.628,66.0,1,0,67.0,2.6,368,410.92,0
ACC-05383,Growth,Healthcare,20,554,16,0.642,0.498,176.0,4,1,47.0,2.5,258,906.84,0
ACC-05384,Starter,SaaS,2,735,4,0.367,0.426,10.0,0,0,19.0,2.3,319,50.19,0
ACC-05385,Starter,SaaS,2,322,8,0.64,0.273,16.0,2,1,51.0,5.0,283,33.89,0
ACC-05386,Growth,E-commerce,11,414,12,0.891,0.757,173.0,1,0,17.0,3.6,83,320.05,0
ACC-05387,Starter,E-commerce,6,406,4,0.259,0.528,33.0,3,1,32.0,4.4,288,101.46,0
ACC-05388,Starter,FinTech,8,776,9,0.404,0.296,55.0,1,0,39.0,3.1,297,188.79,0
ACC-05389,Growth,FinTech,14,759,14,0.611,0.799,63.0,2,0,49.0,,43,651.62,0
ACC-05390,Enterprise,SaaS,20,206,25,0.435,0.647,146.0,4,1,34.0,3.6,157,1673.27,0
ACC-05391,Growth,Healthcare,36,107,13,0.591,0.241,264.0,1,0,-5.0,2.4,39,1547.69,0
ACC-05392,Starter,FinTech,5,866,10,0.147,0.092,0.0,2,0,29.0,5.0,191,53.04,0
ACC-05393,Enterprise,FinTech,79,162,15,0.907,0.617,918.0,2,0,17.0,4.5,261,65332.60344257252,0
ACC-05394,Growth,Other,16,195,19,0.865,0.486,82.0,3,0,19.0,2.2,16,601.11,0
ACC-05395,Growth,Healthcare,28,119,10,0.493,0.327,206.0,0,0,18.0,3.1,104,1348.55,0
ACC-05396,Starter,SaaS,4,155,11,0.588,0.486,53.0,2,2,33.0,4.7,24,77.93,0
ACC-05397,Starter,E-commerce,7,70,8,0.217,0.388,28.0,1,0,48.0,4.4,191,162.11,0
ACC-05398,Starter,SaaS,9,548,8,0.462,0.355,99.0,0,0,55.0,3.4,15,117.15,0
ACC-05399,Growth,SaaS,29,465,16,0.506,0.628,85.0,1,0,23.0,5.0,318,1715.64,0
ACC-05400,Starter,Healthcare,7,96,0,0.331,0.448,64.0,2,0,,4.0,252,174.5,0
ACC-05401,Growth,SaaS,22,591,10,0.875,0.546,133.0,2,0,17.0,2.5,249,1021.82,0
ACC-05402,Starter,FinTech,9,162,10,0.555,0.333,87.0,2,1,68.0,4.5,367,226.51,0
ACC-05403,Starter,Other,8,490,16,0.288,0.454,22.0,0,0,54.0,2.8,32,200.54,0
ACC-05404,Starter,Healthcare,9,659,7,0.579,0.175,67.0,2,0,62.0,4.1,283,181.49,0
ACC-05405,Growth,Other,33,391,2,0.476,0.5,88.0,2,0,40.0,4.1,181,1415.71,0
ACC-05406,Growth,Other,661,287,12,0.301,0.551,185.0,1,0,29.0,,142,1301.13,0
ACC-05407,Starter,FinTech,9,808,7,0.507,0.187,41.0,2,1,5.0,3.5,361,184.33,0
ACC-05408,Starter,E-commerce,6,722,12,0.274,0.349,2458.0,3,1,60.0,5.0,60,111.72,1
ACC-05409,Starter,FinTech,6,762,7,0.348,0.428,45.0,1,0,45.0,2.5,85,116.63,0
ACC-05410,Enterprise,Healthcare,139,151,14,0.766,0.612,562.0,1,0,26.0,1.9,284,10709.59,0
ACC-05411,Starter,FinTech,2,256,11,0.562,0.304,83.0,0,0,-8.0,4.0,319,40.12,0
ACC-05412,Growth,SaaS,10,355,16,0.29,0.593,159.0,4,0,,4.5,53,325.09,0
ACC-05413,Starter,SaaS,4,163,4,0.544,,0.0,1,0,66.0,4.1,158,60.36,0
ACC-05414,Starter,Healthcare,6,356,10,0.396,,26.0,2,1,27.0,,341,64.96,0
ACC-05415,Growth,SaaS,22,233,11,0.756,0.836,87.0,3,0,35.0,3.4,308,765.34,0
ACC-05416,Growth,E-commerce,33,439,12,0.56,0.653,203.0,1,1,26.0,,135,1552.84,0
ACC-05417,Starter,Other,3,640,5,0.179,0.167,17.0,2,0,33.0,3.9,141,77.26,0
ACC-05418,Enterprise,Healthcare,90,377,19,0.644,0.715,104.0,1,0,-19.0,3.6,60,11239.62,0
ACC-05419,Starter,FinTech,4,653,11,,0.332,9.0,2,0,47.0,3.7,270,84.45,0
ACC-05420,Starter,SaaS,6,356,0,0.483,0.315,0.0,4,0,25.0,3.8,158,62.18,0
ACC-05421,Starter,Other,6,451,12,0.521,0.283,40.0,2,0,30.0,3.8,51,142.43,0
ACC-05422,Growth,E-commerce,9,304,14,0.547,0.479,140.0,1,0,20.0,3.5,257,282.01,0
ACC-05423,Growth,FinTech,14,89,11,0.45,0.228,171.0,0,0,31.0,2.6,240,637.93,0
ACC-05424,Starter,Other,4,27,7,,0.105,73.0,1,0,49.0,3.2,375,84.52,0
ACC-05425,Enterprise,SaaS,60,176,16,0.49,0.73,802.0,0,0,49.0,2.3,183,3802.25,0
ACC-05426,Growth,FinTech,18,560,6,0.72,0.41,130.0,0,0,37.0,3.3,105,884.9,0
ACC-05427,Enterprise,SaaS,116,102,16,0.895,0.708,310.0,2,0,39.0,4.6,321,11492.73,0
ACC-05428,Enterprise,SaaS,109,433,11,0.883,,439.0,0,0,34.0,4.6,216,8270.02,0
ACC-05429,Enterprise,FinTech,88,131,14,0.68,0.701,735.0,4,2,68.0,3.1,349,11149.92,0
ACC-05430,Growth,Healthcare,9,344,6,0.577,0.513,117.0,2,2,38.0,5.0,150,535.09,0
ACC-05431,Starter,FinTech,5,253,13,0.076,0.126,0.0,1,0,40.0,4.5,207,124.99,0
ACC-05432,Growth,Healthcare,5,201,7,0.335,0.474,193.0,0,0,83.0,5.0,311,125.37,0
ACC-05433,Growth,Healthcare,9,470,13,0.6,0.692,109.0,2,1,38.0,2.7,20,400.53,1
ACC-05434,Growth,Other,26,803,18,0.684,,263.0,0,0,18.0,3.2,303,1469.13,0
ACC-05435,Growth,SaaS,8,592,17,,0.429,257.0,0,0,62.0,2.6,370,335.14,0
ACC-05436,Starter,Healthcare,7,224,6,0.443,0.242,0.0,0,0,-9.0,4.8,87,195.8,0
ACC-05437,Enterprise,SaaS,15,766,19,0.723,,642.0,0,0,21.0,4.6,196,1912.93,0
ACC-05438,Starter,Healthcare,9,829,8,0.804,0.432,20.0,2,0,33.0,1.9,94,194.49,0
ACC-05439,Enterprise,FinTech,143,684,30,0.89,0.663,589.0,1,0,-24.0,4.0,145,9482.66,0
ACC-05440,Starter,Healthcare,1,206,9,0.612,0.304,2494.0,0,0,47.0,4.9,134,10.23,0
ACC-05441,Starter,SaaS,6,162,10,0.838,0.047,47.0,1,0,49.0,2.9,45,87.64,0
ACC-05442,Enterprise,E-commerce,138,874,30,0.622,0.627,392.0,1,0,6.0,2.7,213,15762.67,0
ACC-05443,Enterprise,SaaS,29,801,21,0.556,0.754,1005.0,1,0,34.0,4.0,97,2108.9,0
ACC-05444,Growth,SaaS,20,385,18,0.45,0.56,62.0,5,0,100.0,3.2,124,584.79,0
ACC-05445,Enterprise,E-commerce,70,418,22,0.591,0.526,206.0,1,1,39.0,4.9,86,6550.24,0
ACC-05446,Starter,FinTech,3,485,9,0.317,0.311,0.0,1,1,80.0,2.8,19,51.17,0
ACC-05447,Enterprise,Healthcare,165,801,16,0.755,0.71,,3,1,31.0,4.3,60,19660.12,0
ACC-05448,Starter,Healthcare,1,278,2,0.268,,35.0,1,0,65.0,3.7,307,14.65,0
ACC-05449,Growth,E-commerce,21,615,11,0.667,0.439,167.0,2,2,30.0,3.6,211,1016.76,0
ACC-05450,Growth,Healthcare,35,846,17,0.562,0.443,196.0,0,0,33.0,4.2,68,1213.67,0
ACC-05451,Starter,Healthcare,9,279,11,0.295,0.32,84.0,2,1,14.0,3.1,356,170.82,0
ACC-05452,Growth,Other,39,264,19,0.836,0.583,150.0,2,0,78.0,2.6,375,1664.92,0
ACC-05453,Growth,SaaS,27,133,13,0.656,0.616,174.0,2,0,28.0,2.9,28,878.17,0
ACC-05454,Starter,E-commerce,4,660,9,0.448,0.408,77.0,3,0,30.0,3.2,362,88.29,0
ACC-05455,Enterprise,Healthcare,190,255,22,0.992,0.529,436.0,1,0,47.0,4.2,8,18608.25,0
ACC-05456,Growth,SaaS,3,32,13,0.724,0.255,171.0,1,0,-7.0,2.9,342,1635.03,0
ACC-05457,Starter,SaaS,6,459,6,0.482,0.307,32.0,3,2,38.0,4.3,226,120.24,0
ACC-05458,Growth,SaaS,35,509,6,,0.4,,3,0,41.0,4.6,235,1899.38,0
ACC-05459,Starter,E-commerce,2,29,6,0.8,0.373,0.0,4,2,,3.7,314,31.71,1
ACC-05460,Starter,FinTech,5,671,7,0.374,0.429,41.0,0,0,65.0,4.7,375,95.28,0
ACC-05461,Growth,E-commerce,18,509,18,0.503,0.298,166.0,2,0,49.0,3.9,36,913.88,0
ACC-05462,Starter,E-commerce,8,431,13,0.237,0.134,53.0,4,2,22.0,4.4,332,120.46,0
ACC-05463,Starter,E-commerce,8,318,8,,0.253,0.0,1,0,3.0,2.8,267,146.34,1
ACC-05464,Growth,SaaS,22,583,22,0.421,0.598,86.0,2,0,55.0,4.4,15,628.53,0
ACC-05465,Starter,Healthcare,5,679,8,0.573,0.188,11.0,2,1,10.0,4.0,343,112.62,0
ACC-05466,Enterprise,E-commerce,83,694,25,0.827,,965.0,1,0,25.0,4.6,218,5765.67,0
ACC-05467,Growth,SaaS,35,357,13,0.526,,93.0,0,0,,4.2,16,1196.2,0
ACC-05468,Starter,SaaS,8,457,2,0.738,0.242,12.0,2,0,,3.7,169,205.47,0
ACC-05469,Growth,FinTech,5,238,11,0.228,0.643,144.0,0,0,33.0,2.6,224,170.88,0
ACC-05470,Starter,Other,3,207,14,0.4,0.157,20.0,1,0,-6.0,3.9,94,34.09,0
ACC-05471,Growth,FinTech,27,778,12,0.3,0.38,143.0,3,3,-5.0,3.9,183,811.53,1
ACC-05472,Starter,SaaS,419,365,5,0.393,0.183,23.0,2,0,6.0,2.7,285,164.82,0
ACC-05473,Enterprise,SaaS,18,256,20,0.572,0.709,642.0,2,1,21.0,3.0,41,2287.48,0
ACC-05474,Starter,SaaS,7,661,5,0.324,0.28,0.0,1,1,28.0,2.9,83,94.67,0
ACC-05475,Growth,FinTech,13,631,18,0.794,0.68,245.0,0,0,25.0,4.0,310,589.93,0
ACC-05476,Starter,Healthcare,4,254,15,0.558,0.291,60.0,2,1,67.0,3.2,231,66.86,0
ACC-05477,Starter,FinTech,4,168,7,0.263,0.409,16.0,1,0,43.0,3.6,212,83.57,0
ACC-05478,Growth,Healthcare,24,573,15,0.559,0.708,103.0,0,0,13.0,4.3,213,850.06,0
ACC-05479,Growth,SaaS,30,827,17,0.448,,15.0,0,0,36.0,3.7,52,1733.12,0
ACC-05480,Enterprise,FinTech,99,145,20,1.0,0.723,907.0,0,0,29.0,3.9,371,7803.7,0
ACC-05481,Starter,Healthcare,4,226,3,0.304,0.315,0.0,2,0,36.0,4.4,73,85.06,1
ACC-05482,Starter,E-commerce,5,838,5,0.535,0.155,17.0,1,0,26.0,4.2,92,130.88,0
ACC-05483,Starter,Other,6,663,9,0.489,0.222,47.0,2,1,10.0,3.8,109,86.94,0
ACC-05484,Starter,SaaS,9,548,9,0.095,0.423,24.0,3,1,60.0,3.6,321,167.57,0
ACC-05485,Enterprise,E-commerce,161,311,12,0.738,0.767,459.0,1,0,99.0,5.0,390,14394.14,0
ACC-05486,Enterprise,E-commerce,130,428,18,0.853,0.813,766.0,1,0,64.0,4.9,160,15663.38,0
ACC-05487,Enterprise,SaaS,191,181,17,0.659,0.601,1071.0,1,0,42.0,2.3,271,22826.98,0
ACC-05488,Starter,Healthcare,2,733,11,0.824,0.353,32.0,0,0,50.0,3.0,176,50.51,0
ACC-05489,Starter,FinTech,9,458,4,0.438,0.321,,1,0,27.0,4.1,383,141.36,0
ACC-05490,Growth,SaaS,10,720,11,1.0,0.507,170.0,0,0,62.0,4.8,225,473.16,0
ACC-05491,Starter,Healthcare,1,791,5,0.698,0.433,64.0,3,2,11.0,2.9,110,86.03,1
ACC-05492,Growth,Healthcare,33,100,17,0.398,0.447,94.0,1,1,29.0,3.0,155,1234.93,0
ACC-05493,Starter,Other,2,778,11,0.791,0.364,,3,1,38.0,3.5,299,26.48,0
ACC-05494,Starter,Other,2,286,9,0.367,0.28,0.0,0,0,61.0,4.4,126,41.23,0
ACC-05495,Enterprise,SaaS,120,304,25,0.74,0.906,,3,0,30.0,3.6,210,11451.19,0
ACC-05496,Starter,E-commerce,2,420,13,0.876,0.407,53.0,3,0,34.0,3.6,22,30.77,0
ACC-05497,Enterprise,Other,182,277,12,0.649,0.644,759.0,1,0,6.0,3.6,273,19088.14,0
ACC-05498,Starter,SaaS,7,315,10,0.742,0.466,0.0,1,1,-29.0,3.2,297,140.61,0
ACC-05499,Starter,FinTech,9,628,5,0.445,0.416,64.0,1,0,37.0,3.3,141,182.48,0
ACC-05500,Starter,Other,460,295,1,0.432,0.279,,0,0,,,300,137.69,0
ACC-05501,Starter,SaaS,9,552,6,0.02,0.349,74.0,1,0,62.0,2.2,101,201.06,0
ACC-05502,Growth,Other,38,326,16,0.585,0.4,0.0,0,0,40.0,4.6,40,1969.24,0
ACC-05503,Starter,FinTech,6,302,14,0.519,0.452,27.0,1,1,40.0,3.6,157,70.87,0
ACC-05504,Growth,Other,28,139,7,0.679,,150.0,3,0,,3.2,314,742.89,0
ACC-05505,Enterprise,E-commerce,20,779,23,0.791,0.829,570.0,2,1,34.0,3.1,356,2221.14,1
ACC-05506,Starter,E-commerce,1,119,16,0.457,0.102,,1,0,46.0,2.0,159,14.99,0
ACC-05507,Starter,Healthcare,3,504,15,0.28,0.381,43.0,0,0,56.0,3.8,204,40.05,0
ACC-05508,Starter,SaaS,6,244,0,0.515,0.38,25.0,2,0,56.0,2.4,174,122.25,0
ACC-05509,Growth,E-commerce,13,889,23,0.611,0.4,321.0,0,0,63.0,3.0,151,654.75,0
ACC-05510,Growth,Other,15,76,17,0.543,0.548,173.0,0,0,28.0,3.3,326,731.63,0
ACC-05511,Starter,Other,4,391,0,0.4,0.154,46.0,1,0,1.0,2.9,248,49.76,0
ACC-05512,Growth,Other,10,466,10,0.767,0.26,127.0,1,0,51.0,4.5,347,450.14,0
ACC-05513,Growth,E-commerce,22,888,19,0.461,0.398,58.0,2,0,29.0,,190,731.87,0
ACC-05514,Starter,E-commerce,9,149,9,,0.227,47.0,2,0,28.0,3.1,284,115.06,0
ACC-05515,Starter,E-commerce,3,752,4,0.356,,73.0,1,0,55.0,4.5,247,37.54,0
ACC-05516,Enterprise,E-commerce,38,73,20,,0.701,364.0,4,0,54.0,3.6,368,5213.94,0
ACC-05517,Starter,E-commerce,4,270,9,0.315,0.307,38.0,0,0,38.0,5.0,234,46.87,0
ACC-05518,Starter,SaaS,3,755,4,0.238,0.345,0.0,1,1,23.0,3.2,21,43.17,1
ACC-05519,Starter,SaaS,4,347,6,0.592,0.587,68.0,1,0,69.0,3.5,232,60.33,0
ACC-05520,Growth,E-commerce,16,534,17,0.43,0.579,258.0,1,0,44.0,4.0,15,664.18,0
ACC-05521,Growth,FinTech,11,360,10,0.562,0.507,248.0,4,0,4.0,4.4,186,570.66,0
ACC-05522,Starter,FinTech,1,809,1,0.41,0.447,39.0,1,0,31.0,5.0,221,11.38,0
ACC-05523,Growth,SaaS,12,95,10,0.575,0.788,176.0,1,1,12.0,4.5,374,61610.605362004484,0
ACC-05524,Growth,Healthcare,8,885,9,0.641,,45.0,1,0,33.0,4.7,218,391.36,0
ACC-05525,Starter,Other,2,221,4,0.247,0.441,12.0,2,0,32.0,5.0,124,27.99,0
ACC-05526,Enterprise,E-commerce,123,539,12,0.714,0.544,773.0,2,0,-6.0,,212,11120.19,0
ACC-05527,Starter,Other,7,245,8,0.501,,2212.0,1,0,-18.0,4.6,64,129.9,0
ACC-05528,Starter,Other,9,719,11,,0.315,76.0,1,0,39.0,4.2,45,217.47,0
ACC-05529,Enterprise,SaaS,134,638,16,0.732,0.612,581.0,0,0,-17.0,2.3,82,11132.64,0
ACC-05530,Enterprise,SaaS,131,155,17,,0.631,665.0,0,0,39.0,3.3,22,16352.79,0
ACC-05531,Starter,SaaS,3,232,6,0.533,0.451,29.0,1,1,90.0,4.2,233,70.79,0
ACC-05532,Enterprise,SaaS,148,632,16,0.971,0.814,2084.0,1,0,73.0,3.8,211,11921.34,0
ACC-05533,Growth,E-commerce,19,459,17,0.697,0.316,144.0,1,0,35.0,2.0,17,774.87,0
ACC-05534,Starter,FinTech,8,500,3,0.276,0.132,81.0,1,1,55.0,4.0,136,185.42,0
ACC-05535,Enterprise,Other,27,338,18,0.683,0.696,886.0,2,0,49.0,3.8,112,3772.15,0
ACC-05536,Growth,E-commerce,29,613,10,0.547,0.387,100.0,1,0,60.0,1.8,34,1098.04,0
ACC-05537,Starter,FinTech,2,837,12,0.551,0.144,,2,0,18.0,5.0,348,53.06,0
ACC-05538,Growth,Other,30,106,12,,0.642,175.0,2,0,77.0,3.6,55,1261.09,0
ACC-05539,Starter,Other,9,628,16,0.426,0.185,73.0,0,0,70.0,3.4,45,251.73,0
ACC-05540,Starter,Healthcare,8,843,9,0.78,0.263,58.0,2,0,33.0,2.4,184,93.48,0
ACC-05541,Enterprise,Healthcare,48,210,25,0.673,0.949,0.0,0,0,,3.9,137,4762.05,0
ACC-05542,Growth,Other,39,383,12,0.933,0.588,149.0,1,0,3.0,4.0,349,2332.13,0
ACC-05543,Growth,E-commerce,29,516,9,0.62,0.485,163.0,1,0,71.0,3.9,190,1200.99,0
ACC-05544,Growth,Other,15,701,13,0.498,0.408,109.0,2,1,80.0,2.3,76,444.42,0
ACC-05545,Growth,SaaS,5,622,10,0.262,0.594,85.0,1,0,50.0,4.4,61,199.26,0
ACC-05546,Starter,E-commerce,8,891,0,0.584,,48.0,1,0,40.0,3.3,26,105.49,0
ACC-05547,Enterprise,E-commerce,198,507,25,1.0,0.846,580.0,3,1,77.0,4.2,44,20473.91,0
ACC-05548,Growth,SaaS,19,787,13,0.669,0.67,226.0,0,0,26.0,4.6,357,1114.14,0
ACC-05549,Growth,SaaS,37,474,10,0.472,0.477,171.0,1,0,37.0,3.3,251,1938.98,0
ACC-05550,Growth,SaaS,10,290,15,0.624,0.506,30.0,2,1,37.0,3.1,181,498.75,0
ACC-05551,Starter,FinTech,1,611,7,0.515,0.306,46.0,3,0,30.0,2.4,270,27.95,0
ACC-05552,Starter,SaaS,9,370,13,0.924,0.443,0.0,0,0,49.0,4.5,64,167.4,0
ACC-05553,Starter,FinTech,9,596,9,0.596,0.285,0.0,0,0,40.0,2.7,347,164.23,0
ACC-05554,Starter,Healthcare,6,588,6,0.285,0.363,40.0,0,0,24.0,4.8,200,94.57,0
ACC-05555,Growth,E-commerce,35,79,16,0.734,0.621,100.0,1,0,11.0,4.6,26,1120.92,0
ACC-05556,Enterprise,E-commerce,64,490,20,0.724,0.71,626.0,1,0,71.0,4.3,207,7913.57,0
ACC-05557,Starter,SaaS,6,25,8,0.604,0.274,82.0,2,0,63.0,3.4,30,143.5,0
ACC-05558,Starter,Healthcare,4,377,13,0.658,0.476,46.0,1,1,92.0,4.2,366,52.2,0
ACC-05559,Growth,SaaS,16,596,8,0.672,0.739,250.0,1,0,44.0,4.1,371,607.4,0
ACC-05560,Starter,FinTech,8,592,3,0.39,0.591,52.0,0,0,57.0,3.6,267,132.31,0
ACC-05561,Enterprise,E-commerce,187,105,18,0.739,0.489,531.0,0,0,32.0,3.3,244,13771.79,0
ACC-05562,Starter,Other,7,819,6,0.68,0.352,0.0,2,1,56.0,3.5,225,179.82,0
ACC-05563,Starter,Other,2,667,12,0.729,0.361,48.0,4,1,73.0,3.0,342,29.01,1
ACC-05564,Starter,Healthcare,6,288,1,0.229,0.21,55.0,1,0,13.0,4.4,296,62.38,0
ACC-05565,Enterprise,Healthcare,81,412,20,0.485,0.732,786.0,0,0,35.0,5.0,260,6491.72,0
ACC-05566,Starter,E-commerce,9,127,5,0.235,0.283,43.0,2,0,50.0,3.0,201,145.32,1
ACC-05567,Growth,E-commerce,24,335,21,0.633,0.728,125.0,1,1,16.0,4.1,81,1319.22,0
ACC-05568,Starter,SaaS,5,612,11,0.215,0.159,,0,0,7.0,4.1,26,72.68,0
ACC-05569,Starter,SaaS,5,795,8,0.338,0.4,61.0,4,0,22.0,4.9,62,65.02,0
ACC-05570,Enterprise,Other,343,536,24,0.758,0.738,801.0,0,0,34.0,3.6,103,18702.75,0
ACC-05571,Starter,Other,2,264,1,0.237,0.23,10.0,2,0,13.0,3.4,119,54.17,0
ACC-05572,Starter,FinTech,5,816,16,0.287,0.261,0.0,1,0,44.0,3.2,192,133.76,0
ACC-05573,Growth,SaaS,6,496,9,0.335,0.606,115.0,3,1,84.0,5.0,22,271.14,0
ACC-05574,Enterprise,SaaS,158,671,26,1.0,0.823,,6,1,62.0,4.8,181,20649.5,0
ACC-05575,Starter,FinTech,5,641,9,0.154,0.511,40.0,1,0,61.0,2.8,310,79.18,0
ACC-05576,Starter,SaaS,3,365,8,0.943,0.341,76.0,1,0,-4.0,5.0,210,76.17,0
ACC-05577,Enterprise,E-commerce,94,32,25,0.693,0.735,,3,1,30.0,,384,5551.22,0
ACC-05578,Growth,SaaS,5,575,17,0.288,0.659,190.0,3,0,74.0,3.7,55,271.98,0
ACC-05579,Enterprise,SaaS,178,804,20,0.484,0.774,982.0,0,0,26.0,2.8,23,23886.2,0
ACC-05580,Growth,SaaS,33,778,11,0.31,0.486,108.0,0,0,30.0,4.8,91,1441.18,0
ACC-05581,Growth,Healthcare,31,775,14,0.456,0.381,2018.0,3,0,62.0,3.6,380,70517.06455313195,0
ACC-05582,Starter,FinTech,7,321,7,0.52,0.157,56.0,0,0,48.0,4.0,290,167.93,0
ACC-05583,Starter,FinTech,550,816,9,0.329,0.267,52.0,1,0,17.0,,257,18.82,0
ACC-05584,Growth,E-commerce,38,26,18,0.783,0.327,26.0,0,0,1.0,3.9,116,1710.0,0
ACC-05585,Growth,Healthcare,5,294,15,0.392,0.469,283.0,2,0,28.0,2.2,89,125.3,0
ACC-05586,Enterprise,FinTech,105,568,21,0.922,0.698,654.0,3,2,55.0,3.7,121,11258.58,0
ACC-05587,Growth,Healthcare,31,289,10,0.511,0.537,105.0,1,1,89.0,3.3,81,996.78,0
ACC-05588,Starter,FinTech,7,36,8,0.356,0.355,0.0,1,0,,2.9,185,81.31,0
ACC-05589,Growth,E-commerce,32,168,5,0.661,0.376,80.0,1,1,3.0,4.3,397,1223.52,0
ACC-05590,Growth,FinTech,31,844,9,0.765,0.459,260.0,0,0,77.0,3.1,385,1374.99,0
ACC-05591,Growth,Other,37,393,16,0.236,0.717,31.0,1,0,24.0,4.1,3,2033.93,0
ACC-05592,Growth,Other,23,163,17,0.85,0.637,168.0,1,1,66.0,3.8,382,1205.73,0
ACC-05593,Growth,Healthcare,33,562,13,0.449,0.376,304.0,3,1,22.0,,8,1421.8,0
ACC-05594,Starter,Other,7,345,8,,0.328,70.0,0,0,90.0,5.0,319,131.86,1
ACC-05595,Growth,SaaS,11,362,15,0.584,0.582,0.0,1,0,26.0,4.3,50,295.09,0
ACC-05596,Growth,E-commerce,6,852,16,0.233,0.653,147.0,0,0,53.0,,257,358.46,0
ACC-05597,Enterprise,SaaS,96,494,19,,,254.0,2,0,17.0,3.5,10,13418.08,0
ACC-05598,Starter,SaaS,5,84,3,0.565,0.285,0.0,1,1,55.0,3.8,232,130.96,0
ACC-05599,Growth,E-commerce,33,848,15,0.681,0.585,102.0,0,0,13.0,2.4,214,1293.24,0
ACC-05600,Growth,Healthcare,22,17,22,0.5,0.527,182.0,0,0,-3.0,3.1,81,850.69,0
ACC-05601,Growth,Healthcare,20,622,9,0.614,0.283,234.0,1,0,37.0,3.4,127,779.76,0
ACC-05602,Starter,Other,1,105,6,0.212,0.114,93.0,0,0,,3.9,192,18.43,1
ACC-05603,Enterprise,E-commerce,129,254,18,1.0,0.851,392.0,2,1,49.0,2.5,53,15022.61,0
ACC-05604,Enterprise,Other,56,887,30,0.951,0.858,765.0,1,0,,4.1,185,5157.75,0
ACC-05605,Growth,Other,5,163,9,0.452,,348.0,0,0,,3.6,315,141.7,0
ACC-05606,Growth,Other,29,874,12,0.429,0.484,254.0,3,0,46.0,,241,1704.97,0
ACC-05607,Starter,SaaS,6,273,5,0.201,0.349,70.0,3,1,-1.0,4.6,37,137.05,0
ACC-05608,Growth,E-commerce,6,354,7,0.194,0.39,239.0,0,0,22.0,2.7,263,279.02,0
ACC-05609,Growth,Healthcare,7,844,7,0.691,0.662,43.0,0,0,40.0,3.5,315,317.82,0
ACC-05610,Growth,Other,9,672,16,0.593,0.473,92.0,3,2,30.0,3.5,187,257.55,0
ACC-05611,Starter,SaaS,7,274,10,0.339,0.135,47.0,2,0,50.0,3.0,79,72.82,1
ACC-05612,Growth,FinTech,31,666,10,0.707,0.881,130.0,0,0,31.0,3.7,68,1207.5,0
ACC-05613,Starter,FinTech,9,436,13,0.771,0.275,0.0,0,0,-2.0,3.5,201,249.34,0
ACC-05614,Growth,FinTech,32,102,3,0.75,0.407,142.0,2,0,-1.0,3.7,269,1517.43,0
ACC-05615,Growth,Healthcare,25,237,7,0.833,0.651,232.0,0,0,,,387,1286.23,0
ACC-05616,Starter,SaaS,9,222,3,0.595,0.467,5.0,1,0,11.0,2.7,179,200.14,1
ACC-05617,Growth,FinTech,14,433,13,0.465,0.229,40.0,1,0,43.0,3.2,253,766.45,0
ACC-05618,Enterprise,Healthcare,60,801,18,0.762,0.68,765.0,2,0,17.0,2.8,346,4646.43,0
ACC-05619,Growth,FinTech,11,518,12,0.465,0.385,135.0,3,1,22.0,2.6,231,651.21,0
ACC-05620,Starter,SaaS,2,160,9,0.274,0.421,26.0,2,0,3.0,3.7,140,54.17,0
ACC-05621,Growth,E-commerce,6,552,20,0.533,,112.0,0,0,56.0,3.6,110,282.59,0
ACC-05622,Starter,E-commerce,7,475,11,0.613,0.165,0.0,1,0,26.0,3.9,353,72.17,0
ACC-05623,Growth,Other,21,357,13,0.7,0.393,129.0,0,0,88.0,3.8,297,1076.12,0
ACC-05624,Growth,Healthcare,27,230,13,0.722,0.685,87.0,1,0,-15.0,4.5,198,816.14,0
ACC-05625,Starter,Other,2,645,12,0.357,0.359,4.0,0,0,5.0,,331,54.39,0
ACC-05626,Growth,SaaS,16,508,21,0.671,0.404,230.0,1,0,49.0,3.9,229,863.9,0
ACC-05627,Growth,Healthcare,35,394,16,,0.599,179.0,3,0,12.0,2.2,8,1469.12,0
ACC-05628,Growth,E-commerce,5,188,11,0.47,0.351,331.0,3,0,56.0,3.4,186,184.86,0
ACC-05629,Starter,Healthcare,1,120,8,0.621,0.12,3.0,0,0,28.0,4.6,238,17.07,0
ACC-05630,Starter,FinTech,6,205,10,0.39,0.271,10.0,1,0,25.0,3.4,144,127.55,1
ACC-05631,Growth,SaaS,33,563,11,0.515,0.592,183.0,0,0,37.0,2.4,210,1396.05,0
ACC-05632,Starter,SaaS,9,55,11,,0.317,,5,2,20.0,3.8,72,181.61,0
ACC-05633,Growth,Healthcare,8,77,14,0.492,0.446,337.0,2,0,55.0,3.2,158,284.62,0
ACC-05634,Starter,Healthcare,8,891,12,0.455,0.366,20.0,0,0,-21.0,2.5,99,114.9,0
ACC-05635,Starter,SaaS,5,251,3,0.53,0.24,3.0,4,1,-15.0,3.9,85,134.88,0
ACC-05636,Growth,E-commerce,12,114,5,0.686,0.642,0.0,2,0,48.0,3.1,257,341.97,0
ACC-05637,Starter,Healthcare,5,868,5,0.602,0.542,40.0,6,0,73.0,4.8,227,71.03,0
ACC-05638,Growth,E-commerce,37,382,13,,0.279,156.0,3,2,28.0,3.3,71,1215.59,0
ACC-05639,Starter,FinTech,4,14,0,0.673,0.295,23.0,2,1,63.0,5.0,52,166.21,0
ACC-05640,Growth,Other,7,383,10,0.26,0.544,220.0,1,0,,3.2,148,175.01,1
ACC-05641,Starter,E-commerce,4,32,13,0.155,0.258,6.0,1,0,69.0,4.9,60,47.95,0
ACC-05642,Growth,Healthcare,32,283,15,0.467,0.167,306.0,4,1,-17.0,3.6,177,1588.58,0
ACC-05643,Growth,E-commerce,27,851,14,0.472,0.567,227.0,1,0,50.0,5.0,47,1267.51,0
ACC-05644,Starter,Healthcare,2,717,2,0.318,0.146,48.0,2,0,6.0,3.9,177,46.81,0
ACC-05645,Growth,SaaS,32,384,19,0.404,0.665,156.0,3,0,37.0,4.4,306,894.5,0
ACC-05646,Starter,Other,7,313,5,,0.144,13.0,1,0,29.0,5.0,91,79.37,0
ACC-05647,Growth,FinTech,16,531,13,0.506,0.386,52.0,0,0,33.0,1.3,325,675.62,0
ACC-05648,Starter,Healthcare,6,568,9,0.044,0.181,92.0,2,0,,4.5,354,159.54,0
ACC-05649,Growth,Other,30,686,14,0.588,0.565,306.0,2,0,3.0,3.7,66,1345.5,0
ACC-05650,Starter,E-commerce,5,495,14,0.818,0.417,,1,0,81.0,4.2,204,109.16,0
ACC-05651,Enterprise,E-commerce,68,82,23,0.948,0.798,,2,0,43.0,2.7,268,8717.54,0
ACC-05652,Growth,SaaS,27,779,15,0.744,0.317,186.0,1,0,18.0,4.0,357,1209.89,0
ACC-05653,Growth,FinTech,30,311,13,,0.474,249.0,1,0,14.0,5.0,316,1191.66,0
ACC-05654,Starter,E-commerce,8,740,9,0.728,0.14,34.0,0,0,70.0,,45,182.54,0
ACC-05655,Starter,SaaS,9,732,6,0.385,0.464,41.0,0,0,-13.0,,216,114.11,0
ACC-05656,Starter,SaaS,8,207,8,0.266,0.626,48.0,2,0,51.0,4.1,397,169.74,0
ACC-05657,Enterprise,Other,47,470,18,0.713,0.771,,0,0,49.0,4.2,300,6570.7,0
ACC-05658,Growth,FinTech,9,678,11,0.27,0.417,3.0,0,0,76.0,2.0,340,419.46,0
ACC-05659,Starter,FinTech,8,330,3,0.538,0.514,20.0,0,0,23.0,4.9,316,180.86,0
ACC-05660,Growth,SaaS,29,716,12,0.837,0.387,242.0,0,0,,2.6,361,1431.49,0
ACC-05661,Starter,E-commerce,3,478,5,0.348,0.309,54.0,0,0,83.0,3.2,263,66.73,0
ACC-05662,Starter,FinTech,4,828,15,0.653,0.343,12.0,1,1,48.0,3.6,159,58.88,0
ACC-05663,Growth,Healthcare,21,808,17,0.44,0.459,283.0,3,3,49.0,4.5,104,812.92,0
ACC-05664,Starter,E-commerce,1,867,6,0.596,0.211,53.0,2,0,60.0,4.8,332,24.53,0
ACC-05665,Starter,SaaS,3,209,5,0.44,0.309,34.0,1,0,30.0,3.7,158,83.29,0
ACC-05666,Growth,FinTech,38,666,16,0.442,0.584,241.0,2,0,79.0,2.8,114,2272.36,1
ACC-05667,Starter,SaaS,7,679,16,0.503,0.071,0.0,1,0,69.0,3.7,65,178.89,0
ACC-05668,Enterprise,Healthcare,76,412,24,0.643,0.669,533.0,2,1,22.0,2.9,100,10569.15,0
ACC-05669,Growth,SaaS,27,163,5,0.506,,278.0,1,0,55.0,2.4,48,1003.79,0
ACC-05670,Enterprise,SaaS,170,273,24,0.78,0.483,422.0,1,0,-4.0,2.7,146,17437.09,0
ACC-05671,Growth,FinTech,32,470,18,0.668,0.5,198.0,1,1,-1.0,2.9,274,49000.473976909605,0
ACC-05672,Enterprise,SaaS,90,780,30,0.913,,915.0,2,0,15.0,3.4,46,7657.95,0
ACC-05673,Starter,E-commerce,7,825,6,0.397,0.574,85.0,1,0,3.0,3.9,10,154.72,0
ACC-05674,Growth,FinTech,8,825,14,0.42,,204.0,2,0,62.0,3.6,284,287.77,0
ACC-05675,Growth,Other,34,852,15,0.812,,184.0,0,0,54.0,5.0,143,1958.88,0
ACC-05676,Enterprise,SaaS,117,100,17,0.654,0.464,469.0,2,0,44.0,3.4,308,15760.17,0
ACC-05677,Starter,E-commerce,5,896,3,0.687,0.283,52.0,3,1,29.0,4.0,138,91.8,1
ACC-05678,Growth,Healthcare,36,505,15,0.501,0.405,173.0,3,3,63.0,2.3,111,1604.06,0
ACC-05679,Growth,SaaS,16,102,6,0.432,0.594,112.0,2,1,80.0,4.8,206,767.5,1
ACC-05680,Starter,E-commerce,9,128,1,0.403,0.596,18.0,3,2,39.0,3.8,143,246.31,1
ACC-05681,Enterprise,Other,127,240,24,0.934,0.938,485.0,2,0,52.0,2.8,231,14334.39,0
ACC-05682,Starter,Healthcare,5,236,9,0.633,0.092,88.0,1,1,34.0,1.6,58,56.82,0
ACC-05683,Starter,Other,7,112,13,0.47,0.361,1.0,2,0,20.0,3.8,381,71.22,0
ACC-05684,Growth,Healthcare,12,353,15,0.467,0.422,152.0,0,0,19.0,4.4,320,470.23,0
ACC-05685,Growth,FinTech,39,498,13,0.605,0.597,160.0,1,0,16.0,4.2,47,999.21,0
ACC-05686,Starter,Other,3,289,13,0.332,0.21,20.0,0,0,53.0,3.9,366,44.65,0
ACC-05687,Starter,SaaS,1,605,5,0.035,0.64,,3,0,,4.1,349,11.01,0
ACC-05688,Starter,E-commerce,6,648,5,0.297,0.336,52.0,3,1,4.0,3.4,185,65.73,0
ACC-05689,Growth,Healthcare,32,368,13,0.372,0.707,189.0,1,0,-2.0,4.8,79,1567.48,0
ACC-05690,Enterprise,Other,88,83,22,0.761,0.611,394.0,3,0,31.0,3.9,184,8201.33,0
ACC-05691,Growth,Other,13,290,13,0.532,0.531,115.0,2,0,49.0,2.7,361,566.94,0
ACC-05692,Starter,SaaS,7,557,0,0.649,0.349,58.0,0,0,51.0,4.3,275,103.68,0
ACC-05693,Growth,Healthcare,26,361,12,0.187,0.433,38.0,0,0,56.0,3.5,372,940.27,0
ACC-05694,Enterprise,SaaS,87,529,20,0.607,0.846,246.0,2,0,10.0,2.6,218,8497.1,0
ACC-05695,Growth,Healthcare,20,760,14,0.454,0.048,211.0,0,0,4.0,3.2,111,55905.94816584427,0
ACC-05696,Starter,Healthcare,6,711,5,0.322,0.321,40.0,2,0,45.0,3.6,375,139.4,0
ACC-05697,Starter,SaaS,1,566,9,0.321,0.2,24.0,0,0,5.0,3.6,68,16.64,1
ACC-05698,Enterprise,Healthcare,468,99,13,0.66,0.822,273.0,0,0,39.0,3.6,181,1533.38,0
ACC-05699,Enterprise,FinTech,176,675,22,0.803,0.836,721.0,0,0,58.0,3.1,227,14713.92,0
ACC-05700,Starter,E-commerce,3,308,15,0.318,0.191,0.0,3,1,-13.0,3.4,360,44.41,0
ACC-05701,Enterprise,Other,97,381,17,0.745,0.618,467.0,1,0,42.0,4.9,159,12802.58,0
ACC-05702,Starter,E-commerce,4,631,7,0.441,0.268,18.0,3,2,1.0,4.8,122,60.85,0
ACC-05703,Starter,E-commerce,9,751,6,0.203,0.207,70.0,0,0,55.0,2.3,343,156.88,0
ACC-05704,Growth,SaaS,8,644,12,0.843,0.586,72.0,1,0,64.0,2.8,349,397.43,0
ACC-05705,Growth,SaaS,23,280,8,0.582,0.397,164.0,4,0,25.0,3.8,45,1217.74,0
ACC-05706,Starter,SaaS,7,412,16,0.406,0.135,,0,0,33.0,3.6,244,125.47,0
ACC-05707,Enterprise,FinTech,182,335,22,,0.813,502.0,1,0,19.0,3.5,89,15718.45,0
ACC-05708,Enterprise,FinTech,173,423,17,0.846,0.568,465.0,1,0,28.0,2.7,290,10437.32,0
ACC-05709,Starter,E-commerce,9,684,3,0.376,0.516,34.0,0,0,64.0,3.7,125,241.12,0
ACC-05710,Growth,Healthcare,21,868,13,,0.276,0.0,0,0,46.0,2.5,185,609.84,0
ACC-05711,Growth,SaaS,31,360,3,0.62,0.397,95.0,2,0,70.0,5.0,222,1001.88,0
ACC-05712,Growth,E-commerce,39,303,18,0.602,0.398,255.0,2,0,-12.0,5.0,230,1859.95,1
ACC-05713,Enterprise,Other,135,796,18,0.507,0.765,1078.0,2,0,56.0,4.3,137,10869.79,0
ACC-05714,Growth,SaaS,16,147,15,0.789,0.388,103.0,1,0,43.0,4.7,242,541.21,0
ACC-05715,Starter,E-commerce,4,360,9,0.52,0.298,70.0,5,2,54.0,4.2,323,99.9,0
ACC-05716,Starter,SaaS,2,858,11,0.076,0.02,33.0,2,0,23.0,1.0,348,27.99,0
ACC-05717,Enterprise,E-commerce,76,795,22,0.661,0.645,474.0,0,0,-8.0,2.8,237,8422.14,0
ACC-05718,Enterprise,Healthcare,149,731,23,0.768,0.841,602.0,1,0,-7.0,5.0,179,14877.31,0
ACC-05719,Starter,SaaS,6,801,12,0.385,0.405,57.0,3,2,36.0,4.4,245,108.31,0
ACC-05720,Starter,FinTech,1,224,6,0.358,0.144,19.0,1,0,,3.3,180,17.24,0
ACC-05721,Growth,Other,13,65,23,0.617,0.432,218.0,0,0,29.0,3.9,91,420.49,0
ACC-05722,Starter,SaaS,3,773,9,0.482,0.357,30.0,2,1,44.0,,335,35.16,0
ACC-05723,Starter,Healthcare,4,449,7,0.561,0.367,59.0,1,0,54.0,4.2,15,51.17,0
ACC-05724,Enterprise,E-commerce,146,237,16,0.973,0.325,800.0,2,1,-15.0,4.3,126,15719.95,0
ACC-05725,Enterprise,SaaS,59,437,19,0.667,,352.0,3,0,23.0,3.9,134,6180.83,0
ACC-05726,Enterprise,Healthcare,127,747,22,0.551,0.702,,2,0,56.0,4.1,98,8568.75,0
ACC-05727,Growth,E-commerce,39,449,13,0.637,0.455,48.0,1,0,93.0,3.0,94,1178.33,0
ACC-05728,Starter,SaaS,2,570,15,0.522,0.299,0.0,0,0,57.0,,348,53.37,0
ACC-05729,Enterprise,Other,81,468,18,0.787,0.864,602.0,1,1,11.0,5.0,21,8066.66,0
ACC-05730,Starter,FinTech,2,441,10,0.389,0.304,20.0,1,0,68.0,4.2,7,30.92,1
ACC-05731,Starter,Healthcare,7,858,2,0.528,0.624,22.0,1,0,32.0,4.6,57,153.88,0
ACC-05732,Enterprise,SaaS,149,836,30,0.775,0.344,881.0,1,0,30.0,3.9,125,11269.8,0
ACC-05733,Growth,SaaS,17,389,8,0.361,0.505,144.0,0,0,4.0,4.0,273,951.37,0
ACC-05734,Enterprise,Healthcare,93,731,29,,0.558,597.0,1,0,85.0,5.0,20,7200.51,0
ACC-05735,Starter,E-commerce,7,654,6,0.317,0.252,0.0,3,1,5.0,2.5,15,85.61,1
ACC-05736,Enterprise,SaaS,24,129,10,1.0,0.585,979.0,1,0,27.0,3.8,96,2486.66,0
ACC-05737,Growth,Healthcare,37,764,19,0.582,0.455,,1,0,27.0,3.1,9,1727.55,0
ACC-05738,Growth,E-commerce,655,639,13,0.51,0.568,259.0,0,0,32.0,4.4,8,877.21,0
ACC-05739,Enterprise,FinTech,104,772,18,0.744,0.69,273.0,1,1,65.0,5.0,163,12601.72,0
ACC-05740,Starter,Healthcare,9,713,10,0.409,0.542,18.0,0,0,29.0,4.5,334,128.74,0
ACC-05741,Growth,E-commerce,32,842,16,0.336,0.363,87.0,2,0,66.0,3.6,68,1047.39,1
ACC-05742,Growth,E-commerce,32,493,15,0.488,0.569,266.0,1,0,43.0,4.3,194,1311.86,0
ACC-05743,Growth,Healthcare,38,68,18,0.801,0.703,166.0,2,0,43.0,3.2,183,1629.21,0
ACC-05744,Enterprise,E-commerce,157,258,21,0.863,0.705,61.0,1,0,58.0,2.9,166,19280.51,0
ACC-05745,Growth,Other,38,143,16,0.756,,124.0,0,0,39.0,2.9,184,1079.08,0
ACC-05746,Starter,Healthcare,5,221,5,0.769,0.457,4.0,3,0,43.0,2.3,76,65.68,0
ACC-05747,Starter,FinTech,7,521,10,0.608,0.318,12.0,1,0,68.0,3.5,93,119.64,0
ACC-05748,Enterprise,FinTech,58,877,18,0.849,0.565,416.0,1,0,9.0,4.4,350,7427.97,0
ACC-05749,Enterprise,Other,105,689,15,0.782,0.684,,1,1,50.0,2.1,302,13976.25,0
ACC-05750,Enterprise,Other,183,400,19,0.817,0.765,493.0,1,0,97.0,2.5,79,21968.43,0
ACC-05751,Starter,SaaS,3,448,6,0.518,0.15,35.0,0,0,26.0,4.1,266,72.87,0
ACC-05752,Starter,SaaS,4,473,11,0.383,0.394,0.0,3,1,63.0,3.4,94,103.84,0
ACC-05753,Growth,FinTech,18,377,6,0.811,0.283,80.0,0,0,18.0,4.1,315,912.31,0
ACC-05754,Growth,Other,16,543,18,0.516,0.569,0.0,0,0,,3.5,45,742.56,0
ACC-05755,Starter,Other,5,848,4,0.635,0.385,37.0,1,1,18.0,3.1,365,76.22,0
ACC-05756,Growth,Healthcare,39,103,2,0.394,0.663,350.0,2,0,71.0,4.6,20,39092.92770221216,0
ACC-05757,Starter,SaaS,3,329,2,0.703,,35.0,2,0,51.0,4.0,369,69.23,0
ACC-05758,Growth,Other,21,86,12,0.39,0.708,94.0,2,0,-14.0,4.2,381,912.69,0
ACC-05759,Starter,SaaS,9,767,9,0.408,0.139,15.0,2,1,44.0,,292,220.35,1
ACC-05760,Starter,FinTech,2,189,6,0.502,0.27,34.0,2,1,43.0,2.7,243,28.47,1
ACC-05761,Starter,FinTech,7,592,2,,0.097,3525.0,3,0,48.0,4.5,64,144.44,0
ACC-05762,Enterprise,E-commerce,137,71,16,0.853,0.724,,3,1,83.0,3.5,89,11239.82,0
ACC-05763,Growth,E-commerce,11,436,8,0.371,0.622,168.0,0,0,20.0,5.0,275,608.89,0
ACC-05764,Enterprise,SaaS,15,810,21,,0.627,408.0,1,1,48.0,4.3,291,1007.1,0
ACC-05765,Growth,SaaS,24,857,13,0.342,0.533,130.0,1,0,-29.0,4.0,76,920.85,0
ACC-05766,Starter,Healthcare,8,145,10,0.25,0.375,79.0,1,0,71.0,4.4,206,101.93,0
ACC-05767,Starter,SaaS,7,600,0,0.432,,37.0,0,0,-2.0,2.1,322,127.76,0
ACC-05768,Growth,FinTech,7,214,11,0.476,0.663,145.0,3,1,16.0,4.8,118,244.33,0
ACC-05769,Starter,SaaS,1,660,16,,0.263,9.0,3,0,38.0,4.4,31,24.92,0
ACC-05770,Growth,FinTech,28,490,16,0.396,0.684,49.0,4,2,50.0,2.8,250,1601.98,1
ACC-05771,Enterprise,SaaS,114,721,19,0.652,0.808,394.0,1,0,13.0,1.6,44,7471.68,0
ACC-05772,Enterprise,Healthcare,183,808,16,0.763,0.868,740.0,0,0,80.0,4.2,187,14754.63,1
ACC-05773,Starter,FinTech,8,327,12,0.221,0.366,0.0,1,0,32.0,3.6,382,93.19,1
ACC-05774,Growth,FinTech,26,57,20,0.767,0.572,0.0,2,0,68.0,,85,1405.86,0
ACC-05775,Starter,Healthcare,5,295,2,0.389,0.358,40.0,2,1,14.0,4.7,336,103.31,0
ACC-05776,Starter,SaaS,3,205,2,0.418,0.323,,0,0,100.0,2.1,25,73.05,0
ACC-05777,Growth,Healthcare,11,124,14,0.738,0.653,174.0,3,1,37.0,4.7,118,305.39,0
ACC-05778,Growth,SaaS,28,649,15,0.629,0.502,303.0,1,0,,3.1,66,1481.32,0
ACC-05779,Growth,Other,13,813,15,0.479,0.372,,1,0,48.0,4.2,199,776.53,0
ACC-05780,Starter,SaaS,7,473,15,0.694,0.242,0.0,2,1,33.0,3.7,350,194.52,0
ACC-05781,Enterprise,E-commerce,48,486,16,0.742,0.82,842.0,1,0,61.0,3.4,46,4688.85,0
ACC-05782,Enterprise,E-commerce,151,540,20,0.453,0.612,,0,0,43.0,4.8,397,13805.18,0
ACC-05783,Growth,E-commerce,23,809,16,0.519,0.567,,2,0,28.0,4.0,326,982.88,0
ACC-05784,Enterprise,Healthcare,345,29,23,0.675,0.644,850.0,3,1,35.0,3.9,351,20179.22,0
ACC-05785,Starter,SaaS,7,480,4,0.254,0.315,0.0,1,0,20.0,3.9,126,128.61,1
ACC-05786,Growth,FinTech,9,781,10,0.895,0.681,235.0,0,0,31.0,4.5,219,522.49,0
ACC-05787,Enterprise,Other,56,157,18,0.843,0.774,594.0,3,1,-24.0,5.0,26,4456.78,0
ACC-05788,Enterprise,Other,152,526,28,1.0,0.626,65.0,3,2,2.0,3.6,157,19143.34,0
ACC-05789,Enterprise,FinTech,60,20,16,0.895,0.533,,2,0,38.0,5.0,207,4323.89,0
ACC-05790,Growth,E-commerce,20,753,12,0.55,,187.0,0,0,36.0,2.9,358,688.28,0
ACC-05791,Enterprise,Healthcare,36,594,23,0.97,0.794,153.0,2,0,72.0,3.3,247,3724.97,0
ACC-05792,Growth,Healthcare,566,867,8,0.38,0.4,156.0,1,0,60.0,3.6,254,1027.55,0
ACC-05793,Starter,Other,4,279,8,0.257,0.252,49.0,3,0,47.0,4.0,350,82.03,0
ACC-05794,Starter,Other,5,662,0,0.661,0.246,42.0,1,0,20.0,3.1,133,111.68,0
ACC-05795,Growth,FinTech,20,695,14,0.134,0.404,253.0,0,0,53.0,2.7,100,829.52,0
ACC-05796,Growth,E-commerce,26,41,13,0.629,0.652,174.0,1,1,,2.9,179,1088.98,0
ACC-05797,Growth,FinTech,33,686,14,0.364,0.379,168.0,2,0,34.0,3.1,17,1524.47,0
ACC-05798,Enterprise,SaaS,135,644,16,0.959,0.556,514.0,2,0,-15.0,3.8,240,8246.65,0
ACC-05799,Growth,Healthcare,5,558,14,0.365,0.659,230.0,1,0,41.0,4.7,117,168.68,0
ACC-05800,Starter,E-commerce,1,513,7,,0.16,67.0,2,1,35.0,3.8,304,26.05,0
ACC-05801,Starter,SaaS,1,723,13,0.526,0.521,38.0,1,0,46.0,3.0,123,23.02,0
ACC-05802,Growth,E-commerce,18,105,16,0.623,,212.0,1,0,36.0,3.3,222,471.11,0
ACC-05803,Growth,FinTech,9,361,6,0.794,0.48,95.0,1,1,,4.7,67,378.02,0
ACC-05804,Growth,SaaS,36,253,9,0.58,0.712,159.0,0,0,58.0,3.7,59,1014.47,1
ACC-05805,Growth,E-commerce,19,763,10,0.597,0.494,,3,0,40.0,2.7,273,666.05,0
ACC-05806,Growth,Healthcare,18,163,14,0.542,0.505,178.0,2,0,69.0,3.0,296,835.93,0
ACC-05807,Growth,E-commerce,15,67,12,0.728,0.627,173.0,2,0,-18.0,5.0,328,418.75,0
ACC-05808,Enterprise,SaaS,74,833,19,1.0,0.907,486.0,2,0,32.0,2.9,350,8593.56,0
ACC-05809,Starter,E-commerce,6,365,20,0.183,0.362,28.0,1,0,68.0,2.7,348,69.07,0
ACC-05810,Growth,SaaS,26,718,11,0.58,0.208,,0,0,2.0,3.0,147,770.68,0
ACC-05811,Growth,Other,17,220,19,0.435,0.327,297.0,1,0,65.0,4.6,239,656.46,1
ACC-05812,Starter,SaaS,491,634,6,0.695,0.059,40.0,1,0,70.0,4.2,262,10.44,0
ACC-05813,Growth,Other,12,834,3,0.631,0.553,161.0,1,0,51.0,3.4,122,340.07,0
ACC-05814,Growth,SaaS,33,690,14,0.384,0.237,364.0,1,0,17.0,3.0,314,1873.37,0
ACC-05815,Growth,SaaS,20,274,18,0.645,0.811,,3,0,15.0,2.6,286,716.83,1
ACC-05816,Growth,FinTech,37,546,16,0.79,0.605,109.0,0,0,,4.4,246,1581.76,0
ACC-05817,Starter,Healthcare,7,750,8,0.478,0.226,24.0,1,0,58.0,2.3,294,156.2,0
ACC-05818,Starter,Other,3,771,7,0.475,0.482,38.0,3,2,89.0,2.6,335,30.34,1
ACC-05819,Starter,E-commerce,8,279,5,0.584,0.515,52.0,1,0,53.0,3.9,6,195.39,0
ACC-05820,Starter,FinTech,7,216,11,0.347,0.504,15.0,0,0,18.0,5.0,288,87.17,0
ACC-05821,Growth,SaaS,25,398,11,,0.722,136.0,1,0,70.0,4.3,71,808.2,0
ACC-05822,Enterprise,E-commerce,50,235,17,,0.719,,1,1,83.0,4.0,59,5604.65,0
ACC-05823,Growth,FinTech,17,652,15,0.642,0.593,73.0,1,0,49.0,2.9,224,520.9,0
ACC-05824,Starter,Other,7,538,6,0.584,0.568,30.0,0,0,54.0,,233,187.39,0
ACC-05825,Starter,FinTech,1,438,13,0.5,,,2,1,61.0,4.3,372,16.61,0
ACC-05826,Starter,Healthcare,5,731,9,0.237,0.184,76.0,3,1,-34.0,3.6,310,136.51,0
ACC-05827,Growth,Other,13,203,9,0.62,0.481,,0,0,43.0,4.2,35,614.52,0
ACC-05828,Starter,SaaS,8,754,2,0.738,0.24,21.0,0,0,33.0,3.0,268,165.81,0
ACC-05829,Growth,FinTech,14,513,10,0.172,0.438,127.0,1,0,13.0,2.3,175,537.72,0
ACC-05830,Growth,Other,34,878,24,0.68,0.402,102.0,1,1,50.0,4.4,309,1424.11,0
ACC-05831,Growth,FinTech,34,545,12,0.442,0.576,182.0,0,0,48.0,3.7,225,1745.42,0
ACC-05832,Starter,E-commerce,4,689,10,0.49,0.163,73.0,3,0,49.0,4.4,252,45.01,0
ACC-05833,Starter,Other,7,182,1,0.208,0.486,33.0,1,1,50.0,4.1,16,168.02,0
ACC-05834,Growth,SaaS,22,220,8,0.267,,118.0,2,0,53.0,3.3,330,1089.97,0
ACC-05835,Growth,Other,34,506,12,0.654,0.883,3171.0,1,1,48.0,3.7,390,1056.25,0
ACC-05836,Starter,FinTech,1,218,15,0.584,0.409,0.0,1,0,,4.1,44,12.59,0
ACC-05837,Enterprise,E-commerce,147,53,14,,1.0,467.0,1,0,11.0,4.2,284,17791.84,0
ACC-05838,Growth,FinTech,19,408,10,0.711,0.482,179.0,0,0,100.0,1.6,345,686.32,0
ACC-05839,Growth,E-commerce,6,247,17,0.565,0.415,112.0,1,1,65.0,5.0,161,210.3,0
ACC-05840,Starter,SaaS,4,590,14,,,2.0,1,0,62.0,3.3,152,78.51,0
ACC-05841,Starter,SaaS,5,525,9,0.22,0.509,0.0,0,0,51.0,4.7,319,108.52,0
ACC-05842,Starter,FinTech,6,468,10,0.557,0.419,25.0,2,1,63.0,2.6,79,61.53,0
ACC-05843,Starter,FinTech,6,750,3,0.369,0.217,35.0,3,0,40.0,3.9,306,138.42,0
ACC-05844,Growth,E-commerce,30,73,7,0.596,0.852,,2,1,57.0,3.6,71,959.99,0
ACC-05845,Growth,SaaS,16,708,8,0.762,,268.0,4,1,-14.0,4.2,169,487.6,0
ACC-05846,Enterprise,SaaS,117,440,16,0.985,0.434,555.0,0,0,69.0,3.9,116,12262.79,0
ACC-05847,Enterprise,SaaS,54,631,21,0.766,0.836,828.0,1,0,40.0,3.0,83,3721.58,0
ACC-05848,Starter,FinTech,4,737,2,0.46,0.347,28.0,0,0,27.0,3.5,166,71.75,0
ACC-05849,Starter,SaaS,1,281,8,0.037,0.648,77.0,2,0,47.0,2.7,19,23.04,0
ACC-05850,Growth,SaaS,10,226,12,0.524,0.418,42.0,1,0,50.0,2.3,350,583.2,0
ACC-05851,Enterprise,E-commerce,2,681,17,0.59,0.603,813.0,2,0,61.0,3.9,10,20365.23,0
ACC-05852,Enterprise,Healthcare,120,576,24,0.415,0.827,633.0,2,0,59.0,3.4,175,14050.06,0
ACC-05853,Starter,Healthcare,6,178,3,0.428,0.337,58.0,2,1,79.0,2.6,154,124.32,1
ACC-05854,Starter,SaaS,4,252,13,,0.255,60.0,1,0,23.0,3.2,232,95.07,0
ACC-05855,Starter,Other,1,770,11,0.82,0.129,45.0,0,0,45.0,3.3,47,12.83,0
ACC-05856,Enterprise,E-commerce,154,506,16,0.748,0.694,612.0,2,0,39.0,4.4,28,8938.78,0
ACC-05857,Growth,E-commerce,13,821,18,0.241,0.696,233.0,2,0,-4.0,3.5,29,764.76,0
ACC-05858,Growth,SaaS,6,635,8,0.499,0.066,101.0,3,1,55.0,3.4,88,314.57,0
ACC-05859,Growth,SaaS,35,196,19,0.568,0.557,79.0,0,0,38.0,3.4,223,1255.7,0
ACC-05860,Starter,FinTech,2,197,8,0.353,0.241,68.0,2,1,59.0,2.8,14,24.86,0
ACC-05861,Growth,SaaS,31,869,6,,0.625,249.0,0,0,62.0,4.2,258,1628.62,0
ACC-05862,Starter,Healthcare,8,669,1,0.356,0.382,49.0,1,0,28.0,3.7,258,181.39,1
ACC-05863,Growth,FinTech,16,540,11,0.691,0.679,229.0,0,0,88.0,,74,516.92,0
ACC-05864,Growth,SaaS,13,613,17,0.616,0.487,308.0,0,0,10.0,3.0,290,565.35,0
ACC-05865,Growth,SaaS,32,381,12,0.549,0.633,131.0,1,1,1.0,3.5,121,1431.81,0
ACC-05866,Starter,SaaS,8,291,6,0.386,0.567,34.0,1,0,19.0,2.4,354,116.14,0
ACC-05867,Enterprise,FinTech,16,743,20,0.722,0.629,1205.0,1,0,27.0,3.1,65,1524.17,0
ACC-05868,Growth,SaaS,29,806,4,0.656,0.572,206.0,1,0,28.0,3.4,144,844.43,0
ACC-05869,Starter,E-commerce,5,817,11,0.501,,,1,1,57.0,3.6,291,82.8,0
ACC-05870,Starter,FinTech,5,705,13,0.153,0.486,25.0,3,1,27.0,4.0,75,114.68,0
ACC-05871,Growth,E-commerce,8,786,17,0.831,0.424,255.0,0,0,51.0,4.1,263,250.16,0
ACC-05872,Starter,Other,6,475,5,0.385,0.445,24.0,0,0,1.0,4.4,28,125.46,0
ACC-05873,Starter,Other,9,289,3,0.268,0.096,26.0,4,2,49.0,5.0,273,205.87,1
ACC-05874,Starter,E-commerce,2,87,2,0.383,0.324,68.0,3,1,21.0,1.9,137,36.5,1
ACC-05875,Starter,FinTech,9,287,2,0.658,0.205,50.0,1,0,45.0,4.1,38,103.96,1
ACC-05876,Growth,Healthcare,15,404,23,0.782,0.561,211.0,1,0,29.0,3.1,223,383.9,0
ACC-05877,Growth,Other,19,88,13,0.885,0.74,3362.0,2,0,29.0,3.9,37,752.66,0
ACC-05878,Starter,FinTech,6,306,11,0.289,0.169,,2,0,41.0,3.1,248,84.78,0
ACC-05879,Growth,SaaS,26,836,17,0.747,0.584,169.0,2,1,54.0,,331,1528.61,0
ACC-05880,Starter,Healthcare,3,246,8,0.28,0.43,48.0,3,1,86.0,3.4,116,64.61,0
ACC-05881,Starter,SaaS,6,362,3,0.452,0.235,38.0,5,0,51.0,4.9,162,108.31,0
ACC-05882,Starter,Healthcare,8,584,9,0.456,0.298,,1,0,57.0,4.1,369,220.74,0
ACC-05883,Growth,SaaS,1,798,8,0.815,0.291,193.0,2,0,57.0,4.0,258,253.13,0
ACC-05884,Enterprise,SaaS,53,830,23,,0.626,560.0,0,0,11.0,2.0,195,6513.49,0
ACC-05885,Growth,Healthcare,20,733,8,0.553,0.494,319.0,0,0,44.0,2.9,279,852.7,0
ACC-05886,Starter,Healthcare,9,143,5,0.02,0.349,12.0,1,0,24.0,4.6,351,176.52,0
ACC-05887,Starter,E-commerce,7,112,5,0.47,0.21,96.0,3,0,94.0,4.4,265,77.71,0
ACC-05888,Starter,Healthcare,7,671,13,,,55.0,0,0,54.0,3.2,138,170.41,0
ACC-05889,Enterprise,Other,89,798,9,0.733,0.613,417.0,2,0,7.0,3.7,383,5527.9,0
ACC-05890,Starter,FinTech,8,564,17,0.555,0.411,27.0,3,0,22.0,2.7,171,163.08,0
ACC-05891,Enterprise,Other,94,824,16,0.677,0.635,841.0,1,0,16.0,,346,7662.66,0
ACC-05892,Growth,FinTech,27,604,12,0.584,0.406,192.0,1,0,46.0,3.4,129,787.7,0
ACC-05893,Growth,SaaS,31,324,15,0.499,0.707,207.0,2,1,36.0,4.3,276,1579.03,0
ACC-05894,Enterprise,Other,165,762,21,0.727,0.754,449.0,2,0,,4.1,234,17168.75,0
ACC-05895,Starter,FinTech,3,685,11,0.346,0.362,65.0,3,0,,3.1,136,45.37,0
ACC-05896,Growth,Other,18,346,16,0.889,0.537,175.0,1,0,31.0,3.6,132,478.1,0
ACC-05897,Starter,SaaS,4,536,16,0.706,0.456,40.0,3,0,63.0,2.1,51,56.08,0
ACC-05898,Enterprise,SaaS,16,527,23,0.706,0.7,1085.0,1,0,52.0,3.4,334,1282.31,0
ACC-05899,Growth,SaaS,17,101,12,0.593,0.78,107.0,3,0,16.0,4.4,6,497.22,0
ACC-05900,Starter,E-commerce,1,259,5,0.208,0.455,0.0,3,1,40.0,4.1,386,16.88,0
ACC-05901,Enterprise,Healthcare,43,215,17,0.853,0.882,814.0,1,0,3.0,2.3,374,5480.83,0
ACC-05902,Starter,FinTech,9,265,13,0.556,0.327,,1,0,51.0,3.8,85,197.5,0
ACC-05903,Starter,SaaS,3,479,15,,0.459,58.0,2,0,35.0,3.8,373,47.28,0
ACC-05904,Growth,FinTech,6,468,18,0.603,0.325,139.0,1,1,23.0,3.8,288,238.63,1
ACC-05905,Growth,FinTech,19,774,0,0.515,0.689,123.0,1,0,-1.0,4.7,281,780.94,0
ACC-05906,Enterprise,E-commerce,19,20,10,0.789,0.466,1037.0,1,1,33.0,4.5,49,1386.34,0
ACC-05907,Growth,E-commerce,17,744,13,0.922,0.527,80.0,0,0,53.0,3.7,52,829.61,0
ACC-05908,Growth,SaaS,12,233,12,0.592,0.303,72.0,1,0,28.0,4.5,273,657.38,0
ACC-05909,Starter,FinTech,9,325,7,0.498,0.355,46.0,1,1,,4.4,366,127.77,0
ACC-05910,Starter,E-commerce,3,148,13,0.526,0.61,5.0,2,0,6.0,2.7,245,44.61,0
ACC-05911,Enterprise,SaaS,124,25,25,0.838,0.643,,2,1,,3.1,211,15476.13,0
ACC-05912,Starter,FinTech,9,120,8,0.299,0.45,17.0,1,1,35.0,3.7,260,154.03,0
ACC-05913,Growth,E-commerce,31,212,6,0.815,0.676,94.0,1,0,57.0,4.0,206,1267.71,0
ACC-05914,Starter,FinTech,1,354,1,0.542,0.361,0.0,2,0,76.0,3.7,47,15.41,0
ACC-05915,Starter,SaaS,8,290,7,0.282,,18.0,1,0,,,78,130.98,0
ACC-05916,Growth,SaaS,10,106,15,0.368,0.601,2293.0,1,1,62.0,4.9,365,291.22,0
ACC-05917,Growth,Healthcare,34,313,8,0.564,0.195,250.0,2,0,69.0,3.8,52,1058.45,1
ACC-05918,Growth,SaaS,24,150,16,0.546,0.568,184.0,0,0,-6.0,3.7,388,774.38,0
ACC-05919,Enterprise,Healthcare,74,619,12,0.683,0.954,678.0,2,1,-16.0,3.6,21,7957.45,0
ACC-05920,Starter,FinTech,8,606,0,0.481,0.44,5.0,2,0,24.0,2.3,73,184.13,0
ACC-05921,Growth,FinTech,33,69,9,0.434,0.282,150.0,0,0,52.0,2.7,270,1393.81,0
ACC-05922,Starter,Healthcare,5,591,13,0.483,0.274,0.0,1,0,59.0,4.8,386,126.25,0
ACC-05923,Growth,FinTech,36,818,20,0.66,0.609,193.0,1,0,47.0,4.2,177,1709.2,0
ACC-05924,Starter,SaaS,3,851,0,0.461,0.359,53.0,0,0,35.0,3.9,266,68.44,0
ACC-05925,Growth,SaaS,20,64,6,0.801,0.201,321.0,1,0,48.0,2.1,206,670.99,0
ACC-05926,Starter,E-commerce,5,829,10,0.445,0.096,,1,0,28.0,3.0,288,99.36,0
ACC-05927,Enterprise,FinTech,70,374,18,0.685,0.637,0.0,1,1,69.0,2.7,269,46598.34633897822,0
ACC-05928,Enterprise,Healthcare,26,788,26,,0.705,358.0,2,1,58.0,5.0,166,2941.1,0
ACC-05929,Enterprise,FinTech,179,194,23,0.839,0.635,245.0,1,0,79.0,4.6,280,19419.29,0
ACC-05930,Starter,FinTech,634,626,11,0.488,0.375,65.0,3,2,82.0,3.5,284,164.61,0
ACC-05931,Enterprise,FinTech,145,725,16,0.816,0.248,963.0,2,1,46.0,1.4,124,19517.47,0
ACC-05932,Starter,SaaS,6,250,9,0.355,0.501,42.0,1,0,69.0,4.8,191,109.95,0
ACC-05933,Starter,Healthcare,1,667,16,0.398,0.43,45.0,0,0,33.0,2.8,227,23.82,0
ACC-05934,Starter,SaaS,6,171,8,0.265,0.355,9.0,5,2,46.0,3.7,17,109.84,0
ACC-05935,Starter,Other,9,642,7,0.485,0.515,30.0,2,0,62.0,4.0,77,180.26,0
ACC-05936,Growth,SaaS,28,855,11,0.637,0.527,169.0,1,0,84.0,2.5,350,1138.11,0
ACC-05937,Starter,E-commerce,6,279,0,0.403,0.195,65.0,0,0,57.0,4.5,217,119.45,0
ACC-05938,Starter,SaaS,3,864,2,0.584,0.462,0.0,1,0,39.0,4.5,222,68.6,0
ACC-05939,Growth,Healthcare,7,605,9,0.507,0.547,2822.0,1,1,39.0,4.7,385,265.62,0
ACC-05940,Enterprise,SaaS,88,460,13,0.777,0.791,661.0,0,0,76.0,5.0,64,6930.79,0
ACC-05941,Growth,E-commerce,12,303,6,0.474,0.425,316.0,6,0,36.0,2.7,248,536.46,1
ACC-05942,Growth,Other,36,499,2,0.755,0.451,10.0,0,0,46.0,3.7,304,1670.2,0
ACC-05943,Starter,E-commerce,2,885,3,0.203,0.38,,0,0,30.0,4.0,50,55.49,0
ACC-05944,Enterprise,SaaS,120,18,23,0.688,0.812,96.0,2,0,45.0,3.2,326,8614.99,0
ACC-05945,Starter,Healthcare,8,781,6,0.478,0.471,39.0,2,1,23.0,3.0,292,174.23,0
ACC-05946,Starter,FinTech,5,145,6,0.755,0.503,51.0,1,0,52.0,3.9,115,128.5,1
ACC-05947,Starter,SaaS,7,790,10,,0.078,0.0,1,0,22.0,,134,91.02,1
ACC-05948,Growth,FinTech,14,497,21,0.53,0.51,142.0,2,0,38.0,,60,801.53,0
ACC-05949,Starter,Healthcare,6,810,17,0.02,0.411,44.0,3,1,43.0,3.3,166,146.47,0
ACC-05950,Growth,FinTech,38,175,14,0.481,0.486,60.0,2,0,36.0,4.3,86,1920.99,0
ACC-05951,Starter,Healthcare,6,56,6,0.254,0.34,21.0,0,0,31.0,4.1,222,126.09,0
ACC-05952,Growth,Healthcare,10,438,11,0.743,0.506,,1,0,33.0,1.8,47,392.11,0
ACC-05953,Growth,FinTech,8,703,16,0.705,0.859,101.0,3,0,40.0,4.1,158,321.61,0
ACC-05954,Starter,FinTech,1,718,6,0.151,0.544,37.0,2,1,16.0,3.8,106,23.22,0
ACC-05955,Growth,Healthcare,34,691,12,0.535,0.632,165.0,3,1,18.0,2.5,19,1219.95,0
ACC-05956,Growth,FinTech,10,723,13,0.396,0.473,239.0,2,0,60.0,5.0,254,273.51,0
ACC-05957,Growth,SaaS,30,701,9,1.0,0.603,79.0,0,0,46.0,4.3,309,1599.59,0
ACC-05958,Starter,FinTech,5,777,0,,0.441,0.0,3,0,35.0,4.0,151,64.43,0
ACC-05959,Growth,Other,16,165,10,0.616,0.552,210.0,0,0,53.0,2.8,314,544.03,0
ACC-05960,Starter,FinTech,8,222,14,0.229,,40.0,1,0,46.0,3.8,19,165.61,0
ACC-05961,Starter,SaaS,9,17,13,0.468,0.398,94.0,3,1,54.0,5.0,281,120.07,0
ACC-05962,Starter,SaaS,9,396,11,0.119,0.352,89.0,2,1,36.0,4.7,313,107.16,1
ACC-05963,Growth,SaaS,14,246,11,0.413,0.297,18.0,6,2,42.0,3.2,109,764.37,1
ACC-05964,Starter,Other,7,569,3,0.752,0.263,47.0,2,0,37.0,3.7,124,191.64,0
ACC-05965,Growth,E-commerce,5,503,20,0.36,0.513,99.0,3,0,40.0,5.0,92,292.68,0
ACC-05966,Starter,Healthcare,8,528,2,0.302,0.41,36.0,2,0,42.0,2.9,165,153.96,1
ACC-05967,Growth,Healthcare,31,597,13,0.769,0.511,2978.0,0,0,33.0,4.8,313,1637.29,0
ACC-05968,Starter,FinTech,5,899,15,0.419,0.315,44.0,3,0,17.0,3.8,96,119.78,0
ACC-05969,Growth,Healthcare,22,108,14,0.65,0.66,90.0,0,0,37.0,3.7,30,614.25,0
ACC-05970,Growth,Other,5,258,12,0.611,0.524,65.0,0,0,53.0,3.2,25,223.61,0
ACC-05971,Starter,Healthcare,3,383,12,0.366,0.366,45.0,2,0,50.0,3.4,58,59.95,0
ACC-05972,Starter,Healthcare,6,77,7,0.02,0.444,2.0,2,1,46.0,3.0,356,87.44,1
ACC-05973,Growth,FinTech,16,739,14,0.562,0.416,233.0,1,0,53.0,4.8,105,851.9,0
ACC-05974,Enterprise,Other,57,357,27,0.834,0.689,508.0,2,0,2.0,3.3,297,3738.86,0
ACC-05975,Enterprise,SaaS,18,161,9,0.92,0.817,386.0,1,0,53.0,3.0,364,1832.65,0
ACC-05976,Starter,Healthcare,3,472,9,0.713,0.236,73.0,4,2,,5.0,23,42.05,1
ACC-05977,Growth,FinTech,10,184,10,0.4,0.461,20.0,5,3,18.0,3.8,351,345.64,0
ACC-05978,Starter,E-commerce,5,357,6,0.44,0.572,20.0,3,0,13.0,2.9,346,126.7,0
ACC-05979,Starter,Other,8,584,8,0.42,0.324,90.0,3,1,7.0,4.4,87,213.73,0
ACC-05980,Growth,E-commerce,615,296,10,0.233,0.653,,2,0,87.0,4.1,169,1163.09,0
ACC-05981,Growth,SaaS,17,751,14,0.697,0.257,320.0,1,0,,3.6,210,1001.62,0
ACC-05982,Growth,Healthcare,31,241,15,0.683,0.411,167.0,0,0,43.0,3.9,53,1426.09,0
ACC-05983,Enterprise,Other,48,115,21,0.884,0.714,804.0,2,0,60.0,,398,3597.51,0
ACC-05984,Starter,E-commerce,8,392,8,0.534,0.484,11.0,0,0,35.0,3.8,217,109.17,0
ACC-05985,Growth,Other,8,183,12,0.444,0.603,91.0,1,0,14.0,4.9,76,387.15,0
ACC-05986,Starter,Healthcare,2,624,7,0.474,0.235,58.0,0,0,28.0,3.5,261,32.48,0
ACC-05987,Starter,Other,2,478,7,0.396,0.451,25.0,2,2,18.0,3.7,98,22.96,0
ACC-05988,Starter,FinTech,8,145,3,0.14,0.346,32.0,0,0,28.0,4.3,297,88.4,0
ACC-05989,Enterprise,FinTech,115,312,26,,0.337,480.0,0,0,,3.4,43,14788.92,0
ACC-05990,Growth,Other,5,780,13,0.38,0.663,151.0,3,0,33.0,2.7,284,204.49,0
ACC-05991,Starter,Other,2,739,5,0.386,0.375,21.0,1,0,54.0,2.4,368,52.98,0
ACC-05992,Growth,SaaS,6,582,15,0.602,0.219,88.0,2,1,6.0,,150,326.49,0
ACC-05993,Enterprise,SaaS,88,814,19,1.0,0.779,214.0,0,0,-33.0,2.7,19,10195.07,0
ACC-05994,Enterprise,FinTech,116,109,26,0.896,0.8,817.0,0,0,60.0,2.7,98,7080.36,0
ACC-05995,Growth,Healthcare,15,662,17,0.567,0.605,149.0,1,0,24.0,4.2,191,502.18,0
ACC-05996,Starter,Other,8,34,7,0.586,0.413,,2,0,38.0,2.1,291,197.97,0
ACC-05997,Growth,E-commerce,567,545,17,0.524,0.592,58.0,2,0,-7.0,3.2,359,433.59,0
ACC-05998,Enterprise,SaaS,194,59,21,0.716,,673.0,2,0,24.0,4.9,76,15857.57,0
ACC-05999,Enterprise,FinTech,126,316,15,0.665,0.894,724.0,1,0,70.0,3.1,219,16363.16,0
ACC-06000,Enterprise,Other,43,94,24,0.752,0.754,289.0,1,0,36.0,5.0,174,2701.51,0
ACC-06001,Growth,FinTech,29,238,4,0.737,0.184,263.0,1,0,23.0,4.7,369,882.13,0
ACC-06002,Starter,SaaS,4,584,0,0.754,0.374,0.0,1,0,50.0,2.6,113,99.51,0
ACC-06003,Growth,FinTech,28,706,16,0.591,0.657,285.0,2,0,74.0,3.2,165,739.52,0
ACC-06004,Starter,Healthcare,7,847,9,0.3,0.401,33.0,2,0,19.0,3.7,20,175.96,0
ACC-06005,Starter,FinTech,8,889,9,0.838,0.195,57.0,4,2,,3.3,304,175.95,0
ACC-06006,Growth,SaaS,19,132,19,0.485,0.7,224.0,0,0,0.0,3.5,89,809.63,0
ACC-06007,Growth,FinTech,30,828,13,0.261,0.512,40.0,2,1,86.0,4.1,139,1735.17,0
ACC-06008,Enterprise,Other,30,265,18,0.579,0.771,732.0,0,0,38.0,4.1,177,3306.38,0
ACC-06009,Growth,FinTech,5,797,17,0.443,0.627,321.0,1,0,,2.1,79,182.13,0
ACC-06010,Enterprise,FinTech,35,781,17,0.862,0.684,727.0,2,0,30.0,4.1,3,3965.0,0
ACC-06011,Growth,SaaS,33,828,12,0.488,0.637,206.0,4,1,37.0,4.7,159,1371.2,0
ACC-06012,Growth,FinTech,8,462,14,0.705,0.538,165.0,1,0,50.0,3.5,112,203.14,0
ACC-06013,Starter,Healthcare,2,678,8,0.448,0.335,,2,1,34.0,2.9,38,53.16,1
ACC-06014,Growth,Healthcare,24,392,12,0.646,0.654,48.0,1,0,,3.8,250,978.85,0
ACC-06015,Starter,FinTech,9,83,5,0.39,0.49,73.0,2,0,66.0,5.0,72,153.28,0
ACC-06016,Starter,Other,9,433,2,0.405,0.292,62.0,2,0,26.0,5.0,276,229.73,0
ACC-06017,Starter,FinTech,2,192,3,0.466,0.375,7.0,1,0,18.0,4.8,187,54.21,1
ACC-06018,Enterprise,Other,81,103,28,0.983,0.676,845.0,0,0,41.0,4.2,399,6093.4,0
ACC-06019,Growth,SaaS,19,132,12,0.637,0.197,181.0,1,1,46.0,3.2,310,1003.11,0
ACC-06020,Enterprise,FinTech,171,208,21,0.765,0.623,612.0,0,0,28.0,4.1,54,39348.7027337242,0
ACC-06021,Enterprise,Other,128,719,13,0.645,0.683,945.0,0,0,,3.5,363,14808.45,0
ACC-06022,Enterprise,Other,153,866,30,0.843,0.601,783.0,0,0,,4.2,174,14768.36,0
ACC-06023,Starter,Healthcare,3,767,3,0.538,0.317,0.0,1,0,66.0,4.4,379,42.38,0
ACC-06024,Enterprise,E-commerce,102,584,15,0.78,0.657,867.0,0,0,18.0,3.3,156,13326.08,0
ACC-06025,Enterprise,Healthcare,115,795,20,0.646,0.808,623.0,1,0,-14.0,3.6,386,15054.55,0
ACC-06026,Enterprise,Healthcare,171,267,16,0.716,0.896,678.0,0,0,28.0,3.7,158,19618.61,0
ACC-06027,Starter,SaaS,8,818,9,0.471,,69.0,0,0,-8.0,3.0,179,183.34,0
ACC-06028,Starter,FinTech,3,853,0,0.354,,39.0,2,2,12.0,2.5,332,44.99,0
ACC-06029,Enterprise,E-commerce,102,145,25,0.767,,558.0,3,1,-28.0,4.7,16,5879.47,0
ACC-06030,Starter,E-commerce,8,366,11,0.753,0.259,67.0,2,0,73.0,3.5,50,84.11,0
ACC-06031,Starter,Other,5,262,6,0.465,0.272,66.0,2,1,-10.0,5.0,393,122.02,0
ACC-06032,Growth,FinTech,15,138,6,0.554,0.556,250.0,1,0,90.0,4.5,345,755.3,1
ACC-06033,Starter,SaaS,1,167,3,0.468,0.294,26.0,0,0,-8.0,4.9,65,21.37,0
ACC-06034,Starter,SaaS,4,869,7,0.458,0.33,50.0,0,0,61.0,4.7,52,59.51,0
ACC-06035,Enterprise,Other,100,174,15,1.0,0.643,850.0,3,0,27.0,4.4,201,12983.06,0
ACC-06036,Enterprise,SaaS,24,604,15,0.791,0.842,692.0,2,1,59.0,4.1,185,2892.34,0
ACC-06037,Enterprise,Other,132,787,25,0.804,0.661,475.0,1,0,57.0,4.1,54,17567.79,0
ACC-06038,Starter,SaaS,3,680,8,0.667,0.311,39.0,1,0,10.0,4.2,44,39.06,0
ACC-06039,Starter,FinTech,2,415,8,0.858,0.455,0.0,3,0,79.0,3.9,120,39.67,0
ACC-06040,Growth,Healthcare,10,33,15,0.835,0.584,32.0,2,1,2.0,4.0,51,335.1,0
ACC-06041,Growth,FinTech,21,384,12,0.425,,107.0,2,0,29.0,4.6,71,649.12,0
ACC-06042,Starter,Healthcare,7,264,7,0.612,0.448,19.0,1,0,84.0,4.0,143,186.97,0
ACC-06043,Growth,SaaS,9,779,15,0.625,0.387,239.0,1,1,47.0,3.5,178,498.41,0
ACC-06044,Enterprise,E-commerce,54,851,24,0.711,0.737,793.0,1,0,32.0,3.9,202,3856.37,0
ACC-06045,Growth,E-commerce,22,219,15,0.352,0.523,0.0,3,1,37.0,2.8,375,1038.92,0
ACC-06046,Starter,Other,2,151,14,0.634,0.374,12.0,3,0,43.0,4.4,116,49.32,1
ACC-06047,Starter,SaaS,3,740,7,0.75,0.145,14.0,2,0,64.0,4.0,32,55.95,0
ACC-06048,Starter,FinTech,7,787,1,0.342,0.454,20.0,4,0,52.0,4.2,380,139.13,1
ACC-06049,Starter,E-commerce,5,885,12,0.361,0.328,32.0,3,0,28.0,3.3,275,132.73,0
ACC-06050,Growth,Other,6,696,12,0.214,0.481,15.0,2,0,52.0,3.7,339,157.25,1
ACC-06051,Growth,Other,24,424,10,0.353,0.302,191.0,1,0,-14.0,1.8,120,1304.71,0
ACC-06052,Growth,Other,7,349,16,0.565,0.589,125.0,2,0,51.0,3.2,70,292.03,0
ACC-06053,Enterprise,E-commerce,174,67,22,0.723,0.714,963.0,1,0,25.0,2.9,90,23117.47,0
ACC-06054,Starter,E-commerce,7,799,1,0.551,,60.0,0,0,30.0,3.5,150,195.33,0
ACC-06055,Starter,Other,5,893,10,0.477,0.251,,0,0,50.0,3.4,356,108.29,0
ACC-06056,Starter,Other,5,831,15,0.631,0.407,111.0,0,0,58.0,4.3,59,66393.51705503123,0
ACC-06057,Starter,Healthcare,2,522,8,0.554,0.548,39.0,2,0,8.0,3.5,114,28.11,0
ACC-06058,Growth,Healthcare,12,782,12,0.571,0.551,164.0,0,0,40.0,4.5,288,416.23,0
ACC-06059,Enterprise,Other,62,16,12,0.706,0.846,159.0,0,0,3.0,2.0,106,8291.59,0
ACC-06060,Enterprise,SaaS,175,375,29,0.489,0.674,715.0,2,0,47.0,4.2,384,10705.0,0
ACC-06061,Growth,FinTech,5,109,11,0.475,0.388,246.0,0,0,1.0,4.3,187,221.26,0
ACC-06062,Starter,Other,9,534,1,0.459,0.273,5.0,3,0,11.0,5.0,221,248.25,0
ACC-06063,Starter,E-commerce,8,16,7,0.418,0.25,24.0,2,0,58.0,2.2,111,171.67,0
ACC-06064,Starter,SaaS,8,285,12,0.353,0.412,26.0,2,0,32.0,2.4,329,201.27,0
ACC-06065,Starter,E-commerce,4,385,13,0.298,0.308,42.0,2,0,40.0,4.0,288,40.26,0
ACC-06066,Enterprise,E-commerce,146,129,17,0.983,0.892,1219.0,3,2,18.0,3.1,31,13348.35,0
ACC-06067,Growth,Healthcare,13,90,13,0.252,0.659,384.0,1,0,55.0,3.8,172,638.43,0
ACC-06068,Starter,Healthcare,8,813,7,0.646,0.182,,2,1,3.0,3.8,314,180.22,0
ACC-06069,Starter,SaaS,9,255,11,0.225,0.219,,2,0,32.0,4.3,39,237.24,0
ACC-06070,Starter,FinTech,6,883,10,0.439,0.273,5.0,1,0,30.0,4.4,136,132.8,0
ACC-06071,Enterprise,SaaS,186,342,21,0.665,0.418,1024.0,1,0,43.0,4.7,113,16988.21,0
ACC-06072,Starter,Other,1,65,11,,0.352,,1,0,37.0,4.0,362,24.19,0
ACC-06073,Starter,SaaS,6,105,1,0.579,0.353,,2,0,37.0,2.8,8,66.4,1
ACC-06074,Starter,E-commerce,6,623,9,0.644,0.24,32.0,2,0,9.0,5.0,140,125.54,0
ACC-06075,Enterprise,E-commerce,178,25,21,0.713,0.627,563.0,3,0,-6.0,5.0,389,22463.36,1
ACC-06076,Growth,E-commerce,16,855,13,0.62,0.583,297.0,1,0,35.0,3.7,160,677.55,0
ACC-06077,Growth,E-commerce,28,240,12,0.637,0.504,183.0,1,0,36.0,3.9,217,765.11,0
ACC-06078,Starter,Healthcare,2,552,8,0.402,0.111,56.0,4,2,15.0,4.4,211,22.2,1
ACC-06079,Starter,E-commerce,7,407,4,0.402,0.389,35.0,2,0,-15.0,3.0,367,81.55,0
ACC-06080,Enterprise,SaaS,158,55,30,0.488,0.643,850.0,1,0,76.0,4.9,304,22081.29,0
ACC-06081,Starter,FinTech,5,636,13,0.396,0.429,37.0,2,0,45.0,3.7,317,78.59,1
ACC-06082,Starter,E-commerce,5,27,12,0.41,0.344,0.0,2,0,54.0,2.6,204,126.95,0
ACC-06083,Growth,FinTech,29,720,11,0.725,0.728,238.0,1,1,36.0,3.8,58,1409.98,0
ACC-06084,Starter,Healthcare,4,460,3,,0.39,76.0,1,0,-11.0,3.4,326,40.44,0
ACC-06085,Starter,FinTech,8,282,6,0.485,0.264,53.0,1,1,6.0,3.4,130,110.13,0
ACC-06086,Enterprise,Healthcare,28,846,21,0.604,0.748,3564.0,1,0,46.0,2.9,95,2991.34,0
ACC-06087,Growth,SaaS,30,194,6,0.612,0.425,224.0,2,0,66.0,3.4,69,1177.58,0
ACC-06088,Starter,Healthcare,2,261,9,0.132,0.184,,3,0,30.0,5.0,251,48.86,0
ACC-06089,Starter,SaaS,3,586,12,0.377,0.42,77.0,3,0,56.0,2.6,211,63.28,0
ACC-06090,Growth,E-commerce,7,324,3,0.56,0.537,244.0,1,0,-25.0,3.1,256,223.66,0
ACC-06091,Starter,FinTech,3,445,3,0.391,0.418,79.0,2,1,-3.0,3.5,104,83.64,0
ACC-06092,Starter,E-commerce,8,719,13,0.577,0.583,37.0,0,0,41.0,3.6,99,211.76,0
ACC-06093,Growth,SaaS,20,823,15,0.746,0.11,336.0,1,0,46.0,,204,857.29,0
ACC-06094,Growth,Healthcare,19,724,9,0.537,0.589,275.0,2,0,22.0,3.5,263,1049.42,0
ACC-06095,Enterprise,E-commerce,176,85,23,0.693,0.502,940.0,4,1,72.0,3.1,255,22769.3,0
ACC-06096,Starter,Other,5,850,4,0.495,0.402,41.0,2,0,-1.0,5.0,155,82.06,0
ACC-06097,Starter,Healthcare,7,386,6,0.348,0.38,53.0,1,0,38.0,3.3,71,123.4,0
ACC-06098,Growth,E-commerce,9,757,8,0.375,0.643,213.0,4,1,32.0,3.9,92,367.77,1
ACC-06099,Growth,Healthcare,14,267,13,0.575,0.474,270.0,1,1,25.0,4.3,117,776.02,0
ACC-06100,Starter,SaaS,2,540,12,0.489,0.145,78.0,1,0,52.0,3.8,354,27.54,0
ACC-06101,Growth,E-commerce,17,868,11,0.561,0.358,172.0,0,0,31.0,4.7,114,753.49,0
ACC-06102,Starter,FinTech,5,845,10,0.328,0.488,44.0,2,2,-29.0,4.0,395,125.73,1
ACC-06103,Enterprise,Healthcare,189,593,20,0.673,0.691,426.0,2,1,37.0,5.0,275,24920.78,0
ACC-06104,Enterprise,SaaS,168,558,25,0.83,0.67,559.0,0,0,53.0,4.3,149,19939.05,0
ACC-06105,Growth,FinTech,38,39,11,0.766,0.582,7.0,2,1,1.0,4.5,352,1049.84,1
ACC-06106,Enterprise,E-commerce,132,546,27,0.994,0.577,668.0,2,0,56.0,3.9,225,11250.21,0
ACC-06107,Enterprise,FinTech,138,386,23,0.837,0.775,36.0,2,0,35.0,,205,14563.7,0
ACC-06108,Starter,SaaS,6,27,8,0.814,0.136,60.0,1,0,1.0,5.0,222,167.73,0
ACC-06109,Starter,FinTech,4,851,8,0.616,0.39,13.0,3,0,42.0,3.7,80,110.66,0
ACC-06110,Growth,Other,18,417,11,0.796,0.346,159.0,1,0,4.0,4.0,365,595.78,0
ACC-06111,Starter,SaaS,5,695,5,0.466,0.02,32.0,2,0,42.0,5.0,4,53.27,1
ACC-06112,Starter,FinTech,4,52,8,0.388,0.19,62.0,0,0,57.0,5.0,101,70.85,0
ACC-06113,Starter,Other,3,231,2,0.654,0.318,37.0,2,0,100.0,3.9,73,54.1,0
ACC-06114,Enterprise,Other,187,810,17,0.812,0.695,447.0,0,0,,4.6,94,13647.55,0
ACC-06115,Starter,SaaS,7,844,3,,,49.0,4,0,13.0,2.7,206,129.41,0
ACC-06116,Growth,E-commerce,29,23,16,0.494,0.41,214.0,0,0,-14.0,4.1,5,1314.1,0
ACC-06117,Starter,SaaS,5,804,10,0.511,0.23,60.0,4,2,51.0,3.9,180,52.61,0
ACC-06118,Starter,Other,7,286,13,0.498,0.292,40.0,0,0,22.0,4.5,180,94.6,0
ACC-06119,Enterprise,FinTech,67,205,18,0.673,0.841,684.0,2,1,-36.0,1.9,349,8143.57,0
ACC-06120,Starter,FinTech,1,895,3,0.447,0.124,,5,1,21.0,4.2,234,22.57,0
ACC-06121,Starter,SaaS,5,487,0,0.546,0.382,41.0,0,0,6.0,4.4,127,112.64,0
ACC-06122,Starter,E-commerce,9,718,8,0.575,0.094,79.0,0,0,89.0,3.7,213,93.84,0
ACC-06123,Growth,SaaS,28,136,19,0.386,0.579,175.0,6,2,10.0,3.5,216,995.11,0
ACC-06124,Starter,Healthcare,5,685,7,0.442,0.326,40.0,0,0,,3.4,174,115.27,0
ACC-06125,Starter,FinTech,7,338,7,0.375,0.402,39.0,1,1,35.0,3.3,190,90.17,0
ACC-06126,Starter,E-commerce,5,645,7,,0.199,48.0,2,0,42.0,3.8,181,139.62,0
ACC-06127,Starter,Other,9,594,8,0.375,0.217,,0,0,65.0,3.0,80,133.15,0
ACC-06128,Starter,SaaS,6,59,11,0.68,0.091,39.0,2,0,46.0,5.0,65,152.51,0
ACC-06129,Growth,SaaS,6,789,22,0.506,0.457,70.0,2,0,23.0,2.9,91,264.52,0
ACC-06130,Starter,FinTech,4,269,9,0.628,0.325,0.0,1,0,20.0,3.6,318,78.44,0
ACC-06131,Starter,Healthcare,9,337,10,0.279,0.321,31.0,2,1,18.0,4.3,292,208.3,0
ACC-06132,Growth,SaaS,23,721,12,0.585,0.706,143.0,2,0,91.0,2.3,31,715.1,0
ACC-06133,Growth,Healthcare,8,791,13,0.733,0.526,290.0,1,0,36.0,3.1,270,473.08,0
ACC-06134,Starter,E-commerce,1,807,6,0.521,0.25,25.0,2,1,44.0,3.6,191,24.24,1
ACC-06135,Starter,E-commerce,8,417,5,0.237,,51.0,0,0,37.0,4.1,267,182.98,0
ACC-06136,Starter,E-commerce,2,324,8,0.142,0.228,55.0,1,0,-11.0,3.0,396,47.95,1
ACC-06137,Enterprise,SaaS,37,740,23,0.872,0.536,644.0,1,0,,2.5,68,5109.86,0
ACC-06138,Starter,SaaS,2,243,7,0.551,0.214,5.0,2,1,11.0,4.1,32,44.03,0
ACC-06139,Starter,Healthcare,8,583,6,0.304,0.455,103.0,0,0,34.0,5.0,281,98.54,0
ACC-06140,Growth,FinTech,13,223,14,0.675,,139.0,1,1,44.0,4.2,108,758.85,0
ACC-06141,Starter,E-commerce,4,200,3,0.333,0.362,29.0,1,0,3.0,3.5,144,111.15,1
ACC-06142,Starter,Other,9,499,11,0.134,0.149,0.0,1,0,30.0,3.6,310,142.44,0
ACC-06143,Starter,SaaS,4,780,5,0.603,0.26,5.0,3,0,44.0,3.7,127,53.17,0
ACC-06144,Growth,FinTech,13,272,8,0.533,0.63,2563.0,3,1,86.0,3.3,247,588.54,0
ACC-06145,Growth,FinTech,11,657,15,0.528,0.229,154.0,3,0,1.0,4.3,3,334.39,0
ACC-06146,Growth,SaaS,10,32,15,0.473,0.741,91.0,0,0,57.0,3.9,100,447.13,0
ACC-06147,Growth,Other,13,632,9,0.696,0.736,77.0,2,0,66.0,2.8,325,664.17,0
ACC-06148,Starter,Other,8,360,10,0.264,0.04,20.0,1,0,9.0,3.9,333,166.07,0
ACC-06149,Enterprise,FinTech,55,80,23,0.898,0.796,464.0,0,0,45.0,4.5,345,3541.94,0
ACC-06150,Growth,Other,18,504,22,,0.437,190.0,1,0,67.0,3.9,92,624.66,0
ACC-06151,Enterprise,SaaS,129,225,19,0.688,,443.0,2,0,73.0,3.7,193,8428.94,0
ACC-06152,Growth,Other,3,575,13,0.744,0.734,244.0,4,0,9.0,2.8,337,354.77,0
ACC-06153,Starter,Healthcare,7,52,4,0.53,0.092,25.0,1,0,42.0,5.0,105,126.13,0
ACC-06154,Starter,SaaS,4,317,9,0.656,0.185,41.0,1,1,89.0,3.4,139,101.22,0
ACC-06155,Growth,E-commerce,24,223,13,0.639,0.269,200.0,0,0,13.0,3.4,224,1409.8,0
ACC-06156,Starter,Healthcare,2,292,11,0.515,0.262,21.0,0,0,65.0,3.2,48,24.96,0
ACC-06157,Growth,FinTech,14,20,11,0.753,0.516,229.0,1,1,72.0,,74,690.21,0
ACC-06158,Starter,FinTech,7,265,9,,0.233,30.0,1,0,84.0,2.8,19,137.74,0
ACC-06159,Starter,E-commerce,5,92,6,0.638,0.304,67.0,2,0,8.0,4.0,276,65.57,0
ACC-06160,Enterprise,SaaS,46,566,12,0.803,0.534,544.0,1,0,31.0,2.7,106,4015.61,0
ACC-06161,Growth,SaaS,28,421,16,0.295,0.622,137.0,1,1,58.0,3.7,350,1272.41,0
ACC-06162,Growth,SaaS,29,265,5,0.552,,289.0,2,0,52.0,4.5,210,789.12,0
ACC-06163,Starter,Healthcare,8,560,6,0.606,0.291,93.0,1,0,-12.0,4.4,328,110.78,0
ACC-06164,Growth,FinTech,10,826,12,0.599,0.318,92.0,0,0,81.0,3.4,143,285.06,0
ACC-06165,Enterprise,E-commerce,116,494,20,0.779,0.743,720.0,1,0,20.0,5.0,207,12533.47,0
ACC-06166,Growth,SaaS,21,263,13,0.477,0.697,2112.0,3,1,11.0,4.9,93,685.13,0
ACC-06167,Growth,SaaS,25,371,13,0.489,0.588,0.0,1,0,,3.4,61,908.02,0
ACC-06168,Growth,E-commerce,9,714,15,0.369,0.553,82.0,3,1,,,5,498.42,0
ACC-06169,Starter,SaaS,3,101,7,0.398,0.26,0.0,2,1,84.0,3.7,261,63.9,0
ACC-06170,Growth,E-commerce,24,297,25,0.505,0.881,,0,0,34.0,4.4,126,966.76,0
ACC-06171,Enterprise,FinTech,136,429,18,0.943,0.578,629.0,3,0,38.0,2.0,373,8155.94,0
ACC-06172,Growth,E-commerce,37,576,7,0.496,0.285,216.0,1,0,,3.5,383,1260.93,0
ACC-06173,Starter,FinTech,9,524,1,0.202,0.301,51.0,0,0,6.0,2.8,312,209.8,0
ACC-06174,Growth,Other,5,633,16,0.698,0.528,39.0,0,0,56.0,4.0,279,236.91,0
ACC-06175,Growth,SaaS,31,846,6,0.657,0.831,226.0,2,0,62.0,2.9,87,1375.53,0
ACC-06176,Enterprise,Other,131,168,15,0.749,0.571,366.0,3,0,57.0,3.2,10,16978.09,0
ACC-06177,Growth,SaaS,7,438,7,0.563,,236.0,0,0,54.0,3.7,246,263.78,0
ACC-06178,Starter,SaaS,9,350,9,0.4,0.29,77.0,2,1,69.0,2.3,346,177.04,0
ACC-06179,Starter,E-commerce,9,92,13,0.38,0.177,55.0,2,0,26.0,4.0,227,239.84,1
ACC-06180,Growth,SaaS,10,127,9,0.549,0.434,145.0,2,1,67.0,2.7,152,252.72,0
ACC-06181,Starter,FinTech,7,570,9,0.174,0.379,47.0,0,0,57.0,,328,84.45,0
ACC-06182,Growth,Healthcare,34,466,1,0.826,0.515,182.0,0,0,35.0,3.6,297,1813.52,0
ACC-06183,Enterprise,Healthcare,28,273,17,0.726,0.435,767.0,0,0,24.0,4.5,50,2779.63,0
ACC-06184,Growth,E-commerce,23,819,16,0.438,0.663,3248.0,2,0,31.0,3.5,351,1270.71,0
ACC-06185,Starter,Other,1,289,6,0.404,0.602,33.0,1,1,7.0,2.5,268,27.36,0
ACC-06186,Growth,FinTech,20,542,17,,0.658,268.0,0,0,,1.9,395,1126.7,0
ACC-06187,Growth,SaaS,36,889,3,0.71,0.722,273.0,0,0,45.0,4.9,182,1210.69,0
ACC-06188,Starter,Healthcare,7,635,4,0.434,0.376,32.0,1,0,38.0,,284,153.88,0
ACC-06189,Growth,SaaS,39,659,15,0.776,,224.0,2,0,,5.0,91,2094.98,0
ACC-06190,Growth,SaaS,10,264,15,0.29,0.532,240.0,2,0,77.0,3.8,392,357.43,0
ACC-06191,Enterprise,SaaS,180,824,22,0.914,0.705,,3,1,42.0,3.2,5,15203.2,0
ACC-06192,Starter,FinTech,1,428,8,0.491,0.428,76.0,2,1,65.0,5.0,351,20.22,0
ACC-06193,Starter,FinTech,2,281,2,,0.378,21.0,0,0,,3.1,326,45.16,0
ACC-06194,Growth,FinTech,28,670,9,0.741,0.483,66.0,1,1,23.0,3.5,183,741.09,0
ACC-06195,Starter,E-commerce,3,484,17,0.572,0.47,3.0,2,0,66.0,,357,65.1,0
ACC-06196,Starter,Healthcare,5,130,1,,0.209,76.0,0,0,47.0,4.1,80,106.02,0
ACC-06197,Growth,Other,27,31,7,0.517,0.628,104.0,3,2,49.0,3.9,198,967.24,0
ACC-06198,Starter,SaaS,9,121,10,0.619,0.212,23.0,1,0,,4.2,255,134.28,1
ACC-06199,Growth,SaaS,31,155,8,0.635,0.59,236.0,1,0,-1.0,4.5,376,1624.81,0
ACC-06200,Enterprise,E-commerce,143,212,28,0.694,0.565,848.0,0,0,-16.0,5.0,86,18395.29,0
ACC-06201,Growth,SaaS,13,320,25,0.822,0.665,117.0,3,1,5.0,3.1,163,611.19,0
ACC-06202,Growth,FinTech,34,223,12,0.5,0.555,,0,0,48.0,3.9,144,1582.04,0
ACC-06203,Growth,E-commerce,25,814,14,0.54,0.848,179.0,1,0,22.0,4.4,288,901.77,0
ACC-06204,Starter,Healthcare,4,866,0,0.662,0.096,43.0,0,0,13.0,4.5,167,78.49,0
ACC-06205,Starter,SaaS,4,875,12,,0.148,14.0,5,1,39.0,3.7,41,100.5,0
ACC-06206,Growth,E-commerce,31,154,3,0.587,0.386,135.0,1,0,21.0,2.4,346,1103.01,0
ACC-06207,Starter,E-commerce,8,487,1,0.794,0.427,0.0,1,0,64.0,4.5,130,142.28,0
ACC-06208,Starter,Other,2,107,8,0.486,0.19,34.0,4,1,67.0,3.4,34,39.57,0
ACC-06209,Starter,FinTech,8,642,9,0.65,0.145,37.0,1,1,65.0,3.6,156,169.82,0
ACC-06210,Enterprise,Healthcare,177,135,13,0.327,,1080.0,2,0,53.0,3.7,148,11547.18,0
ACC-06211,Starter,Healthcare,7,270,5,0.17,0.301,18.0,0,0,13.0,3.8,242,143.42,0
ACC-06212,Growth,SaaS,19,193,6,0.61,0.526,68.0,3,0,42.0,2.2,74,538.27,0
ACC-06213,Starter,E-commerce,7,440,6,,0.464,19.0,0,0,41.0,5.0,349,121.12,0
ACC-06214,Growth,E-commerce,31,340,9,0.27,0.463,108.0,4,0,50.0,2.6,175,777.06,0
ACC-06215,Starter,SaaS,4,493,4,0.45,0.496,57.0,3,1,36.0,3.9,34,101.43,0
ACC-06216,Starter,FinTech,5,188,10,,0.282,,4,1,48.0,4.4,85,71.91,1
ACC-06217,Growth,FinTech,24,464,14,0.819,0.527,151.0,3,0,36.0,,20,1276.94,0
ACC-06218,Growth,Healthcare,39,91,16,0.807,0.384,183.0,2,0,67.0,3.7,114,1257.57,0
ACC-06219,Starter,SaaS,7,50,6,0.476,0.271,27.0,0,0,10.0,3.9,392,162.83,0
ACC-06220,Growth,E-commerce,21,135,16,0.605,0.329,33.0,0,0,,3.2,233,1075.81,0
ACC-06221,Growth,SaaS,32,250,13,0.708,0.466,40.0,2,0,41.0,4.4,337,1883.14,0
ACC-06222,Starter,E-commerce,1,713,5,0.723,0.207,20.0,1,0,18.0,3.3,353,26.61,1
ACC-06223,Growth,Healthcare,32,306,16,0.599,,272.0,2,0,,,31,1376.01,0
ACC-06224,Starter,E-commerce,6,474,5,0.514,0.308,0.0,2,0,19.0,,168,151.56,1
ACC-06225,Growth,E-commerce,7,615,12,0.613,0.464,0.0,2,0,55.0,3.6,14,254.88,0
ACC-06226,Starter,FinTech,4,674,12,0.381,0.21,23.0,0,0,14.0,3.0,364,66.49,0
ACC-06227,Growth,FinTech,18,531,17,0.361,0.258,211.0,3,0,11.0,2.8,128,567.34,0
ACC-06228,Starter,Healthcare,6,170,6,0.5,0.09,41.0,1,1,8.0,2.8,389,97.06,0
ACC-06229,Growth,SaaS,9,601,17,0.644,0.43,195.0,7,3,38.0,4.5,367,378.97,0
ACC-06230,Growth,Healthcare,37,284,7,0.277,0.788,222.0,2,1,6.0,4.3,111,1912.55,0
ACC-06231,Enterprise,E-commerce,66,537,19,0.907,0.766,345.0,3,0,27.0,3.7,351,8294.22,0
ACC-06232,Growth,Other,39,884,10,0.752,0.797,102.0,1,1,48.0,4.6,232,1448.86,0
ACC-06233,Enterprise,SaaS,522,78,20,0.577,0.721,92.0,3,1,58.0,4.6,348,13422.51,0
ACC-06234,Starter,E-commerce,5,89,10,0.337,0.28,3208.0,2,1,86.0,3.6,280,130.44,0
ACC-06235,Starter,SaaS,4,235,10,0.577,0.299,27.0,2,0,31.0,3.2,127,47.48,0
ACC-06236,Starter,Other,3,402,9,0.384,0.49,15.0,3,1,55.0,5.0,373,83.05,1
ACC-06237,Growth,E-commerce,25,438,14,,0.419,107.0,0,0,45.0,3.5,373,1405.42,0
ACC-06238,Growth,E-commerce,29,276,12,0.496,0.437,40.0,1,1,28.0,4.0,188,60266.0550215517,0
ACC-06239,Enterprise,Healthcare,77,812,25,0.545,,1040.0,2,1,20.0,3.8,105,8675.15,0
ACC-06240,Growth,FinTech,13,20,6,0.78,0.901,262.0,1,0,45.0,4.0,127,704.91,0
ACC-06241,Growth,E-commerce,9,496,10,0.668,0.725,118.0,1,0,53.0,4.2,382,415.71,1
ACC-06242,Starter,Healthcare,1,503,9,0.538,0.177,60.0,1,0,31.0,,239,16.19,0
ACC-06243,Starter,SaaS,3,696,14,0.727,,3688.0,1,1,35.0,3.1,193,54.42,0
ACC-06244,Growth,Other,28,501,11,0.677,0.385,145.0,4,0,73.0,3.6,157,945.43,0
ACC-06245,Starter,Other,7,134,6,0.299,0.518,65.0,1,1,80.0,3.2,169,126.95,0
ACC-06246,Starter,Other,5,297,1,0.676,0.118,27.0,0,0,29.0,3.5,185,96.56,0
ACC-06247,Enterprise,Healthcare,117,167,18,0.676,0.76,683.0,1,0,45.0,2.3,158,9874.95,0
ACC-06248,Enterprise,FinTech,168,432,23,0.732,0.604,671.0,0,0,59.0,3.5,226,16414.36,0
ACC-06249,Growth,E-commerce,20,824,20,0.301,0.698,169.0,1,0,37.0,4.0,278,1196.39,0
ACC-06250,Starter,SaaS,9,361,6,0.02,,,1,0,24.0,3.8,73,100.96,1
ACC-06251,Enterprise,Healthcare,576,337,16,,0.816,780.0,2,0,44.0,4.0,102,2140.89,0
ACC-06252,Starter,SaaS,8,425,7,0.841,0.35,25.0,4,0,58.0,3.8,180,91.89,1
ACC-06253,Growth,Other,8,161,6,0.368,0.33,390.0,4,2,46.0,3.8,228,362.05,0
ACC-06254,Starter,SaaS,7,765,13,0.983,0.36,15.0,0,0,39.0,3.9,345,76.04,0
ACC-06255,Enterprise,SaaS,22,603,14,0.617,0.501,992.0,1,0,6.0,2.8,324,2783.18,0
ACC-06256,Enterprise,SaaS,174,646,21,0.764,0.667,,0,0,45.0,4.9,399,20392.21,0
ACC-06257,Growth,Healthcare,10,323,14,0.373,0.477,86.0,3,0,27.0,2.8,133,569.68,0
ACC-06258,Starter,SaaS,4,262,10,0.461,0.388,44.0,1,0,47.0,3.5,362,109.07,0
ACC-06259,Growth,SaaS,26,433,14,0.427,0.449,360.0,1,0,22.0,3.6,69,1287.74,0
ACC-06260,Starter,SaaS,1,226,7,0.722,0.392,59.0,2,2,27.0,4.1,97,26.69,1
ACC-06261,Enterprise,FinTech,73,32,22,0.717,0.865,702.0,3,0,84.0,4.5,214,7255.7,0
ACC-06262,Starter,Other,8,656,11,0.452,0.206,81.0,1,1,45.0,4.6,250,87.8,0
ACC-06263,Starter,FinTech,4,775,15,0.561,0.255,19.0,1,0,-25.0,4.4,10,59.63,1
ACC-06264,Growth,SaaS,35,212,8,0.392,,114.0,6,1,71.0,1.9,46,1362.0,0
ACC-06265,Growth,SaaS,26,569,5,0.573,0.689,313.0,1,0,4.0,3.7,360,671.8,0
ACC-06266,Enterprise,SaaS,67,818,13,0.552,0.728,766.0,3,0,17.0,3.3,108,8432.02,0
ACC-06267,Starter,FinTech,5,669,0,0.457,0.372,65.0,1,1,36.0,4.7,302,119.5,0
ACC-06268,Enterprise,SaaS,153,751,15,0.689,0.87,401.0,3,0,65.0,4.2,195,20407.19,0
ACC-06269,Starter,SaaS,8,803,1,0.363,0.455,0.0,2,1,45.0,4.7,219,178.66,0
ACC-06270,Starter,SaaS,7,237,5,0.57,,,1,0,-3.0,3.9,181,111.96,0
ACC-06271,Growth,FinTech,14,78,17,0.643,0.385,82.0,2,0,50.0,4.0,127,428.92,0
ACC-06272,Starter,Healthcare,5,724,10,0.452,0.516,0.0,2,0,27.0,4.9,377,133.23,0
ACC-06273,Growth,SaaS,9,714,10,0.631,0.635,256.0,2,1,32.0,2.7,144,447.55,0
ACC-06274,Starter,E-commerce,2,183,5,0.535,0.509,62.0,2,0,25.0,4.0,341,32.83,0
ACC-06275,Starter,E-commerce,2,814,16,0.482,0.451,52.0,3,1,14.0,4.8,364,40.79,1
ACC-06276,Growth,Other,22,36,16,0.582,0.531,183.0,0,0,14.0,3.1,345,1160.64,0
ACC-06277,Starter,SaaS,6,348,8,0.417,0.324,65.0,0,0,57.0,3.5,209,106.47,0
ACC-06278,Growth,Healthcare,6,865,14,1.0,0.246,30.0,1,0,18.0,3.6,316,201.77,0
ACC-06279,Growth,Other,35,326,12,0.993,0.261,224.0,2,0,7.0,2.8,383,1667.94,0
ACC-06280,Starter,Other,9,688,16,0.56,0.114,26.0,1,0,20.0,3.3,306,171.93,0
ACC-06281,Growth,Healthcare,26,47,12,,0.557,174.0,0,0,35.0,3.1,81,1319.96,0
ACC-06282,Starter,SaaS,4,447,8,0.303,0.259,20.0,2,1,50.0,3.3,248,53.91,0
ACC-06283,Starter,Other,8,706,0,0.234,0.268,67.0,2,0,46.0,2.2,111,85.97,1
ACC-06284,Starter,Healthcare,9,761,4,0.391,0.07,,1,0,34.0,4.0,158,193.76,0
ACC-06285,Enterprise,SaaS,77,400,18,0.754,0.706,,3,0,,3.9,193,10318.25,0
ACC-06286,Growth,SaaS,9,81,15,0.397,0.761,87.0,3,0,12.0,3.1,6,376.57,0
ACC-06287,Growth,Other,6,485,10,0.702,0.368,,3,0,61.0,,367,182.79,0
ACC-06288,Enterprise,SaaS,192,669,20,0.669,0.602,385.0,0,0,52.0,2.6,50,26395.9,0
ACC-06289,Starter,Healthcare,8,413,4,0.168,0.144,29.0,2,0,51.0,4.4,174,167.47,1
ACC-06290,Enterprise,FinTech,171,861,15,0.96,0.757,,1,0,44.0,4.2,19,20966.47,0
ACC-06291,Growth,Healthcare,26,292,8,0.551,0.61,168.0,2,0,47.0,4.7,164,1366.1,0
ACC-06292,Enterprise,SaaS,179,739,19,0.816,0.449,674.0,2,1,40.0,3.4,329,15209.13,0
ACC-06293,Enterprise,Healthcare,53,682,20,0.506,0.789,920.0,0,0,19.0,4.9,35,6053.95,0
ACC-06294,Enterprise,E-commerce,156,396,19,,0.52,493.0,2,1,82.0,,200,8952.21,0
ACC-06295,Starter,Other,8,100,3,0.486,0.213,21.0,2,1,2.0,5.0,317,222.06,0
ACC-06296,Growth,SaaS,17,320,12,0.565,0.443,136.0,1,0,5.0,4.5,278,514.05,0
ACC-06297,Enterprise,SaaS,32,693,19,0.867,0.607,553.0,0,0,,2.9,32,3223.91,0
ACC-06298,Growth,SaaS,22,804,8,0.808,0.627,152.0,3,1,46.0,4.0,90,1027.96,0
ACC-06299,Starter,SaaS,1,418,7,0.53,0.13,37.0,1,0,88.0,5.0,278,27.19,0
ACC-06300,Enterprise,Other,117,272,28,1.0,0.697,752.0,1,0,45.0,3.0,31,16152.88,0
ACC-06301,Starter,SaaS,6,692,6,0.476,0.24,,0,0,41.0,3.8,194,92.03,0
ACC-06302,Growth,SaaS,31,844,6,0.71,0.671,57.0,4,2,63.0,3.4,188,1090.0,0
ACC-06303,Growth,Healthcare,4,140,20,0.455,0.645,399.0,1,0,100.0,3.2,97,833.62,1
ACC-06304,Starter,SaaS,9,297,13,0.32,0.336,0.0,3,0,53.0,3.5,30,251.7,0
ACC-06305,Growth,SaaS,10,718,19,0.345,0.502,49.0,2,1,5.0,4.2,36,510.25,0
ACC-06306,Starter,E-commerce,8,124,7,0.274,,29.0,1,0,91.0,3.4,163,128.62,0
ACC-06307,Growth,FinTech,24,876,9,0.571,0.614,201.0,1,0,41.0,2.2,94,866.17,0
ACC-06308,Enterprise,Healthcare,152,222,16,0.895,0.752,842.0,3,0,43.0,3.8,116,14788.78,0
ACC-06309,Starter,E-commerce,5,445,12,0.503,0.281,77.0,5,0,-17.0,5.0,317,104.01,0
ACC-06310,Growth,FinTech,28,474,20,0.523,0.285,237.0,2,0,19.0,3.7,96,1656.21,0
ACC-06311,Starter,E-commerce,6,345,3,0.367,0.378,88.0,0,0,,4.2,217,74.36,0
ACC-06312,Enterprise,Other,122,130,9,0.66,0.629,,2,1,,3.3,143,14299.72,0
ACC-06313,Enterprise,FinTech,58,40,20,0.824,0.726,680.0,2,0,,,324,3830.55,0
ACC-06314,Starter,Healthcare,3,350,3,0.504,0.345,,1,0,-8.0,4.3,224,30.25,0
ACC-06315,Growth,FinTech,24,252,10,0.459,0.456,59.0,1,0,-16.0,3.4,84,1223.38,0
ACC-06316,Growth,E-commerce,19,816,12,0.855,0.776,98.0,1,0,76.0,,99,867.93,0
ACC-06317,Growth,Healthcare,31,602,15,0.596,0.365,311.0,2,1,50.0,4.2,75,1497.1,1
ACC-06318,Growth,SaaS,15,97,9,0.567,0.523,150.0,0,0,35.0,,313,643.91,0
ACC-06319,Growth,FinTech,16,683,14,0.596,0.592,207.0,3,0,53.0,4.3,13,688.26,0
ACC-06320,Growth,SaaS,31,558,12,0.774,0.584,,3,1,31.0,,124,46498.48889463262,0
ACC-06321,Starter,Healthcare,1,125,0,0.606,0.188,91.0,0,0,11.0,3.5,143,18.43,0
ACC-06322,Starter,E-commerce,2,371,9,0.462,0.466,1.0,2,2,5.0,4.1,286,28.86,0
ACC-06323,Enterprise,FinTech,187,667,18,,0.847,,1,0,39.0,3.6,382,20378.17,0
ACC-06324,Starter,SaaS,4,587,1,0.538,0.569,42.0,0,0,39.0,3.1,348,65125.022839670346,0
ACC-06325,Growth,Other,10,521,10,0.547,,185.0,1,0,17.0,4.0,228,359.54,0
ACC-06326,Starter,FinTech,5,447,8,0.904,0.072,0.0,1,0,58.0,3.6,90,71.05,0
ACC-06327,Enterprise,SaaS,95,625,20,,0.935,988.0,3,2,57.0,3.9,98,8814.32,0
ACC-06328,Growth,SaaS,34,790,16,0.359,0.724,2770.0,1,0,-2.0,4.6,243,1262.61,0
ACC-06329,Starter,E-commerce,9,166,9,,0.081,46.0,0,0,66.0,,118,131.06,0
ACC-06330,Starter,SaaS,2,370,2,0.494,0.334,0.0,2,1,33.0,1.8,174,21.33,0
ACC-06331,Growth,Other,17,765,0,0.492,0.694,233.0,3,0,24.0,3.8,104,464.9,0
ACC-06332,Enterprise,Healthcare,73,464,21,0.422,,313.0,0,0,52.0,4.0,170,5457.17,0
ACC-06333,Growth,SaaS,15,170,16,0.469,0.541,103.0,1,0,27.0,4.4,227,566.8,0
ACC-06334,Growth,E-commerce,29,129,12,0.593,0.375,,2,0,-11.0,3.3,365,1305.41,0
ACC-06335,Growth,SaaS,9,658,16,0.594,0.39,172.0,1,1,24.0,3.6,365,338.96,0
ACC-06336,Starter,SaaS,8,448,2,0.205,,61.0,1,0,17.0,3.4,206,152.97,0
ACC-06337,Growth,E-commerce,6,714,11,0.625,0.775,0.0,4,0,30.0,3.2,198,323.92,0
ACC-06338,Starter,SaaS,7,115,3,0.085,0.4,2312.0,0,0,48.0,3.2,166,175.89,0
ACC-06339,Starter,Other,2,551,10,0.664,0.447,64.0,2,0,15.0,2.5,132,28.0,0
ACC-06340,Growth,E-commerce,23,530,9,0.695,0.637,,2,0,70.0,2.9,280,1177.27,0
ACC-06341,Enterprise,SaaS,196,421,29,0.962,0.628,824.0,0,0,40.0,2.9,55,22578.2,0
ACC-06342,Enterprise,Other,53,392,18,0.777,0.723,373.0,2,0,51.0,3.5,265,6194.99,0
ACC-06343,Enterprise,E-commerce,526,254,24,0.822,,159.0,1,0,24.0,4.0,363,1140.55,0
ACC-06344,Growth,SaaS,39,708,11,0.527,0.305,346.0,4,0,71.0,3.0,316,1975.73,0
ACC-06345,Starter,E-commerce,9,307,13,0.503,0.241,35.0,0,0,59.0,4.4,165,209.69,0
ACC-06346,Growth,Other,6,384,19,0.574,0.595,139.0,3,0,4.0,2.2,85,178.82,0
ACC-06347,Enterprise,FinTech,68,775,19,0.736,0.698,589.0,3,0,31.0,3.8,142,5934.32,0
ACC-06348,Growth,FinTech,38,572,14,0.296,0.412,0.0,2,0,97.0,3.1,380,1097.73,0
ACC-06349,Growth,FinTech,7,48,19,0.4,0.566,70.0,0,0,80.0,3.8,133,341.95,0
ACC-06350,Growth,FinTech,13,66,14,0.478,0.549,70.0,1,0,42.0,3.8,88,703.37,0
ACC-06351,Growth,SaaS,24,490,9,0.5,0.814,138.0,4,0,67.0,3.8,205,864.15,0
ACC-06352,Enterprise,E-commerce,69,643,20,0.666,0.678,473.0,1,0,,4.6,61,7455.98,0
ACC-06353,Growth,Other,10,431,10,0.341,0.556,131.0,0,0,63.0,3.3,309,401.88,0
ACC-06354,Growth,Healthcare,38,862,14,0.491,0.298,56.0,3,0,8.0,3.3,240,1022.8,0
ACC-06355,Starter,SaaS,3,767,3,0.422,0.251,46.0,0,0,0.0,2.9,306,49.36,0
ACC-06356,Growth,FinTech,28,410,15,,0.139,132.0,4,0,92.0,3.3,280,867.52,1
ACC-06357,Starter,SaaS,6,222,0,0.723,0.267,0.0,3,1,,3.8,366,166.59,0
ACC-06358,Enterprise,FinTech,40,22,15,0.836,0.644,522.0,4,1,20.0,3.0,95,3344.74,0
ACC-06359,Growth,E-commerce,36,43,9,0.47,0.537,204.0,3,1,56.0,1.6,161,1100.9,0
ACC-06360,Growth,FinTech,16,548,12,,,68.0,2,0,49.0,4.3,241,422.93,0
ACC-06361,Starter,Other,579,310,0,0.677,0.089,0.0,3,0,-4.0,,81,45581.56747101787,0
ACC-06362,Growth,FinTech,15,142,9,,0.382,82.0,2,0,46.0,3.4,106,774.06,0
ACC-06363,Growth,E-commerce,16,79,17,0.54,,195.0,0,0,57.0,2.4,284,488.08,0
ACC-06364,Starter,Other,1,428,11,0.627,0.811,7.0,1,1,82.0,3.0,187,27.63,0
ACC-06365,Enterprise,Healthcare,81,532,9,0.697,0.697,233.0,1,0,27.0,3.0,49,9507.59,0
ACC-06366,Starter,Other,7,42,4,0.606,0.615,35.0,1,1,-10.0,3.3,386,190.89,0
ACC-06367,Growth,Healthcare,27,385,19,0.837,0.456,230.0,2,0,16.0,1.7,370,748.47,0
ACC-06368,Starter,E-commerce,1,406,9,0.253,0.211,0.0,1,0,18.0,3.9,226,21.22,1
ACC-06369,Growth,FinTech,17,63,15,0.505,0.329,,2,0,26.0,4.5,233,889.65,1
ACC-06370,Growth,FinTech,12,788,16,0.474,0.445,0.0,1,0,39.0,3.9,199,435.35,0
ACC-06371,Enterprise,Other,126,217,16,,0.637,911.0,2,1,44.0,3.9,276,14100.81,0
ACC-06372,Starter,SaaS,3,133,8,0.48,0.229,81.0,1,0,87.0,3.7,312,35.67,0
ACC-06373,Enterprise,Other,164,132,22,0.64,0.61,752.0,1,0,-13.0,4.4,267,21222.91,0
ACC-06374,Growth,FinTech,37,455,13,0.751,0.681,94.0,4,0,-19.0,2.1,306,2046.22,0
ACC-06375,Starter,Healthcare,6,641,5,0.02,0.341,107.0,4,1,27.0,5.0,34,166.46,0
ACC-06376,Starter,FinTech,8,238,7,0.762,0.144,29.0,0,0,5.0,3.9,311,130.36,0
ACC-06377,Starter,Other,1,692,2,0.559,0.02,,2,1,26.0,4.5,30,27.76,1
ACC-06378,Enterprise,SaaS,139,245,23,0.482,1.0,1039.0,0,0,-9.0,,155,15882.31,0
ACC-06379,Starter,FinTech,5,179,1,0.46,,57.0,0,0,77.0,,299,90.8,0
ACC-06380,Growth,Other,39,583,9,0.642,0.613,141.0,3,1,81.0,3.4,289,1759.52,0
ACC-06381,Growth,SaaS,32,699,16,0.586,0.798,2823.0,1,0,37.0,3.0,212,1551.98,0
ACC-06382,Enterprise,SaaS,151,676,21,0.98,1.0,758.0,1,0,84.0,3.0,270,12553.72,0
ACC-06383,Growth,Other,25,507,11,0.508,0.658,254.0,0,0,100.0,3.4,112,1412.81,0
ACC-06384,Growth,Healthcare,3,787,5,,0.364,241.0,3,1,,3.5,34,779.38,0
ACC-06385,Starter,SaaS,4,766,7,0.543,0.571,24.0,1,0,51.0,3.2,347,94.79,0
ACC-06386,Enterprise,E-commerce,179,260,17,0.719,0.602,212.0,2,1,2.0,4.3,114,19288.62,0
ACC-06387,Starter,SaaS,5,569,9,0.731,0.054,45.0,0,0,22.0,,178,107.13,0
ACC-06388,Starter,SaaS,5,76,5,0.503,0.393,0.0,2,0,72.0,3.9,276,99.56,0
ACC-06389,Enterprise,E-commerce,16,84,12,0.536,0.919,773.0,2,0,54.0,5.0,18,1272.65,0
ACC-06390,Starter,SaaS,3,405,1,0.18,0.262,16.0,0,0,37.0,3.7,295,52.36,0
ACC-06391,Starter,FinTech,8,637,5,0.387,0.319,5.0,1,0,47.0,4.8,105,120.34,0
ACC-06392,Growth,SaaS,12,531,13,0.448,0.191,129.0,2,1,61.0,3.9,20,506.65,1
ACC-06393,Starter,Other,9,159,2,0.659,0.341,58.0,2,0,68.0,3.0,243,187.64,0
ACC-06394,Starter,E-commerce,3,669,4,0.253,0.46,81.0,2,0,32.0,3.7,37,35.14,0
ACC-06395,Growth,SaaS,16,551,17,0.508,,117.0,1,0,,2.6,246,441.31,0
ACC-06396,Growth,Other,30,683,18,0.649,0.569,128.0,0,0,42.0,4.1,199,987.53,0
ACC-06397,Growth,Healthcare,30,556,14,0.474,0.702,201.0,4,2,14.0,3.4,379,996.92,0
ACC-06398,Starter,SaaS,6,779,6,0.357,0.262,36.0,4,0,28.0,4.8,193,118.05,0
ACC-06399,Growth,Other,26,334,10,0.371,0.74,0.0,1,0,58.0,3.0,306,1239.24,1
ACC-06400,Enterprise,SaaS,52,41,22,,0.686,1111.0,5,1,49.0,3.3,37,3604.67,0
ACC-06401,Starter,FinTech,9,544,6,0.363,0.107,53.0,2,1,72.0,2.8,31,225.61,0
ACC-06402,Starter,FinTech,1,883,11,0.452,0.361,36.0,1,0,27.0,4.3,94,10.64,1
ACC-06403,Starter,SaaS,2,101,11,,0.575,51.0,2,1,79.0,4.9,374,28.42,0
ACC-06404,Growth,Healthcare,8,870,15,0.222,0.592,75.0,1,0,24.0,4.0,156,307.06,0
ACC-06405,Starter,E-commerce,3,696,5,0.557,0.405,2.0,2,0,22.0,3.2,23,36.8,0
ACC-06406,Growth,Other,31,45,11,0.552,0.397,239.0,0,0,1.0,2.8,92,1473.75,1
ACC-06407,Enterprise,SaaS,161,494,13,0.625,,851.0,2,1,-23.0,4.4,248,14447.8,1
ACC-06408,Starter,SaaS,5,291,7,0.426,0.511,58.0,2,0,53.0,2.7,81,105.3,0
ACC-06409,Growth,FinTech,25,593,13,0.622,0.571,0.0,1,0,39.0,5.0,172,1394.05,0
ACC-06410,Starter,SaaS,9,692,1,0.46,0.504,12.0,3,0,51.0,4.4,311,136.63,0
ACC-06411,Starter,Other,6,345,18,0.467,,22.0,3,1,36.0,3.8,394,165.79,0
ACC-06412,Growth,Healthcare,39,437,16,0.922,0.819,100.0,2,1,32.0,4.0,70,1256.87,0
ACC-06413,Growth,Healthcare,21,49,9,0.519,0.614,281.0,0,0,46.0,,397,990.91,0
ACC-06414,Enterprise,Healthcare,120,18,29,0.815,0.718,591.0,2,0,69.0,,288,7120.42,0
ACC-06415,Growth,SaaS,14,686,11,0.641,0.355,328.0,3,0,57.0,4.2,144,673.8,0
ACC-06416,Starter,SaaS,7,328,11,0.66,0.331,17.0,1,0,80.0,2.5,63,195.85,0
ACC-06417,Growth,FinTech,21,791,13,0.485,0.74,196.0,1,0,,3.1,312,552.12,1
ACC-06418,Starter,Healthcare,7,526,5,0.493,0.361,22.0,1,0,23.0,4.7,46,131.07,0
ACC-06419,Enterprise,FinTech,425,365,18,,0.897,654.0,2,1,,4.0,224,9583.1,0
ACC-06420,Growth,SaaS,34,793,19,0.431,0.407,317.0,1,0,73.0,3.2,241,2014.47,0
ACC-06421,Starter,E-commerce,8,64,11,0.445,0.482,17.0,0,0,43.0,4.4,134,101.86,0
ACC-06422,Growth,SaaS,39,748,12,0.827,0.499,156.0,4,0,,3.5,315,1659.3,0
ACC-06423,Growth,E-commerce,20,79,4,0.274,0.438,282.0,2,0,52.0,4.8,313,891.79,0
ACC-06424,Growth,SaaS,9,852,14,0.643,0.6,82.0,3,0,,2.6,171,439.86,0
ACC-06425,Starter,E-commerce,9,515,1,0.163,0.308,74.0,1,0,40.0,3.3,212,43005.20633751052,0
ACC-06426,Starter,FinTech,3,428,9,0.678,0.251,32.0,4,1,41.0,4.3,111,62.4,0
ACC-06427,Starter,Other,1,594,4,0.236,0.136,40.0,1,0,67.0,3.7,143,22.58,0
ACC-06428,Starter,Healthcare,1,721,4,0.605,0.284,65.0,4,1,32.0,1.8,359,23.88,0
ACC-06429,Growth,SaaS,37,266,10,0.621,0.502,383.0,0,0,49.0,1.7,113,1099.36,0
ACC-06430,Starter,Healthcare,6,103,12,0.939,0.489,46.0,1,0,83.0,3.7,366,106.69,0
ACC-06431,Starter,Healthcare,5,871,0,0.344,0.307,46.0,3,1,44.0,5.0,321,50.53,0
ACC-06432,Growth,E-commerce,13,473,16,0.638,0.572,108.0,3,1,57.0,3.4,25,330.36,0
ACC-06433,Starter,Other,3,268,9,0.478,0.321,96.0,1,1,57.0,3.8,70,65.22,0
ACC-06434,Enterprise,Healthcare,106,826,20,0.786,0.769,796.0,1,0,36.0,5.0,137,14447.55,0
ACC-06435,Growth,SaaS,15,49,11,0.536,0.578,48.0,1,0,41.0,3.8,188,825.69,0
ACC-06436,Starter,FinTech,8,757,9,0.847,0.377,0.0,1,0,34.0,2.7,223,91.93,0
ACC-06437,Growth,FinTech,35,30,11,0.315,0.432,16.0,0,0,7.0,3.2,102,897.14,0
ACC-06438,Starter,E-commerce,7,594,5,0.334,0.133,53.0,1,0,34.0,3.6,123,132.35,0
ACC-06439,Enterprise,Other,60,47,20,0.711,0.691,643.0,0,0,16.0,4.9,247,4770.02,0
ACC-06440,Growth,E-commerce,31,146,21,0.803,0.428,116.0,1,0,45.0,5.0,342,927.63,0
ACC-06441,Growth,FinTech,618,303,6,,0.421,152.0,0,0,,4.9,33,1167.25,0
ACC-06442,Enterprise,Other,126,175,22,0.753,0.553,749.0,1,0,,5.0,241,12132.86,0
ACC-06443,Enterprise,Healthcare,72,53,19,1.0,0.843,616.0,2,0,27.0,4.6,9,4171.1,0
ACC-06444,Enterprise,SaaS,161,615,19,0.823,0.87,,2,0,43.0,,69,14477.58,0
ACC-06445,Starter,Other,5,688,0,0.55,0.135,42.0,3,0,25.0,3.5,277,122.93,1
ACC-06446,Starter,FinTech,2,302,0,0.297,0.325,48.0,1,0,10.0,4.8,260,25.73,0
ACC-06447,Growth,E-commerce,21,632,15,0.364,0.595,103.0,3,0,41.0,2.5,131,1201.94,0
ACC-06448,Growth,FinTech,27,305,7,0.636,0.716,287.0,1,0,-14.0,4.3,79,1243.84,0
ACC-06449,Growth,Other,28,204,18,0.527,0.055,114.0,0,0,57.0,3.0,175,1130.41,1
ACC-06450,Growth,SaaS,31,764,8,,0.624,148.0,0,0,25.0,3.9,347,1421.36,0
ACC-06451,Starter,FinTech,5,479,9,0.393,0.285,38.0,3,0,26.0,2.6,233,106.88,0
ACC-06452,Starter,E-commerce,1,32,4,0.07,,2633.0,2,0,-5.0,5.0,214,13.59,0
ACC-06453,Growth,Other,17,633,10,0.564,0.499,245.0,3,1,11.0,2.6,276,493.3,0
ACC-06454,Starter,SaaS,5,361,3,0.153,0.353,105.0,1,0,55.0,3.0,148,59.75,0
ACC-06455,Growth,SaaS,26,78,15,0.591,0.257,349.0,2,0,46.0,4.0,280,1158.96,0
ACC-06456,Growth,Other,23,225,16,0.891,0.342,115.0,4,2,31.0,4.2,347,640.72,0
ACC-06457,Growth,Healthcare,37,296,12,0.207,0.308,55.0,0,0,41.0,3.9,23,1792.65,0
ACC-06458,Growth,FinTech,32,38,16,0.578,0.394,260.0,2,0,16.0,,25,1401.86,0
ACC-06459,Growth,FinTech,10,659,13,0.402,0.596,360.0,1,0,-12.0,,75,522.85,0
ACC-06460,Growth,FinTech,34,205,7,0.432,0.463,210.0,1,0,59.0,2.8,271,1400.64,0
ACC-06461,Starter,E-commerce,4,152,9,,0.458,92.0,2,0,60.0,3.9,246,96.17,0
ACC-06462,Growth,E-commerce,18,177,12,0.728,0.401,36.0,1,0,31.0,3.8,28,734.19,0
ACC-06463,Growth,Healthcare,7,646,1,0.515,0.725,184.0,1,1,69.0,,303,225.63,0
ACC-06464,Starter,SaaS,3,460,5,0.09,0.163,7.0,1,0,7.0,4.0,396,46.01,0
ACC-06465,Growth,Healthcare,11,734,5,0.686,0.654,221.0,3,3,60.0,2.9,58,617.36,0
ACC-06466,Enterprise,SaaS,33,399,14,0.627,0.787,664.0,3,1,20.0,,59,3153.08,0
ACC-06467,Starter,Other,1,618,6,0.557,0.403,46.0,2,0,26.0,3.2,313,13.1,0
ACC-06468,Growth,SaaS,7,431,13,0.373,0.845,187.0,1,0,,3.6,310,251.82,0
ACC-06469,Enterprise,SaaS,119,539,16,0.903,0.71,810.0,2,0,63.0,2.0,9,13919.42,0
ACC-06470,Enterprise,SaaS,191,791,22,0.787,0.92,627.0,1,1,63.0,4.2,157,18855.55,0
ACC-06471,Starter,SaaS,9,557,6,0.569,0.225,16.0,2,1,31.0,3.3,283,190.71,0
ACC-06472,Growth,FinTech,36,452,11,0.648,0.518,202.0,2,0,31.0,2.4,206,1450.8,0
ACC-06473,Enterprise,E-commerce,139,780,20,0.946,0.706,270.0,2,1,71.0,3.9,248,16867.45,0
ACC-06474,Growth,Other,24,580,18,0.58,0.415,63.0,1,0,41.0,2.3,204,1241.83,0
ACC-06475,Starter,E-commerce,2,840,0,0.621,0.449,13.0,2,0,32.0,2.3,267,34.64,0
ACC-06476,Starter,E-commerce,5,587,13,0.771,,37.0,2,1,-11.0,3.7,204,104.51,0
ACC-06477,Growth,FinTech,15,622,10,0.792,0.552,,0,0,69.0,2.4,36,398.7,0
ACC-06478,Growth,Healthcare,31,471,9,0.269,0.607,231.0,4,0,11.0,3.9,315,1096.04,0
ACC-06479,Starter,SaaS,7,767,5,0.36,0.284,68.0,3,1,49.0,3.9,384,155.86,0
ACC-06480,Starter,FinTech,9,284,3,0.468,,,2,1,6.0,,317,110.37,1
ACC-06481,Growth,SaaS,33,496,8,0.438,0.58,143.0,2,0,49.0,5.0,381,852.07,0
ACC-06482,Growth,SaaS,9,814,17,,0.41,103.0,1,0,27.0,4.0,299,315.84,0
ACC-06483,Enterprise,E-commerce,139,202,21,0.532,0.564,865.0,1,1,18.0,,26,15089.95,0
ACC-06484,Growth,SaaS,8,402,4,0.593,0.481,229.0,0,0,-12.0,3.3,209,459.32,0
ACC-06485,Enterprise,SaaS,15,36,23,0.989,0.911,905.0,1,0,28.0,2.3,35,967.42,0
ACC-06486,Enterprise,Healthcare,86,520,22,0.92,0.847,618.0,2,1,-8.0,4.7,354,10999.88,0
ACC-06487,Starter,SaaS,4,321,0,0.534,0.239,21.0,2,0,42.0,,122,81.19,0
ACC-06488,Growth,E-commerce,20,509,14,0.56,0.556,,0,0,47.0,2.7,131,914.66,0
ACC-06489,Starter,FinTech,8,223,10,0.19,0.419,6.0,1,0,44.0,3.9,107,121.11,0
ACC-06490,Enterprise,Other,189,747,13,0.832,0.471,748.0,1,1,22.0,4.2,250,25317.64,0
ACC-06491,Starter,Healthcare,8,886,8,0.13,0.201,47.0,2,1,14.0,5.0,203,138.43,0
ACC-06492,Growth,SaaS,32,487,10,0.579,0.482,,1,0,55.0,2.5,196,845.52,0
ACC-06493,Enterprise,Other,139,554,22,0.74,1.0,608.0,0,0,95.0,3.4,14,13528.73,0
ACC-06494,Starter,FinTech,9,418,3,0.568,0.435,29.0,1,1,,5.0,399,249.62,0
ACC-06495,Enterprise,FinTech,112,278,25,0.609,0.628,241.0,2,0,54.0,3.2,135,14063.84,0
ACC-06496,Starter,E-commerce,5,421,6,0.31,0.341,19.0,3,1,28.0,5.0,242,57.05,0
ACC-06497,Growth,Healthcare,23,451,10,0.259,0.729,0.0,2,0,35.0,3.2,148,1348.16,0
ACC-06498,Growth,FinTech,496,705,10,0.603,,72.0,2,0,21.0,1.9,159,387.81,0
ACC-06499,Starter,FinTech,2,625,11,0.323,0.353,48.0,0,0,51.0,2.3,325,35.37,0
ACC-06500,Growth,SaaS,22,306,10,0.392,0.494,,2,1,-11.0,5.0,343,688.68,0
ACC-06501,Enterprise,E-commerce,142,560,25,0.592,0.855,587.0,0,0,-27.0,4.0,74,9457.95,0
ACC-06502,Starter,Other,2,842,8,0.691,0.164,41.0,1,0,32.0,4.6,298,40.93,0
ACC-06503,Growth,FinTech,22,384,7,0.784,0.614,152.0,0,0,65.0,3.3,59,859.69,0
ACC-06504,Enterprise,Other,96,764,20,0.79,0.868,834.0,1,0,56.0,2.8,62,11792.1,0
ACC-06505,Growth,SaaS,37,433,13,0.636,0.699,293.0,1,0,54.0,3.2,141,1386.91,1
ACC-06506,Starter,Healthcare,428,136,1,0.547,0.093,58.0,2,0,86.0,1.7,267,150.23,0
ACC-06507,Enterprise,Other,82,175,20,0.736,0.739,,1,0,74.0,1.7,219,9842.62,0
ACC-06508,Starter,Healthcare,4,295,9,0.603,0.209,18.0,3,0,32.0,4.7,258,73.19,0
ACC-06509,Growth,SaaS,34,529,18,0.36,0.467,152.0,1,0,26.0,3.1,276,1645.4,0
ACC-06510,Growth,FinTech,29,816,18,0.581,0.678,149.0,0,0,-6.0,3.1,335,1084.86,0
ACC-06511,Growth,SaaS,18,362,24,0.728,0.473,184.0,1,0,39.0,2.8,222,965.4,0
ACC-06512,Starter,E-commerce,2,260,7,0.465,0.279,33.0,2,0,80.0,4.9,305,64323.065456830336,0
ACC-06513,Starter,Other,7,594,9,0.534,0.132,9.0,2,1,67.0,2.8,378,169.39,0
ACC-06514,Growth,FinTech,7,295,10,0.566,0.596,103.0,4,1,70.0,4.4,213,368.9,0
ACC-06515,Starter,SaaS,4,400,15,0.549,0.193,53.0,0,0,39.0,,182,100.13,0
ACC-06516,Growth,SaaS,37,206,9,0.703,0.613,,3,1,27.0,4.8,194,1495.06,0
ACC-06517,Growth,E-commerce,35,274,21,0.793,0.149,6.0,2,1,48.0,4.3,364,1754.42,0
ACC-06518,Growth,E-commerce,6,62,21,0.626,0.788,,0,0,58.0,2.6,90,245.38,0
ACC-06519,Starter,SaaS,9,517,3,0.677,0.222,0.0,0,0,34.0,3.3,191,183.22,0
ACC-06520,Starter,Healthcare,4,437,12,0.689,0.356,35.0,1,0,56.0,2.8,208,106.07,0
ACC-06521,Enterprise,SaaS,187,166,22,0.534,0.667,375.0,0,0,24.0,3.6,80,17163.93,0
ACC-06522,Growth,E-commerce,1,682,11,0.673,0.705,,3,1,40.0,3.8,327,734.29,0
ACC-06523,Starter,FinTech,5,192,6,0.325,0.086,10.0,3,0,24.0,4.0,47,80.43,1
ACC-06524,Starter,SaaS,4,598,8,0.253,0.387,,1,0,41.0,,259,107.21,0
ACC-06525,Starter,E-commerce,4,113,9,0.284,0.297,0.0,0,0,45.0,,219,70.46,1
ACC-06526,Enterprise,E-commerce,194,38,27,0.918,0.485,931.0,2,0,38.0,3.0,47,12274.08,0
ACC-06527,Starter,FinTech,1,123,10,0.349,0.424,70.0,1,0,18.0,,199,50.65,0
ACC-06528,Starter,Healthcare,2,477,4,0.16,0.242,19.0,1,0,3.0,3.1,124,49464.617425105105,0
ACC-06529,Growth,E-commerce,22,173,16,0.569,0.204,146.0,1,0,86.0,2.9,199,1186.28,0
ACC-06530,Starter,FinTech,5,306,0,0.467,0.154,39.0,0,0,56.0,4.7,89,81.06,0
ACC-06531,Starter,Other,5,490,5,0.389,0.689,63.0,0,0,33.0,4.5,352,60.65,0
ACC-06532,Enterprise,Other,36,582,19,0.792,0.81,503.0,1,0,63.0,3.9,256,3539.14,0
ACC-06533,Growth,SaaS,33,708,16,,0.232,24.0,2,0,39.0,4.0,236,1222.15,0
ACC-06534,Starter,Other,8,372,15,0.656,0.494,34.0,0,0,73.0,3.3,71,59634.5971878751,0
ACC-06535,Growth,Healthcare,7,107,14,0.831,0.668,191.0,3,1,22.0,3.4,335,305.71,0
ACC-06536,Starter,SaaS,3,882,5,0.508,0.175,60.0,1,1,11.0,,111,52.36,1
ACC-06537,Starter,E-commerce,3,703,4,0.483,0.212,27.0,1,0,8.0,2.4,376,41.14,0
ACC-06538,Growth,SaaS,39,748,17,0.496,0.546,313.0,2,0,29.0,,62,1056.19,0
ACC-06539,Growth,E-commerce,21,831,12,0.585,0.644,296.0,4,0,-13.0,4.0,205,660.3,0
ACC-06540,Growth,Other,14,634,11,0.863,0.501,122.0,0,0,35.0,4.0,67,490.44,0
ACC-06541,Enterprise,FinTech,170,894,24,0.693,0.403,310.0,1,0,18.0,1.9,214,16796.51,0
ACC-06542,Starter,E-commerce,3,470,12,0.626,0.328,64.0,2,1,27.0,4.4,116,52.14,0
ACC-06543,Enterprise,SaaS,17,510,16,0.839,0.515,540.0,1,0,51.0,3.8,72,1408.62,0
ACC-06544,Growth,E-commerce,33,537,6,0.74,0.311,118.0,0,0,52.0,2.3,306,1084.7,0
ACC-06545,Starter,Healthcare,8,464,7,0.495,,4.0,2,0,-4.0,3.4,143,194.27,1
ACC-06546,Enterprise,SaaS,70,405,15,,0.66,388.0,3,0,63.0,2.9,61,5472.82,0
ACC-06547,Starter,E-commerce,4,306,1,0.363,0.352,35.0,1,0,20.0,3.8,193,54.45,0
ACC-06548,Growth,FinTech,7,718,8,0.673,0.841,240.0,1,0,-16.0,1.9,279,264.75,0
ACC-06549,Growth,Healthcare,16,305,18,0.521,,69.0,0,0,-17.0,4.5,62,666.84,0
ACC-06550,Starter,Healthcare,4,818,10,,0.291,72.0,3,1,63.0,3.1,356,66.01,0
ACC-06551,Enterprise,Healthcare,169,678,30,0.703,0.763,638.0,3,1,47.0,3.8,117,18595.14,0
ACC-06552,Starter,FinTech,8,899,4,0.388,0.491,64.0,0,0,64.0,2.8,353,127.57,0
ACC-06553,Enterprise,E-commerce,185,585,26,0.551,0.479,350.0,2,0,92.0,3.1,238,22977.38,0
ACC-06554,Starter,E-commerce,1,544,9,,0.315,19.0,2,0,29.0,3.0,8,17.45,0
ACC-06555,Starter,Healthcare,9,310,4,,0.234,0.0,2,1,71.0,3.8,55,208.95,0
ACC-06556,Starter,E-commerce,3,618,6,0.382,0.29,20.0,1,0,20.0,4.5,144,55.5,0
ACC-06557,Enterprise,Other,20,528,17,0.632,0.775,674.0,1,0,,4.3,142,1479.7,0
ACC-06558,Starter,SaaS,5,368,8,0.564,0.302,0.0,1,0,60.0,4.3,159,63.51,0
ACC-06559,Enterprise,SaaS,150,73,24,0.881,0.705,453.0,2,0,4.0,4.1,81,15373.25,0
ACC-06560,Starter,Other,8,21,5,0.485,0.02,48.0,2,1,-6.0,3.5,201,215.96,1
ACC-06561,Growth,SaaS,4,218,17,0.588,0.704,38.0,2,1,5.0,4.8,210,626.5,0
ACC-06562,Starter,Other,6,637,13,0.453,0.093,7.0,0,0,14.0,3.1,372,141.75,0
ACC-06563,Starter,E-commerce,2,827,14,0.02,0.254,67.0,2,0,10.0,3.0,280,33.07,0
ACC-06564,Enterprise,Other,115,841,15,0.752,0.82,564.0,0,0,20.0,4.2,15,14499.01,0
ACC-06565,Growth,E-commerce,31,479,13,0.349,0.631,7.0,1,0,62.0,3.0,362,1704.69,0
ACC-06566,Growth,Healthcare,8,775,16,0.611,0.64,115.0,2,0,48.0,2.7,302,375.81,0
ACC-06567,Growth,Healthcare,27,17,8,0.602,0.569,237.0,2,0,28.0,4.3,373,855.93,0
ACC-06568,Growth,E-commerce,39,792,7,0.357,0.634,298.0,2,1,50.0,4.6,96,1779.66,0
ACC-06569,Growth,FinTech,5,867,13,0.808,0.366,81.0,1,0,79.0,3.0,78,234.94,0
ACC-06570,Enterprise,SaaS,19,370,18,0.732,0.514,347.0,0,0,50.0,3.2,243,2357.19,0
ACC-06571,Growth,SaaS,35,54,12,0.417,0.302,78.0,1,0,62.0,3.9,391,2064.41,0
ACC-06572,Growth,Other,26,646,11,0.622,0.342,247.0,0,0,31.0,3.3,227,1231.67,0
ACC-06573,Growth,SaaS,29,26,23,0.558,0.708,122.0,2,0,56.0,4.1,69,1304.29,0
ACC-06574,Growth,Healthcare,36,579,11,0.622,0.583,141.0,1,0,60.0,3.4,81,991.47,0
ACC-06575,Growth,E-commerce,32,298,16,0.608,0.446,29.0,1,0,,4.3,292,1317.75,0
ACC-06576,Growth,FinTech,6,493,15,0.687,0.376,235.0,0,0,98.0,5.0,33,159.06,0
ACC-06577,Growth,Other,32,829,5,0.817,0.313,195.0,3,2,26.0,4.0,27,1036.91,1
ACC-06578,Growth,SaaS,31,148,20,0.628,0.338,181.0,1,1,24.0,2.6,260,1788.34,0
ACC-06579,Enterprise,E-commerce,26,44,23,0.688,0.703,930.0,0,0,36.0,4.3,166,1613.75,0
ACC-06580,Enterprise,FinTech,17,523,21,0.963,0.796,367.0,3,1,84.0,2.9,45,1791.98,0
ACC-06581,Enterprise,SaaS,50,630,25,0.553,0.505,992.0,4,2,-7.0,3.2,231,6358.57,0
ACC-06582,Growth,SaaS,34,278,13,0.431,0.567,104.0,1,0,56.0,2.4,12,999.69,1
ACC-06583,Growth,Healthcare,35,159,17,0.688,0.583,234.0,1,0,30.0,4.2,102,1112.01,0
ACC-06584,Starter,SaaS,5,637,0,0.391,0.319,31.0,2,0,54.0,3.3,332,105.89,1
ACC-06585,Growth,Healthcare,9,624,17,0.451,0.515,121.0,1,0,,3.6,257,335.58,0
ACC-06586,Starter,E-commerce,1,851,8,0.378,0.196,35.0,3,0,34.0,3.9,46,14.4,1
ACC-06587,Starter,SaaS,4,779,8,0.643,0.147,58.0,1,0,21.0,2.5,135,69.21,0
ACC-06588,Enterprise,FinTech,96,658,16,0.891,0.761,434.0,0,0,41.0,2.9,374,10749.89,0
ACC-06589,Enterprise,SaaS,157,31,19,0.853,0.785,442.0,1,0,19.0,4.1,174,12464.31,0
ACC-06590,Growth,Healthcare,36,243,12,0.646,0.644,186.0,2,1,40.0,4.1,162,1900.17,0
ACC-06591,Starter,E-commerce,4,594,2,0.055,0.205,74.0,1,0,49.0,3.5,229,84.41,0
ACC-06592,Growth,SaaS,31,426,15,,0.345,191.0,2,0,92.0,3.7,338,1270.47,0
ACC-06593,Growth,E-commerce,22,60,20,,0.298,258.0,1,0,43.0,2.3,300,823.78,0
ACC-06594,Enterprise,FinTech,110,514,14,1.0,0.591,951.0,2,0,25.0,3.2,340,8445.63,1
ACC-06595,Enterprise,E-commerce,20,686,22,0.885,,553.0,1,1,21.0,4.3,92,1466.46,0
ACC-06596,Starter,SaaS,3,657,5,0.267,0.02,118.0,1,0,16.0,3.8,103,39.21,0
ACC-06597,Starter,SaaS,5,831,5,0.394,0.388,38.0,1,0,25.0,4.8,184,102.48,0
ACC-06598,Starter,FinTech,7,144,7,0.689,0.328,27.0,5,0,20.0,4.0,37,98.09,0
ACC-06599,Starter,Healthcare,4,859,7,0.062,0.489,48.0,1,0,69.0,3.7,382,106.51,0
ACC-06600,Starter,E-commerce,3,479,8,0.02,0.231,60.0,1,1,38.0,5.0,90,62.69,1
ACC-06601,Starter,SaaS,7,284,2,0.762,0.282,53.0,3,0,31.0,3.2,71,133.76,1
ACC-06602,Starter,SaaS,1,776,12,0.175,0.244,28.0,2,1,42.0,4.2,298,23.11,0
ACC-06603,Starter,Healthcare,3,105,7,0.377,0.233,73.0,1,0,65.0,2.4,392,34.84,0
ACC-06604,Starter,SaaS,4,38,10,0.18,0.373,5.0,1,0,16.0,3.6,253,106.84,0
ACC-06605,Growth,E-commerce,8,661,18,0.672,0.538,207.0,3,1,35.0,2.5,391,391.67,0
ACC-06606,Starter,FinTech,5,658,0,0.425,0.083,82.0,1,0,82.0,2.7,312,50822.85899857301,1
ACC-06607,Enterprise,SaaS,127,94,23,0.627,0.674,858.0,4,1,,,8,12759.09,0
ACC-06608,Starter,E-commerce,9,794,6,0.58,0.35,22.0,0,0,17.0,3.9,159,108.65,0
ACC-06609,Starter,SaaS,6,758,12,0.219,0.411,39.0,0,0,54.0,3.6,289,146.58,0
ACC-06610,Starter,E-commerce,6,719,3,0.107,0.503,97.0,2,0,25.0,4.5,275,152.92,0
ACC-06611,Growth,SaaS,12,360,17,0.639,0.66,228.0,1,0,26.0,1.8,122,449.08,0
ACC-06612,Starter,FinTech,2,839,2,0.356,0.291,14.0,2,1,44.0,4.5,358,22.12,0
ACC-06613,Growth,E-commerce,20,130,15,0.429,0.539,245.0,3,0,15.0,2.7,76,1006.12,0
ACC-06614,Starter,SaaS,8,707,8,0.663,0.439,61.0,3,0,52.0,2.6,46,185.9,0
ACC-06615,Enterprise,E-commerce,60,759,19,,0.906,,1,1,93.0,4.3,239,60751.55069877938,0
ACC-06616,Starter,Healthcare,3,472,2,,0.347,66.0,2,0,,3.7,239,64.33,0
ACC-06617,Starter,Other,2,320,5,0.564,0.392,10.0,3,1,11.0,3.3,233,49.81,0
ACC-06618,Enterprise,SaaS,39,436,24,0.589,0.679,547.0,1,0,87.0,,44,2171.91,0
ACC-06619,Starter,SaaS,4,56,14,0.684,0.492,,0,0,21.0,4.2,136,80.25,0
ACC-06620,Starter,FinTech,3,42,16,0.268,0.042,0.0,3,0,33.0,4.1,379,31.08,0
ACC-06621,Enterprise,Other,101,313,22,0.769,0.656,896.0,0,0,1.0,2.4,122,9598.84,0
ACC-06622,Starter,FinTech,9,30,8,0.325,0.315,13.0,0,0,76.0,3.4,106,100.89,0
ACC-06623,Starter,FinTech,1,577,9,,,7.0,2,0,57.0,4.0,243,19.21,0
ACC-06624,Growth,Healthcare,6,580,22,0.506,0.669,179.0,2,0,44.0,2.5,57,171.23,0
ACC-06625,Starter,SaaS,7,771,9,0.593,0.421,0.0,1,0,37.0,3.7,56,187.96,0
ACC-06626,Enterprise,E-commerce,108,258,20,0.756,0.698,589.0,1,0,23.0,2.8,8,6904.84,0
ACC-06627,Growth,FinTech,15,736,12,0.718,0.484,80.0,1,1,33.0,3.9,331,409.77,0
ACC-06628,Growth,E-commerce,32,286,12,0.54,0.498,140.0,1,0,53.0,4.0,265,1666.41,0
ACC-06629,Starter,Healthcare,4,494,9,0.546,0.483,59.0,1,1,11.0,3.9,255,62.12,0
ACC-06630,Growth,FinTech,20,729,10,0.744,0.603,312.0,4,1,77.0,3.5,131,764.69,0
ACC-06631,Growth,E-commerce,20,328,10,0.835,0.721,201.0,1,0,75.0,3.1,34,1025.74,0
ACC-06632,Starter,E-commerce,7,112,7,0.457,0.203,23.0,1,1,59.0,4.2,154,178.54,1
ACC-06633,Enterprise,SaaS,24,736,18,,0.583,,3,2,50.0,3.2,257,2879.65,0
ACC-06634,Growth,Other,19,265,16,0.46,0.36,203.0,3,1,61.0,4.6,137,483.72,0
ACC-06635,Growth,Healthcare,20,206,16,1.0,0.501,148.0,4,1,84.0,4.8,290,610.94,0
ACC-06636,Starter,Other,5,620,8,0.577,0.388,33.0,1,0,22.0,3.0,178,118.21,0
ACC-06637,Starter,Healthcare,8,487,9,0.68,0.319,64.0,1,0,63.0,4.5,338,195.54,0
ACC-06638,Growth,SaaS,8,41,14,0.605,0.36,187.0,1,0,2.0,4.3,191,362.72,0
ACC-06639,Growth,FinTech,10,824,0,0.721,0.234,375.0,2,0,45.0,2.8,314,268.49,0
ACC-06640,Starter,FinTech,9,474,3,0.545,0.456,12.0,2,0,45.0,2.8,67,108.79,0
ACC-06641,Starter,SaaS,9,253,10,0.383,0.398,0.0,1,1,54.0,2.9,297,196.01,0
ACC-06642,Enterprise,FinTech,109,89,16,1.0,0.569,1015.0,1,0,7.0,,109,9584.64,0
ACC-06643,Starter,FinTech,5,621,11,0.405,0.128,19.0,1,0,31.0,,226,72.3,0
ACC-06644,Starter,SaaS,4,688,11,0.746,0.393,35.0,0,0,49.0,5.0,55,111.94,0
ACC-06645,Growth,Other,20,677,12,0.464,0.786,56.0,1,0,49.0,1.6,250,1065.97,0
ACC-06646,Starter,SaaS,6,576,4,0.464,0.276,44.0,4,0,38.0,4.1,357,109.37,0
ACC-06647,Starter,E-commerce,3,789,7,0.586,0.24,,2,1,46.0,4.3,167,75.67,0
ACC-06648,Starter,Healthcare,2,553,7,0.424,,19.0,1,0,,4.4,115,36.89,0
ACC-06649,Enterprise,E-commerce,16,228,23,0.6,0.812,854.0,0,0,20.0,4.8,386,1262.95,0
ACC-06650,Starter,SaaS,4,210,0,0.372,0.471,72.0,4,0,34.0,2.8,91,40.24,0
ACC-06651,Growth,E-commerce,27,354,10,0.542,0.767,292.0,1,0,3.0,3.6,353,1073.78,0
ACC-06652,Enterprise,Healthcare,63,656,15,0.666,0.715,976.0,2,0,32.0,4.3,385,5509.75,0
ACC-06653,Growth,Other,25,33,2,0.256,0.322,168.0,1,0,28.0,4.0,48,964.98,1
ACC-06654,Growth,FinTech,7,281,11,0.511,0.481,206.0,4,1,16.0,3.8,9,243.43,0
ACC-06655,Growth,SaaS,14,397,6,0.728,1.0,,1,0,36.0,3.6,209,361.25,0
ACC-06656,Starter,E-commerce,8,519,5,0.552,0.286,0.0,2,0,28.0,3.4,284,206.9,0
ACC-06657,Growth,SaaS,18,144,11,0.276,0.595,183.0,1,0,65.0,3.3,82,876.69,0
ACC-06658,Enterprise,Healthcare,93,95,22,0.823,0.596,377.0,2,1,68.0,3.7,13,5333.94,0
ACC-06659,Growth,E-commerce,17,820,12,0.657,0.695,114.0,1,0,-20.0,,326,462.11,0
ACC-06660,Growth,Healthcare,29,99,5,0.532,0.57,167.0,3,1,30.0,4.2,327,1100.08,0
ACC-06661,Starter,Other,8,84,9,0.253,0.307,0.0,2,0,35.0,3.5,139,220.48,0
ACC-06662,Enterprise,E-commerce,73,185,30,0.832,0.554,266.0,5,1,40.0,4.1,394,8015.15,0
ACC-06663,Starter,Other,1,318,12,0.556,0.323,6.0,2,0,34.0,2.7,381,12.55,0
ACC-06664,Enterprise,E-commerce,30,205,23,0.792,0.705,518.0,1,0,22.0,2.6,379,3480.81,0
ACC-06665,Starter,SaaS,6,735,6,0.521,0.261,,3,2,59.0,3.7,157,124.17,0
ACC-06666,Growth,Healthcare,15,126,11,0.537,0.438,284.0,0,0,51.0,5.0,328,780.44,0
ACC-06667,Enterprise,Healthcare,53,137,17,0.915,0.395,580.0,1,1,,5.0,28,5571.67,0
ACC-06668,Growth,Other,13,118,14,0.502,0.341,57.0,0,0,23.0,3.9,60,628.33,0
ACC-06669,Starter,SaaS,1,592,2,0.553,0.316,0.0,1,0,5.0,3.0,100,26.32,0
ACC-06670,Enterprise,FinTech,102,792,21,0.732,0.737,,0,0,65.0,3.3,358,13848.66,0
ACC-06671,Starter,Healthcare,2,158,4,0.584,0.575,,0,0,44.0,3.7,199,36.76,0
ACC-06672,Starter,SaaS,8,505,0,0.262,0.321,32.0,3,0,22.0,3.5,81,85.45,0
ACC-06673,Growth,E-commerce,24,343,10,0.715,0.375,169.0,5,1,22.0,2.9,162,999.81,1
ACC-06674,Growth,E-commerce,23,565,19,0.42,,94.0,1,1,2.0,2.3,321,727.76,0
ACC-06675,Growth,SaaS,39,589,14,0.454,0.744,282.0,3,0,33.0,5.0,121,1222.73,0
ACC-06676,Starter,SaaS,5,269,0,0.45,0.154,13.0,3,1,30.0,5.0,383,101.17,0
ACC-06677,Growth,Healthcare,29,549,10,0.65,0.314,,3,0,-8.0,4.1,229,1150.32,0
ACC-06678,Enterprise,SaaS,158,63,24,0.975,0.582,880.0,1,0,2.0,4.2,167,12353.83,0
ACC-06679,Starter,Healthcare,3,444,6,0.695,0.174,33.0,1,0,,,59,55.7,0
ACC-06680,Growth,Healthcare,17,871,15,0.381,0.664,168.0,1,0,55.0,4.4,30,847.8,0
ACC-06681,Growth,E-commerce,30,810,11,0.427,0.703,7.0,3,1,,2.6,9,1298.17,0
ACC-06682,Enterprise,FinTech,181,61,21,0.834,0.843,185.0,0,0,22.0,4.2,243,14286.3,0
ACC-06683,Growth,SaaS,29,64,13,0.629,0.653,262.0,0,0,50.0,3.8,44,887.87,0
ACC-06684,Enterprise,Healthcare,124,742,17,0.708,0.765,,2,1,81.0,3.3,370,40934.66494601738,0
ACC-06685,Starter,SaaS,9,199,10,0.209,,25.0,1,0,38.0,2.8,206,212.47,1
ACC-06686,Starter,FinTech,8,603,14,0.218,0.25,68.0,0,0,30.0,3.1,255,107.93,0
ACC-06687,Enterprise,Other,193,495,22,1.0,0.901,761.0,1,1,55.0,3.7,375,25391.23,0
ACC-06688,Enterprise,FinTech,51,375,20,0.777,0.797,,0,0,29.0,,86,6991.32,0
ACC-06689,Growth,SaaS,22,287,9,0.77,0.602,0.0,1,0,-2.0,2.0,177,1056.13,0
ACC-06690,Growth,Other,35,675,17,0.672,0.621,230.0,2,0,30.0,3.3,100,2086.45,0
ACC-06691,Growth,SaaS,10,242,11,0.496,0.459,205.0,2,0,58.0,3.7,276,256.17,0
ACC-06692,Starter,SaaS,5,691,10,,0.188,40.0,0,0,62.0,3.9,344,71.77,0
ACC-06693,Enterprise,FinTech,16,220,23,0.732,0.591,702.0,2,1,17.0,3.1,231,945.2,0
ACC-06694,Enterprise,Healthcare,161,792,24,0.817,0.838,447.0,3,1,-18.0,5.0,105,14414.63,0
ACC-06695,Growth,Other,12,635,18,0.684,0.306,164.0,1,1,31.0,4.1,163,452.62,0
ACC-06696,Starter,Healthcare,9,496,11,0.317,0.02,77.0,0,0,47.0,5.0,384,224.33,0
ACC-06697,Starter,Other,5,101,1,0.389,0.125,45.0,1,0,63.0,4.6,157,52.74,1
ACC-06698,Starter,SaaS,4,203,3,0.25,0.152,36.0,0,0,82.0,4.3,301,70.11,0
ACC-06699,Growth,E-commerce,17,573,7,0.588,0.329,126.0,2,2,80.0,3.4,322,714.8,1
ACC-06700,Growth,SaaS,37,521,7,0.542,0.182,149.0,2,0,,4.3,329,1604.17,0
ACC-06701,Starter,Other,3,105,14,0.345,0.326,62.0,1,0,46.0,4.2,136,62.71,0
ACC-06702,Growth,Other,8,101,9,0.616,0.604,289.0,0,0,5.0,4.4,179,206.65,0
ACC-06703,Enterprise,FinTech,197,551,15,0.706,0.662,,0,0,67.0,2.5,224,18837.72,0
ACC-06704,Starter,Healthcare,6,347,7,,0.512,47.0,2,0,71.0,5.0,348,103.32,0
ACC-06705,Growth,E-commerce,501,433,10,0.679,0.394,195.0,3,0,-9.0,4.4,144,1448.8,0
ACC-06706,Growth,SaaS,31,554,23,0.406,0.557,0.0,0,0,48.0,4.8,29,1727.64,0
ACC-06707,Starter,E-commerce,1,766,6,0.382,0.359,73.0,2,0,46.0,4.1,120,15.2,0
ACC-06708,Growth,Other,33,237,15,0.594,0.589,163.0,0,0,73.0,4.2,345,1443.52,0
ACC-06709,Growth,FinTech,30,628,9,0.779,0.6,96.0,2,1,44.0,4.4,267,1322.23,1
ACC-06710,Starter,SaaS,1,780,0,0.707,0.248,55.0,0,0,44.0,4.8,38,10.69,1
ACC-06711,Starter,Other,6,823,4,0.496,0.148,8.0,3,2,52.0,4.7,369,84.12,0
ACC-06712,Enterprise,FinTech,114,878,17,0.561,0.917,607.0,0,0,26.0,4.8,258,9389.53,0
ACC-06713,Starter,FinTech,4,18,4,0.644,0.02,0.0,2,1,11.0,,46,71.46,0
ACC-06714,Growth,Healthcare,22,81,6,0.4,0.531,,1,0,32.0,2.7,158,765.06,0
ACC-06715,Growth,E-commerce,38,783,14,0.424,0.628,108.0,0,0,26.0,2.8,21,1322.43,0
ACC-06716,Enterprise,FinTech,19,196,18,0.64,0.646,336.0,2,0,38.0,3.0,352,2631.26,0
ACC-06717,Growth,SaaS,27,270,6,0.199,0.66,48.0,2,0,100.0,4.4,285,1549.77,0
ACC-06718,Enterprise,Healthcare,54,433,20,0.748,0.714,447.0,1,0,53.0,2.6,56,6992.42,0
ACC-06719,Growth,FinTech,17,594,16,,0.488,179.0,3,0,19.0,5.0,58,623.05,0
ACC-06720,Growth,E-commerce,27,47,18,1.0,,104.0,2,1,22.0,5.0,169,724.08,1
ACC-06721,Starter,Other,2,588,0,0.555,0.423,16.0,1,1,72.0,2.4,145,44.87,0
ACC-06722,Starter,SaaS,2,96,4,,0.252,49.0,0,0,37.0,3.8,63,23.2,0
ACC-06723,Starter,Other,8,341,1,0.417,0.472,,1,1,62.0,3.0,46,212.96,0
ACC-06724,Starter,Healthcare,8,811,4,0.461,0.211,91.0,1,0,9.0,3.1,221,182.43,0
ACC-06725,Growth,Other,17,125,19,0.407,0.654,212.0,0,0,31.0,3.1,251,937.58,0
ACC-06726,Starter,SaaS,7,54,4,0.529,0.511,23.0,1,0,31.0,,284,75.45,1
ACC-06727,Starter,FinTech,2,435,5,0.584,0.034,35.0,2,1,62.0,4.2,42,33.21,0
ACC-06728,Starter,E-commerce,6,233,3,0.967,0.242,36.0,3,1,44.0,3.7,179,125.46,0
ACC-06729,Growth,Other,19,231,20,0.817,0.48,41.0,2,0,49.0,4.2,290,508.08,0
ACC-06730,Growth,Other,18,389,3,0.521,0.311,147.0,3,1,55.0,4.3,373,674.35,0
ACC-06731,Enterprise,FinTech,61,165,17,0.742,0.804,388.0,1,0,36.0,3.8,197,4766.1,0
ACC-06732,Growth,E-commerce,37,32,9,0.497,0.476,315.0,0,0,53.0,2.0,284,1245.66,0
ACC-06733,Enterprise,SaaS,85,833,12,0.751,0.583,591.0,0,0,36.0,4.7,11,5647.65,0
ACC-06734,Growth,Healthcare,24,732,18,0.468,0.542,181.0,2,0,75.0,4.3,19,1219.46,0
ACC-06735,Starter,Healthcare,1,378,0,0.379,0.471,7.0,1,0,21.0,3.8,366,15.47,0
ACC-06736,Enterprise,Healthcare,152,749,18,0.786,0.47,22.0,1,0,21.0,4.2,134,12501.2,0
ACC-06737,Starter,FinTech,3,896,7,0.318,0.405,10.0,5,2,30.0,3.6,42,60.64,1
ACC-06738,Growth,Other,19,363,10,0.912,0.784,262.0,2,2,13.0,5.0,165,717.85,0
ACC-06739,Growth,SaaS,24,152,5,0.766,0.69,261.0,3,1,6.0,3.5,325,735.12,0
ACC-06740,Starter,FinTech,9,192,6,0.378,0.06,6.0,2,1,34.0,3.3,311,246.56,0
ACC-06741,Growth,E-commerce,34,865,10,0.788,0.595,138.0,0,0,80.0,3.7,273,1194.87,0
ACC-06742,Starter,E-commerce,5,804,11,0.371,0.415,0.0,3,0,47.0,3.5,166,39556.62949212987,0
ACC-06743,Starter,Healthcare,2,634,9,0.228,0.488,64.0,2,0,43.0,,199,21.0,0
ACC-06744,Starter,E-commerce,5,615,16,0.55,0.345,75.0,2,1,30.0,4.3,94,59.41,0
ACC-06745,Starter,SaaS,659,285,7,0.524,0.166,,1,1,72.0,5.0,258,93.86,0
ACC-06746,Starter,SaaS,8,478,10,0.557,0.348,38.0,3,0,6.0,2.9,268,125.76,0
ACC-06747,Growth,E-commerce,15,340,11,0.313,0.79,,0,0,9.0,3.9,399,606.75,0
ACC-06748,Growth,Healthcare,37,361,21,0.728,0.67,172.0,2,0,37.0,3.4,355,1448.37,0
ACC-06749,Growth,E-commerce,12,658,13,0.714,0.622,118.0,6,0,49.0,3.8,169,403.05,0
ACC-06750,Growth,FinTech,19,491,13,0.686,0.286,,3,0,14.0,2.9,257,1031.34,0
ACC-06751,Starter,SaaS,5,393,9,0.512,0.171,64.0,1,0,26.0,4.8,392,95.75,0
ACC-06752,Starter,Healthcare,6,235,4,0.425,0.308,18.0,1,0,38.0,3.1,178,167.39,0
ACC-06753,Growth,FinTech,11,594,11,0.426,0.655,181.0,2,0,77.0,3.1,45,294.67,0
ACC-06754,Enterprise,E-commerce,140,412,22,0.699,0.711,902.0,1,0,-4.0,4.6,237,19377.2,0
ACC-06755,Growth,FinTech,26,58,16,0.371,0.782,204.0,0,0,52.0,4.9,93,1438.61,0
ACC-06756,Starter,SaaS,2,621,10,0.286,0.152,64.0,2,0,61.0,,3,34.29,1
ACC-06757,Growth,SaaS,27,310,13,0.681,0.49,179.0,3,1,86.0,4.1,111,1505.34,0
ACC-06758,Enterprise,SaaS,25,378,21,0.908,0.75,695.0,1,1,5.0,,295,2210.3,0
ACC-06759,Starter,Healthcare,9,889,11,0.361,0.455,71.0,0,0,10.0,2.7,379,182.58,0
ACC-06760,Starter,SaaS,9,620,2,0.569,0.306,12.0,0,0,19.0,,231,184.27,0
ACC-06761,Starter,FinTech,9,73,7,0.712,0.153,61.0,1,0,3.0,4.4,206,190.17,1
ACC-06762,Growth,Other,32,668,0,0.558,0.531,315.0,0,0,67.0,5.0,182,1666.33,0
ACC-06763,Enterprise,FinTech,86,272,23,0.681,0.777,565.0,1,1,48.0,3.3,79,11725.5,0
ACC-06764,Growth,E-commerce,20,681,9,0.479,0.531,0.0,0,0,40.0,5.0,100,647.6,1
ACC-06765,Starter,FinTech,7,323,4,0.453,0.088,0.0,3,0,50.0,3.5,91,163.24,0
ACC-06766,Growth,FinTech,6,518,12,0.411,0.453,155.0,0,0,67.0,3.9,264,219.9,0
ACC-06767,Enterprise,SaaS,100,629,23,1.0,0.631,12.0,0,0,-25.0,3.5,138,7276.48,0
ACC-06768,Growth,Other,34,177,24,0.585,0.248,279.0,2,1,49.0,5.0,131,1209.72,0
ACC-06769,Enterprise,FinTech,23,134,13,0.961,0.682,3301.0,2,0,47.0,3.1,228,1588.1,0
ACC-06770,Starter,Healthcare,4,634,3,0.479,0.33,11.0,2,1,53.0,3.6,222,104.21,0
ACC-06771,Starter,Other,7,77,8,1.0,,30.0,2,0,-1.0,5.0,213,142.3,0
ACC-06772,Growth,SaaS,13,739,10,0.734,0.705,127.0,2,0,35.0,3.5,104,725.12,0
ACC-06773,Growth,E-commerce,10,397,17,0.684,0.423,,1,1,13.0,4.7,228,393.33,0
ACC-06774,Enterprise,SaaS,186,97,19,0.672,0.618,592.0,2,1,70.0,4.5,3,15860.15,0
ACC-06775,Growth,FinTech,16,690,17,0.352,0.536,194.0,1,1,41.0,3.4,20,730.25,0
ACC-06776,Starter,Other,7,807,6,0.415,0.256,,2,0,33.0,4.1,96,182.26,0
ACC-06777,Starter,SaaS,8,73,9,0.593,0.158,120.0,2,0,46.0,4.3,204,178.22,0
ACC-06778,Growth,Other,8,847,9,0.63,0.747,125.0,1,1,8.0,3.0,308,273.97,0
ACC-06779,Starter,E-commerce,4,381,16,0.541,0.02,18.0,1,0,72.0,2.8,210,102.92,0
ACC-06780,Growth,FinTech,33,606,5,,0.405,168.0,0,0,72.0,2.7,149,1481.4,0
ACC-06781,Starter,SaaS,9,250,4,0.307,0.267,26.0,2,0,4.0,3.8,8,152.36,0
ACC-06782,Starter,E-commerce,3,112,1,0.111,0.218,0.0,1,0,68.0,5.0,189,62518.46149333338,0
ACC-06783,Growth,FinTech,572,888,17,0.53,0.546,214.0,0,0,80.0,3.2,181,514.98,0
ACC-06784,Starter,SaaS,7,593,9,0.333,0.143,,1,0,19.0,3.6,138,115.71,0
ACC-06785,Growth,FinTech,10,239,8,0.419,0.464,127.0,5,0,15.0,4.5,114,319.83,0
ACC-06786,Growth,SaaS,37,329,17,0.311,0.558,,1,0,15.0,4.7,218,1524.17,0
ACC-06787,Growth,Other,10,685,10,0.271,0.67,184.0,2,0,57.0,3.4,44,546.78,0
ACC-06788,Growth,FinTech,33,283,15,0.707,,43.0,1,0,83.0,3.6,173,1482.77,0
ACC-06789,Growth,FinTech,11,623,16,0.469,0.576,163.0,0,0,24.0,3.2,89,570.31,0
ACC-06790,Enterprise,Healthcare,57,46,19,0.599,0.921,54.0,4,1,51.0,3.3,7,3324.97,0
ACC-06791,Starter,Healthcare,5,888,11,,0.254,0.0,3,1,53.0,3.2,244,59.17,0
ACC-06792,Starter,Other,2,656,6,0.654,0.32,31.0,0,0,24.0,4.0,241,55.44,0
ACC-06793,Growth,Other,7,312,15,,0.26,336.0,4,0,24.0,2.9,32,339.43,0
ACC-06794,Growth,SaaS,16,516,12,0.84,0.572,91.0,2,0,38.0,3.4,183,857.33,0
ACC-06795,Growth,FinTech,30,168,5,0.533,0.667,303.0,3,1,42.0,3.1,361,1680.35,0
ACC-06796,Growth,Healthcare,37,413,12,0.57,0.628,98.0,0,0,19.0,3.5,146,1048.95,0
ACC-06797,Growth,SaaS,23,327,9,0.466,0.48,206.0,1,0,,4.4,102,1319.93,0
ACC-06798,Starter,Healthcare,8,358,13,0.757,0.345,8.0,2,1,46.0,3.3,87,139.97,0
ACC-06799,Growth,SaaS,27,734,7,0.617,0.727,189.0,6,1,41.0,3.6,187,935.37,1
ACC-06800,Starter,Other,1,378,13,0.161,0.439,9.0,2,2,,4.2,304,14.17,1
ACC-06801,Starter,Healthcare,6,19,6,0.486,0.101,37.0,1,0,17.0,5.0,97,92.65,0
ACC-06802,Growth,E-commerce,24,415,15,0.834,0.499,293.0,1,0,80.0,3.1,298,1010.59,0
ACC-06803,Growth,FinTech,36,60,7,,0.52,148.0,3,1,50.0,4.2,204,1828.31,0
ACC-06804,Starter,Other,6,437,6,0.327,0.488,24.0,3,0,36.0,3.2,197,145.82,0
ACC-06805,Enterprise,Healthcare,191,615,17,0.949,0.734,789.0,0,0,100.0,4.2,56,20369.04,0
ACC-06806,Growth,Healthcare,30,100,22,0.57,,96.0,3,0,46.0,2.9,244,1426.15,0
ACC-06807,Growth,Healthcare,19,70,10,0.453,,0.0,2,0,8.0,3.6,196,817.77,0
ACC-06808,Enterprise,SaaS,147,350,25,,0.586,756.0,4,2,44.0,3.0,219,18282.69,0
ACC-06809,Growth,SaaS,29,441,18,,0.607,214.0,0,0,70.0,5.0,99,925.57,0
ACC-06810,Growth,SaaS,20,70,18,0.454,0.385,77.0,1,0,51.0,3.5,112,981.43,0
ACC-06811,Starter,E-commerce,4,302,4,0.422,0.246,91.0,1,0,,3.5,105,53.58,0
ACC-06812,Starter,E-commerce,1,701,15,0.409,0.333,0.0,3,0,31.0,2.3,301,20.67,0
ACC-06813,Starter,FinTech,8,519,16,0.102,0.221,18.0,2,0,37.0,4.0,149,211.52,0
ACC-06814,Starter,Other,5,476,9,0.428,,9.0,2,0,,2.9,81,65.09,0
ACC-06815,Growth,SaaS,35,106,11,0.581,,216.0,1,0,18.0,3.2,120,1161.47,0
ACC-06816,Starter,Healthcare,9,722,3,0.459,0.064,52.0,1,0,50.0,1.8,379,153.14,0
ACC-06817,Growth,FinTech,8,538,15,0.555,,128.0,0,0,59.0,3.5,348,216.31,0
ACC-06818,Starter,FinTech,4,394,7,0.707,0.435,37.0,3,0,22.0,2.6,391,57.35,0
ACC-06819,Starter,SaaS,9,558,8,,0.445,60.0,0,0,27.0,3.4,336,129.56,0
ACC-06820,Enterprise,Healthcare,47,149,14,0.914,0.635,631.0,0,0,76.0,3.2,175,4804.92,0
ACC-06821,Growth,Healthcare,1,614,13,0.78,0.358,121.0,0,0,14.0,,227,885.06,0
ACC-06822,Enterprise,FinTech,140,279,25,0.905,0.479,963.0,0,0,20.0,2.9,144,15230.4,0
ACC-06823,Growth,E-commerce,11,50,17,0.554,0.48,141.0,0,0,-4.0,3.4,308,400.03,0
ACC-06824,Starter,E-commerce,8,221,5,0.216,0.184,0.0,0,0,24.0,2.2,147,163.07,0
ACC-06825,Growth,FinTech,19,337,13,,0.357,308.0,0,0,36.0,2.5,280,1016.23,0
ACC-06826,Growth,E-commerce,28,403,6,0.96,0.701,348.0,1,1,60.0,2.6,241,700.03,0
ACC-06827,Starter,FinTech,2,216,4,0.618,0.44,3630.0,1,0,34.0,5.0,208,20.08,0
ACC-06828,Enterprise,Other,57,712,18,,0.57,826.0,1,0,56.0,4.8,135,7330.24,0
ACC-06829,Growth,Healthcare,29,247,16,,0.487,8.0,1,0,10.0,4.6,345,1395.79,0
ACC-06830,Growth,SaaS,14,117,10,0.663,0.352,63.0,1,0,,4.6,67,352.96,0
ACC-06831,Growth,Healthcare,9,211,8,0.023,,169.0,0,0,1.0,,70,237.81,0
ACC-06832,Growth,FinTech,8,368,16,0.643,0.43,,0,0,55.0,2.9,113,444.05,0
ACC-06833,Starter,Other,3,53,5,0.239,0.163,36.0,2,0,,4.9,19,21.64,0
ACC-06834,Enterprise,E-commerce,115,95,16,0.614,0.847,23.0,4,0,93.0,4.7,23,9782.26,0
ACC-06835,Starter,SaaS,4,153,11,0.331,0.1,44.0,1,0,89.0,4.3,195,87.74,0
ACC-06836,Starter,Healthcare,8,360,9,0.516,0.216,0.0,2,0,55.0,3.5,116,163.19,0
ACC-06837,Starter,SaaS,1,857,6,0.02,0.62,37.0,3,0,-5.0,4.9,33,11.25,1
ACC-06838,Growth,Other,35,530,11,0.868,0.176,189.0,1,0,,3.7,112,1260.94,0
ACC-06839,Enterprise,Other,73,86,22,0.667,0.875,682.0,0,0,42.0,2.9,357,6703.26,0
ACC-06840,Enterprise,Healthcare,59,75,22,1.0,0.637,238.0,2,0,42.0,4.1,288,3802.42,0
ACC-06841,Growth,E-commerce,8,105,14,0.898,0.483,159.0,1,0,-16.0,5.0,168,344.68,0
ACC-06842,Enterprise,E-commerce,102,73,21,0.717,0.64,779.0,5,1,13.0,3.1,210,14268.02,0
ACC-06843,Growth,FinTech,37,461,10,0.356,0.771,,1,0,10.0,3.6,22,1203.61,0
ACC-06844,Starter,SaaS,6,661,5,0.375,,0.0,0,0,34.0,3.2,241,113.12,0
ACC-06845,Growth,Other,36,398,12,,0.12,213.0,1,0,47.0,3.0,380,1766.07,0
ACC-06846,Starter,FinTech,2,375,3,0.683,0.29,122.0,0,0,,4.4,376,24.57,0
ACC-06847,Starter,FinTech,1,540,2,0.054,0.373,67.0,0,0,20.0,2.9,66,15.02,0
ACC-06848,Starter,SaaS,7,325,7,,0.591,0.0,1,0,43.0,3.3,93,116.31,0
ACC-06849,Starter,Other,7,730,11,0.325,0.244,70.0,3,1,42.0,,399,191.96,0
ACC-06850,Enterprise,Other,28,622,11,0.593,0.942,633.0,0,0,24.0,5.0,110,3352.99,0
ACC-06851,Enterprise,FinTech,133,885,18,0.797,0.787,902.0,0,0,52.0,2.2,5,15012.36,0
ACC-06852,Starter,SaaS,6,89,8,0.168,0.216,71.0,4,1,,3.7,272,80.36,0
ACC-06853,Growth,Healthcare,21,397,18,0.72,0.508,145.0,2,0,15.0,2.3,254,562.84,0
ACC-06854,Starter,FinTech,1,775,15,0.737,0.326,55.0,0,0,19.0,4.0,168,16.13,0
ACC-06855,Starter,Other,2,609,6,0.432,0.126,,1,0,36.0,3.4,379,39.47,0
ACC-06856,Starter,Other,8,701,16,0.418,0.285,63.0,2,0,64.0,4.0,326,86.07,0
ACC-06857,Starter,Healthcare,4,428,9,0.337,0.202,28.0,2,0,27.0,4.0,207,44.07,0
ACC-06858,Starter,SaaS,9,359,11,0.45,0.288,10.0,2,0,78.0,3.8,370,249.78,0
ACC-06859,Starter,Healthcare,8,681,2,0.373,0.297,50.0,1,0,72.0,3.5,207,176.89,0
ACC-06860,Starter,Other,1,429,9,0.318,0.313,59.0,2,0,-3.0,4.0,308,11.19,0
ACC-06861,Starter,FinTech,4,374,11,0.198,,48.0,1,0,,4.0,359,83.81,0
ACC-06862,Enterprise,Other,124,366,17,0.749,0.741,868.0,1,0,39.0,5.0,148,13408.41,0
ACC-06863,Starter,FinTech,2,123,0,0.343,0.072,55.0,1,0,18.0,4.4,255,26.04,0
ACC-06864,Starter,Other,8,709,8,0.366,0.45,0.0,2,0,,4.8,138,95.9,0
ACC-06865,Growth,E-commerce,6,768,12,0.564,0.64,208.0,0,0,52.0,2.4,323,180.41,0
ACC-06866,Starter,SaaS,1,39,13,,0.463,28.0,1,0,31.0,,188,22.86,0
ACC-06867,Growth,FinTech,22,370,11,0.58,0.603,109.0,2,0,,3.4,299,1074.01,0
ACC-06868,Starter,SaaS,3,608,4,0.751,0.317,39.0,3,0,14.0,4.6,227,30.6,0
ACC-06869,Growth,FinTech,35,146,8,0.896,0.649,113.0,1,1,39.0,4.6,6,931.15,1
ACC-06870,Growth,Other,36,282,10,0.787,0.592,0.0,4,0,38.0,4.1,209,1556.88,0
ACC-06871,Growth,SaaS,9,866,25,0.614,0.599,166.0,0,0,14.0,2.4,6,230.93,0
ACC-06872,Growth,Other,14,704,6,0.632,0.625,251.0,0,0,0.0,4.0,203,680.51,0
ACC-06873,Growth,SaaS,22,791,7,0.913,0.674,132.0,1,0,47.0,4.3,266,920.72,0
ACC-06874,Starter,E-commerce,5,885,7,0.344,0.514,44.0,0,0,22.0,,389,136.74,0
ACC-06875,Starter,Other,2,617,16,0.442,0.502,43.0,2,0,0.0,4.9,278,39.29,0
ACC-06876,Growth,E-commerce,29,261,16,0.396,0.517,100.0,3,1,37.0,4.2,104,1072.63,0
ACC-06877,Starter,Other,2,858,14,0.377,0.159,53.0,0,0,26.0,,378,43.16,0
ACC-06878,Starter,Other,3,409,5,0.22,0.488,,2,0,,3.8,207,34.21,0
ACC-06879,Growth,E-commerce,14,491,7,0.315,0.55,72.0,2,1,63.0,5.0,288,536.69,1
ACC-06880,Starter,Healthcare,5,499,5,,0.334,51.0,1,1,31.0,4.9,100,81.33,0
ACC-06881,Starter,SaaS,2,500,6,0.705,0.219,75.0,2,1,71.0,4.6,87,24.49,0
ACC-06882,Growth,FinTech,27,502,13,0.434,0.628,102.0,1,0,47.0,4.4,220,1186.56,1
ACC-06883,Starter,FinTech,1,702,6,0.31,0.02,6.0,0,0,46.0,4.0,22,16.81,0
ACC-06884,Enterprise,Healthcare,105,152,23,0.781,0.838,133.0,1,0,-12.0,4.7,274,6930.42,0
ACC-06885,Enterprise,E-commerce,130,404,17,,0.552,339.0,1,0,26.0,4.9,112,15595.54,0
ACC-06886,Enterprise,E-commerce,37,530,16,0.594,0.524,598.0,2,0,51.0,3.8,95,5018.36,0
ACC-06887,Growth,Other,29,507,8,,0.605,153.0,2,0,38.0,2.7,155,1103.74,0
ACC-06888,Starter,SaaS,8,655,8,0.465,0.321,50.0,0,0,10.0,3.3,70,120.15,0
ACC-06889,Growth,Other,15,310,13,0.535,0.552,285.0,1,0,23.0,2.2,78,453.92,0
ACC-06890,Growth,SaaS,28,850,18,0.539,0.596,3.0,1,0,69.0,2.7,107,1089.71,0
ACC-06891,Growth,FinTech,29,27,20,0.348,0.45,,2,0,40.0,3.0,119,1442.42,0
ACC-06892,Starter,E-commerce,8,656,2,0.501,0.302,61.0,1,0,52.0,2.5,175,148.27,1
ACC-06893,Starter,FinTech,6,164,7,0.638,0.433,33.0,2,1,63.0,3.8,6,137.27,1
ACC-06894,Starter,Healthcare,2,548,6,0.611,0.219,54.0,1,0,46.0,4.9,322,49.33,0
ACC-06895,Starter,Healthcare,2,34,0,,0.389,44.0,2,0,46.0,5.0,241,50191.537805254695,0
ACC-06896,Starter,Healthcare,6,220,5,0.127,0.349,0.0,1,0,23.0,3.2,364,107.54,0
ACC-06897,Enterprise,SaaS,162,360,27,0.564,0.799,277.0,3,1,65.0,2.6,322,19916.53,0
ACC-06898,Starter,SaaS,8,100,4,0.109,0.252,39.0,0,0,24.0,4.2,73,195.86,0
ACC-06899,Growth,SaaS,7,304,9,0.58,0.329,161.0,1,0,56.0,5.0,385,419.16,0
ACC-06900,Enterprise,FinTech,129,576,20,0.598,0.663,992.0,2,0,62.0,4.1,114,11435.53,0
ACC-06901,Starter,SaaS,7,157,11,0.411,0.094,76.0,1,0,55.0,4.5,384,165.46,1
ACC-06902,Growth,FinTech,20,567,12,0.496,0.378,81.0,4,0,46.0,4.2,222,903.11,0
ACC-06903,Growth,Other,31,428,14,0.313,0.622,308.0,0,0,9.0,4.5,381,1794.72,0
ACC-06904,Starter,Other,1,757,0,0.456,,34.0,0,0,75.0,3.5,213,24.0,0
ACC-06905,Growth,Healthcare,24,579,16,0.762,,0.0,4,0,54.0,3.5,374,853.99,0
ACC-06906,Enterprise,SaaS,129,409,21,0.694,0.771,1075.0,1,0,9.0,2.5,114,12883.28,0
ACC-06907,Growth,E-commerce,27,745,17,0.521,0.202,84.0,1,0,31.0,1.9,217,1334.98,0
ACC-06908,Enterprise,SaaS,104,166,12,0.519,0.828,373.0,1,1,38.0,4.0,148,12078.54,0
ACC-06909,Enterprise,FinTech,185,516,19,,0.723,1045.0,1,0,59.0,4.4,88,25375.16,0
ACC-06910,Starter,FinTech,9,213,11,0.663,0.113,0.0,0,0,,3.2,74,144.45,0
ACC-06911,Growth,Other,15,413,10,0.634,0.468,180.0,2,1,42.0,4.0,230,717.16,0
ACC-06912,Growth,E-commerce,39,436,13,0.535,0.509,100.0,2,0,,4.9,248,1018.49,0
ACC-06913,Growth,SaaS,350,544,11,0.727,0.356,3067.0,3,0,16.0,3.4,94,1839.51,0
ACC-06914,Growth,E-commerce,27,290,11,0.768,0.546,95.0,2,0,56.0,2.9,97,900.61,0
ACC-06915,Growth,Other,25,600,18,0.433,0.845,89.0,1,0,38.0,4.6,208,1071.81,0
ACC-06916,Enterprise,SaaS,100,173,14,0.574,0.514,644.0,2,0,53.0,,359,12634.47,0
ACC-06917,Starter,Healthcare,2,162,7,0.567,0.327,17.0,3,1,18.0,4.1,390,22.61,0
ACC-06918,Growth,SaaS,6,109,14,0.68,0.591,338.0,0,0,49.0,3.8,289,168.84,0
ACC-06919,Starter,SaaS,6,440,11,0.353,0.187,35.0,1,1,53.0,2.6,325,68.3,0
ACC-06920,Growth,Other,8,379,12,0.723,0.536,179.0,2,0,23.0,,271,53099.717537420875,0
ACC-06921,Growth,SaaS,23,745,17,0.654,,103.0,3,0,25.0,4.7,196,709.21,0
ACC-06922,Growth,Healthcare,15,313,13,0.238,0.603,258.0,3,1,10.0,3.5,175,638.69,0
ACC-06923,Growth,SaaS,16,528,14,0.385,0.3,231.0,2,0,14.0,3.4,365,774.4,0
ACC-06924,Growth,E-commerce,34,869,13,0.684,0.447,108.0,1,0,24.0,3.1,285,1024.72,0
ACC-06925,Starter,E-commerce,2,559,10,0.669,0.195,6.0,2,0,38.0,4.0,230,24.21,0
ACC-06926,Starter,Other,4,772,9,0.434,0.158,15.0,4,1,52.0,4.4,146,80.72,0
ACC-06927,Starter,Healthcare,5,465,2,0.384,0.323,36.0,3,2,47.0,,184,98.51,0
ACC-06928,Enterprise,Healthcare,90,176,21,1.0,0.699,570.0,3,1,60.0,3.7,258,11333.8,0
ACC-06929,Starter,FinTech,4,412,9,0.5,0.36,12.0,0,0,,4.0,372,43524.852061188925,0
ACC-06930,Enterprise,SaaS,106,681,27,0.795,0.763,658.0,0,0,6.0,3.3,162,10909.18,0
ACC-06931,Starter,E-commerce,2,116,2,0.4,0.33,26.0,0,0,11.0,3.2,301,47.49,0
ACC-06932,Growth,FinTech,35,439,15,0.571,0.616,269.0,0,0,65.0,3.2,176,1753.17,0
ACC-06933,Growth,SaaS,10,472,11,0.784,0.636,112.0,2,0,-13.0,3.1,140,359.92,0
ACC-06934,Growth,Other,35,834,14,0.426,0.527,204.0,0,0,64.0,3.7,22,1485.31,0
ACC-06935,Growth,FinTech,12,879,8,0.616,0.561,185.0,3,0,6.0,4.0,104,559.72,0
ACC-06936,Growth,SaaS,21,552,13,0.671,0.434,3700.0,1,0,44.0,4.0,89,805.67,0
ACC-06937,Enterprise,Other,150,201,21,1.0,0.846,868.0,2,1,,3.1,311,18639.16,0
ACC-06938,Growth,E-commerce,14,194,9,0.544,0.924,273.0,4,1,42.0,,148,795.54,0
ACC-06939,Starter,Healthcare,1,544,14,0.349,0.383,36.0,1,0,43.0,4.7,253,21.78,0
ACC-06940,Starter,SaaS,1,187,0,0.428,0.386,31.0,2,0,17.0,,235,26.3,0
ACC-06941,Growth,FinTech,14,610,15,0.323,0.477,91.0,3,0,,4.0,224,808.12,0
ACC-06942,Growth,E-commerce,14,871,2,0.559,0.587,85.0,1,0,54.0,4.1,242,372.16,0
ACC-06943,Growth,SaaS,14,179,12,0.59,0.278,265.0,3,0,89.0,4.2,121,361.03,0
ACC-06944,Growth,Healthcare,13,827,15,0.699,0.362,228.0,0,0,35.0,3.1,52,550.72,0
ACC-06945,Starter,SaaS,4,48,10,0.4,0.526,,0,0,100.0,4.5,297,62.88,0
ACC-06946,Growth,SaaS,12,441,13,0.634,0.74,181.0,1,0,10.0,5.0,273,534.76,0
ACC-06947,Growth,SaaS,15,355,12,0.671,0.28,207.0,0,0,48.0,4.3,76,509.9,0
ACC-06948,Growth,FinTech,23,513,16,0.576,0.816,0.0,3,0,30.0,3.8,98,700.94,0
ACC-06949,Growth,SaaS,31,442,17,0.652,0.408,210.0,1,0,33.0,4.2,228,1791.0,0
ACC-06950,Enterprise,Healthcare,160,498,26,0.68,0.614,,2,0,7.0,3.4,173,18293.11,0
ACC-06951,Growth,E-commerce,17,120,7,0.164,0.504,288.0,1,0,60.0,5.0,56,489.67,0
ACC-06952,Enterprise,SaaS,123,690,19,0.785,0.834,,0,0,70.0,3.4,318,9840.43,0
ACC-06953,Starter,E-commerce,5,850,0,0.498,0.375,54.0,1,0,47.0,2.9,117,136.62,0
ACC-06954,Growth,SaaS,38,434,7,0.685,0.665,209.0,1,0,56.0,3.7,122,1660.67,0
ACC-06955,Growth,FinTech,35,773,10,0.484,0.447,176.0,2,0,16.0,2.8,112,1717.84,0
ACC-06956,Growth,Other,22,122,17,0.639,0.804,24.0,6,3,11.0,3.9,238,1121.22,0
ACC-06957,Starter,Healthcare,4,662,5,0.199,0.457,98.0,0,0,58.0,3.4,87,110.86,0
ACC-06958,Growth,E-commerce,38,301,12,,0.471,,3,1,46.0,4.0,310,1022.91,0
ACC-06959,Starter,FinTech,6,607,8,0.523,0.291,0.0,4,1,72.0,1.9,303,91.91,1
ACC-06960,Enterprise,SaaS,147,517,17,0.83,0.535,518.0,3,1,50.0,3.3,283,9110.9,0
ACC-06961,Starter,Healthcare,9,53,0,0.297,0.328,38.0,2,0,-10.0,4.1,28,213.22,0
ACC-06962,Starter,E-commerce,7,325,4,0.336,0.297,48.0,1,0,28.0,4.1,147,172.06,0
ACC-06963,Growth,E-commerce,19,399,12,0.483,0.646,9.0,1,0,67.0,4.5,114,574.53,0
ACC-06964,Starter,Other,7,734,9,0.25,0.384,61.0,0,0,20.0,2.7,309,189.48,0
ACC-06965,Starter,FinTech,6,111,6,0.587,0.515,16.0,0,0,40.0,3.9,325,108.52,0
ACC-06966,Growth,Healthcare,35,853,15,0.57,0.536,257.0,1,0,15.0,2.4,7,1231.84,0
ACC-06967,Growth,E-commerce,12,56,17,,0.374,145.0,0,0,64.0,3.3,5,640.2,0
ACC-06968,Starter,SaaS,3,228,12,0.505,0.254,,1,0,36.0,2.9,285,70.1,0
ACC-06969,Growth,SaaS,25,140,14,0.634,0.639,0.0,2,0,42.0,3.3,298,1366.63,0
ACC-06970,Growth,E-commerce,12,801,8,0.398,,220.0,0,0,43.0,3.9,66,672.28,0
ACC-06971,Growth,FinTech,19,516,7,,0.549,124.0,1,1,47.0,3.9,315,1076.14,1
ACC-06972,Starter,Healthcare,6,648,2,0.378,0.599,13.0,0,0,,4.6,72,60.11,0
ACC-06973,Starter,Healthcare,5,623,2,0.449,0.351,54.0,1,0,65.0,3.4,131,99.75,0
ACC-06974,Enterprise,FinTech,84,534,20,0.795,0.592,471.0,1,0,51.0,2.7,54,6869.38,0
ACC-06975,Growth,E-commerce,26,279,21,0.687,0.627,73.0,1,1,48.0,3.7,207,1148.23,0
ACC-06976,Starter,E-commerce,6,129,8,0.279,0.163,33.0,0,0,54.0,5.0,265,75.98,0
ACC-06977,Enterprise,FinTech,154,400,20,0.583,0.715,488.0,1,1,41.0,2.0,79,17892.65,0
ACC-06978,Starter,Other,2,378,11,0.335,0.396,4.0,5,0,52.0,4.5,342,35.66,0
ACC-06979,Growth,SaaS,7,401,9,0.752,,88.0,1,0,27.0,5.0,320,191.14,0
ACC-06980,Growth,Other,16,895,18,0.938,0.658,,4,0,72.0,3.0,97,681.9,0
ACC-06981,Enterprise,SaaS,79,127,24,0.878,0.729,350.0,0,0,-22.0,3.3,196,10100.5,0
ACC-06982,Enterprise,SaaS,101,588,20,,0.654,,1,0,49.0,4.3,170,12941.43,0
ACC-06983,Starter,Healthcare,8,152,16,0.772,0.27,27.0,0,0,29.0,3.1,191,207.2,0
ACC-06984,Growth,SaaS,27,538,18,0.554,0.6,271.0,1,0,92.0,,136,1090.63,0
ACC-06985,Starter,SaaS,3,613,7,0.386,0.378,11.0,3,1,40.0,2.4,374,17.2,0
ACC-06986,Growth,SaaS,20,45,12,,0.503,215.0,4,1,58.0,4.0,230,1147.49,1
ACC-06987,Growth,Healthcare,15,422,11,0.53,0.36,251.0,2,0,-2.0,4.2,263,417.02,0
ACC-06988,Starter,E-commerce,9,298,6,0.178,,65.0,1,0,15.0,3.4,153,212.2,0
ACC-06989,Starter,SaaS,1,446,7,0.302,0.15,56.0,1,0,39.0,4.3,43,13.94,1
ACC-06990,Starter,FinTech,2,446,6,0.455,0.342,42.0,3,0,60.0,4.3,67,54.03,0
ACC-06991,Starter,SaaS,9,432,6,0.473,0.02,78.0,2,1,32.0,3.6,386,251.55,0
ACC-06992,Starter,Other,3,582,2,0.645,0.263,41.0,2,0,71.0,2.8,316,32.42,1
ACC-06993,Enterprise,SaaS,19,192,17,0.863,0.71,750.0,0,0,42.0,3.3,41,1963.61,0
ACC-06994,Growth,E-commerce,29,773,6,,0.601,220.0,2,0,97.0,4.6,202,1075.39,0
ACC-06995,Growth,FinTech,11,759,15,0.77,0.255,2.0,0,0,,4.4,121,288.36,0
ACC-06996,Enterprise,E-commerce,159,419,20,0.885,0.415,442.0,0,0,71.0,3.8,142,11412.95,0
ACC-06997,Growth,Other,28,818,12,0.422,0.586,249.0,2,0,51.0,3.8,276,1001.92,0
ACC-06998,Starter,FinTech,7,257,11,0.626,0.388,87.0,1,0,44.0,3.9,303,184.82,0
ACC-06999,Enterprise,Healthcare,74,196,16,0.882,0.638,793.0,3,0,26.0,4.0,122,7465.85,0
ACC-07000,Growth,FinTech,11,263,10,0.521,0.473,285.0,2,0,48.0,3.6,191,527.85,0
ACC-07001,Growth,E-commerce,12,705,6,0.441,0.52,59.0,0,0,17.0,3.0,90,529.78,0
ACC-07002,Enterprise,FinTech,110,136,25,0.891,0.765,571.0,1,0,38.0,5.0,358,9387.35,0
ACC-07003,Growth,SaaS,27,283,16,0.678,0.47,74.0,0,0,,4.5,185,1318.57,0
ACC-07004,Growth,SaaS,39,142,19,0.622,0.473,194.0,1,1,61.0,4.1,156,1150.51,0
ACC-07005,Enterprise,SaaS,107,407,27,0.907,0.605,581.0,0,0,31.0,3.5,270,14602.61,0
ACC-07006,Growth,Other,8,284,11,0.711,0.442,191.0,1,1,63.0,3.5,158,454.25,0
ACC-07007,Enterprise,Healthcare,89,737,17,0.446,0.532,727.0,1,0,60.0,3.7,213,9131.61,0
ACC-07008,Starter,SaaS,359,693,0,0.555,0.335,24.0,1,0,,5.0,145,101.58,0
ACC-07009,Starter,E-commerce,5,797,2,0.226,0.054,29.0,4,0,23.0,3.0,173,80.37,0
ACC-07010,Growth,Healthcare,27,380,12,0.757,0.534,194.0,3,1,76.0,3.8,60,910.42,0
ACC-07011,Starter,FinTech,1,484,0,,0.507,81.0,3,2,,3.2,312,73745.38959228966,1
ACC-07012,Enterprise,FinTech,27,775,15,0.729,0.788,874.0,3,0,9.0,2.7,16,2799.54,0
ACC-07013,Starter,Healthcare,5,645,7,0.37,0.252,70.0,0,0,35.0,5.0,111,80.63,0
ACC-07014,Growth,SaaS,37,854,17,0.711,0.436,,0,0,44.0,3.5,147,1897.89,0
ACC-07015,Starter,E-commerce,7,883,4,0.445,0.164,0.0,6,3,,2.7,223,161.65,1
ACC-07016,Enterprise,SaaS,51,80,21,0.735,0.653,582.0,0,0,92.0,3.8,343,5305.02,0
ACC-07017,Starter,SaaS,3,222,15,0.478,0.252,63.0,2,1,18.0,3.8,370,56.95,0
ACC-07018,Starter,Healthcare,7,643,0,0.052,0.344,62.0,1,0,37.0,2.8,24,77.33,0
ACC-07019,Starter,Healthcare,6,101,12,0.455,,29.0,2,0,,4.9,314,107.79,0
ACC-07020,Growth,Other,32,89,15,0.649,0.659,214.0,2,1,32.0,5.0,127,1781.53,0
ACC-07021,Enterprise,SaaS,121,135,26,0.714,0.768,532.0,2,2,86.0,3.6,312,13084.79,0
ACC-07022,Enterprise,Healthcare,114,77,24,0.582,0.753,688.0,3,0,43.0,4.6,47,13385.87,0
ACC-07023,Starter,Other,2,603,4,0.276,0.213,9.0,1,0,59.0,3.1,47,28.34,1
ACC-07024,Growth,E-commerce,16,258,13,0.501,0.456,177.0,2,1,57.0,3.1,368,585.15,0
ACC-07025,Starter,Other,1,849,0,0.542,0.02,40.0,4,1,,5.0,148,17.49,0
ACC-07026,Growth,Other,34,104,11,,0.667,250.0,2,1,65.0,,53,1084.62,0
ACC-07027,Growth,Healthcare,24,418,13,0.95,0.669,264.0,2,0,,4.1,206,1084.37,0
ACC-07028,Starter,Other,3,601,8,0.261,0.194,32.0,1,1,45.0,2.8,145,33.76,0
ACC-07029,Growth,E-commerce,28,333,17,0.656,0.251,254.0,0,0,31.0,2.6,224,967.71,0
ACC-07030,Enterprise,FinTech,126,648,27,0.716,0.689,910.0,1,1,44.0,4.7,286,41646.85471569886,0
ACC-07031,Starter,Other,5,758,5,0.658,0.36,59.0,0,0,53.0,1.6,370,76.07,0
ACC-07032,Starter,Healthcare,5,580,12,0.467,0.373,6.0,0,0,25.0,4.3,160,85.15,0
ACC-07033,Starter,SaaS,9,551,8,,0.356,28.0,3,0,42.0,5.0,139,217.18,0
ACC-07034,Starter,FinTech,7,523,1,0.427,0.395,53.0,4,0,30.0,3.7,274,113.22,0
ACC-07035,Starter,SaaS,4,894,6,,0.225,5.0,3,2,32.0,4.3,346,54.05,0
ACC-07036,Growth,Other,17,706,14,0.745,0.404,197.0,1,0,43.0,3.8,72,849.22,0
ACC-07037,Starter,SaaS,2,67,3,0.398,0.202,33.0,1,0,72.0,5.0,140,52.64,0
ACC-07038,Growth,FinTech,21,698,8,0.588,0.598,270.0,0,0,46.0,5.0,124,864.34,0
ACC-07039,Enterprise,E-commerce,177,160,15,0.539,0.674,544.0,0,0,62.0,2.7,33,13130.77,0
ACC-07040,Enterprise,SaaS,108,785,18,0.756,0.965,1078.0,2,0,61.0,4.3,392,11962.52,0
ACC-07041,Growth,Other,33,301,9,0.669,0.285,121.0,2,0,75.0,2.8,308,835.23,0
ACC-07042,Starter,FinTech,9,628,13,0.528,,73.0,1,1,26.0,4.3,268,92.3,0
ACC-07043,Starter,SaaS,8,668,0,0.672,0.406,3.0,3,0,33.0,3.9,146,124.61,0
ACC-07044,Starter,SaaS,9,329,8,0.695,0.406,4.0,3,1,56.0,4.1,240,244.13,0
ACC-07045,Enterprise,Healthcare,136,867,22,0.787,0.669,380.0,1,0,58.0,5.0,257,15351.39,0
ACC-07046,Enterprise,E-commerce,135,478,16,0.682,0.495,,0,0,59.0,2.6,52,7988.25,0
ACC-07047,Starter,FinTech,8,388,6,0.636,0.312,37.0,1,1,40.0,4.7,305,122.35,0
ACC-07048,Starter,FinTech,9,448,5,0.524,0.342,29.0,1,0,93.0,2.4,191,117.95,0
ACC-07049,Growth,Other,39,286,13,,0.633,117.0,0,0,61.0,4.1,369,1525.06,0
ACC-07050,Starter,Healthcare,8,109,10,0.353,0.206,0.0,1,0,60.0,4.1,30,173.19,0
ACC-07051,Enterprise,Healthcare,163,883,23,0.738,0.82,811.0,1,0,8.0,5.0,229,14065.08,0
ACC-07052,Starter,FinTech,6,733,4,0.408,0.29,32.0,1,0,24.0,3.4,232,113.57,0
ACC-07053,Starter,Other,9,735,0,0.06,0.489,83.0,3,0,-1.0,2.8,294,143.36,0
ACC-07054,Growth,Healthcare,23,822,14,0.464,0.894,179.0,0,0,21.0,5.0,287,1144.06,0
ACC-07055,Starter,FinTech,5,556,4,0.282,0.317,20.0,0,0,65.0,4.1,100,86.62,0
ACC-07056,Starter,Other,472,886,5,0.556,0.221,3274.0,1,1,17.0,2.7,364,210.96,0
ACC-07057,Enterprise,Other,42,886,21,0.601,0.471,583.0,1,0,47.0,4.5,140,4245.97,0
ACC-07058,Starter,Healthcare,7,233,5,0.544,0.448,52.0,1,0,23.0,3.8,139,191.22,0
ACC-07059,Growth,Healthcare,17,404,14,0.374,0.533,165.0,2,1,48.0,3.1,96,815.26,0
ACC-07060,Starter,FinTech,6,98,18,,0.348,86.0,1,0,23.0,4.2,11,113.74,0
ACC-07061,Starter,E-commerce,1,636,10,0.435,0.547,0.0,2,0,49.0,,370,13.69,0
ACC-07062,Starter,SaaS,9,112,13,0.614,0.151,51.0,0,0,,3.5,387,182.19,0
ACC-07063,Starter,E-commerce,8,690,9,0.354,0.188,103.0,3,0,27.0,3.2,377,221.38,0
ACC-07064,Starter,FinTech,3,726,7,0.314,0.362,0.0,1,0,6.0,3.1,221,59.65,0
ACC-07065,Starter,FinTech,2,378,9,0.623,0.08,5.0,3,0,10.0,3.2,27,50.27,0
ACC-07066,Enterprise,Other,194,573,22,0.737,0.511,170.0,1,0,37.0,2.8,112,57777.1842542147,0
ACC-07067,Growth,SaaS,15,854,17,0.176,0.546,192.0,1,1,27.0,4.1,234,727.76,1
ACC-07068,Enterprise,Healthcare,128,683,20,0.515,0.456,970.0,0,0,11.0,4.4,383,9625.77,0
ACC-07069,Growth,FinTech,31,404,7,,0.584,137.0,4,1,26.0,3.9,348,917.39,0
ACC-07070,Growth,SaaS,18,816,6,0.488,0.562,20.0,0,0,-9.0,3.8,376,737.8,0
ACC-07071,Growth,SaaS,11,49,15,0.493,0.537,84.0,0,0,21.0,4.6,31,624.16,0
ACC-07072,Starter,FinTech,403,214,2,0.6,0.023,21.0,1,0,40.0,2.9,326,73.61,0
ACC-07073,Starter,FinTech,3,304,10,0.47,0.359,0.0,0,0,25.0,4.0,249,61.34,0
ACC-07074,Growth,FinTech,16,336,19,0.535,0.441,196.0,3,0,20.0,4.3,177,472.21,0
ACC-07075,Growth,E-commerce,33,609,12,0.65,0.54,280.0,4,2,19.0,3.6,191,1933.7,0
ACC-07076,Growth,FinTech,16,716,18,0.492,0.29,165.0,0,0,58.0,4.2,359,584.67,0
ACC-07077,Starter,SaaS,3,61,8,0.597,0.31,68.0,2,1,4.0,,320,58.53,0
ACC-07078,Enterprise,FinTech,108,243,20,0.867,0.613,678.0,2,0,15.0,3.2,352,7210.46,0
ACC-07079,Starter,SaaS,4,738,7,0.571,0.448,0.0,1,0,18.0,4.1,119,65.31,0
ACC-07080,Enterprise,SaaS,193,462,16,0.743,0.763,653.0,2,1,65.0,3.6,41,23056.17,0
ACC-07081,Enterprise,SaaS,156,288,16,0.654,0.883,309.0,2,0,79.0,5.0,307,14741.88,0
ACC-07082,Enterprise,Healthcare,135,406,13,,0.712,394.0,3,0,62.0,2.7,328,13021.33,1
ACC-07083,Growth,Healthcare,23,550,10,0.71,0.423,,0,0,28.0,3.0,81,679.72,0
ACC-07084,Starter,Other,3,541,17,0.552,0.112,22.0,1,1,53.0,4.5,118,62.58,0
ACC-07085,Growth,Healthcare,12,748,6,0.348,,0.0,2,1,41.0,4.0,356,462.69,0
ACC-07086,Growth,E-commerce,34,889,8,0.393,0.578,91.0,1,0,,3.2,244,1465.63,0
ACC-07087,Growth,FinTech,4,729,9,0.342,0.422,72.0,2,0,61.0,2.8,338,1880.3,0
ACC-07088,Starter,SaaS,1,105,4,0.664,0.307,81.0,1,1,-2.0,3.7,338,15.3,0
ACC-07089,Starter,E-commerce,1,387,8,0.365,0.259,3.0,4,0,58.0,4.3,175,22.78,0
ACC-07090,Starter,FinTech,2,443,4,0.755,0.382,27.0,3,0,54.0,2.6,8,31.09,0
ACC-07091,Growth,SaaS,23,571,12,0.567,0.629,47.0,2,0,18.0,4.3,127,1363.06,0
ACC-07092,Growth,Other,23,863,9,0.616,0.672,174.0,1,0,21.0,3.7,302,760.58,1
ACC-07093,Enterprise,SaaS,44,409,18,0.665,0.584,611.0,2,1,,5.0,262,5828.72,0
ACC-07094,Growth,SaaS,6,322,13,0.328,,228.0,0,0,62.0,4.4,110,237.75,0
ACC-07095,Growth,Other,33,811,12,0.387,0.525,252.0,1,0,44.0,3.3,221,1089.38,0
ACC-07096,Starter,FinTech,6,670,16,0.275,0.437,24.0,2,0,14.0,5.0,64,116.86,0
ACC-07097,Growth,FinTech,39,420,13,0.156,0.415,233.0,1,0,53.0,4.4,84,2253.89,0
ACC-07098,Starter,SaaS,4,837,6,0.405,0.257,97.0,1,1,25.0,5.0,22,64.05,1
ACC-07099,Starter,FinTech,6,282,0,0.519,0.319,41.0,6,0,11.0,2.8,259,133.0,1
ACC-07100,Starter,Other,5,227,8,0.481,0.448,19.0,1,1,59.0,4.1,53,136.96,0
ACC-07101,Starter,Healthcare,5,32,0,0.257,0.336,0.0,1,0,48.0,,113,122.67,0
ACC-07102,Starter,FinTech,2,86,9,0.641,0.254,0.0,3,1,37.0,3.2,213,25.55,0
ACC-07103,Growth,FinTech,32,779,14,,0.34,229.0,1,0,81.0,3.7,387,1521.69,0
ACC-07104,Starter,FinTech,7,81,11,,0.259,56.0,2,0,32.0,3.5,189,100.7,0
ACC-07105,Starter,E-commerce,3,691,4,0.24,0.406,44.0,1,0,10.0,4.1,278,66.27,0
ACC-07106,Starter,SaaS,9,78,7,0.312,0.134,51.0,2,0,50.0,4.2,381,107.92,0
ACC-07107,Growth,SaaS,16,218,16,,0.662,57.0,2,0,,3.8,150,810.76,0
ACC-07108,Growth,Healthcare,7,324,9,0.664,0.661,161.0,2,0,59.0,4.2,127,410.0,0
ACC-07109,Starter,Other,9,204,10,0.431,0.507,27.0,3,1,52.0,4.6,314,165.25,0
ACC-07110,Starter,Other,2,125,10,0.696,0.299,68.0,2,0,17.0,2.5,168,30.92,0
ACC-07111,Enterprise,Other,98,889,19,0.8,0.558,0.0,2,1,3.0,2.7,257,9628.14,0
ACC-07112,Growth,E-commerce,6,372,20,0.427,0.676,190.0,0,0,38.0,3.0,190,253.67,0
ACC-07113,Growth,Healthcare,21,388,15,0.564,0.518,,5,2,13.0,2.9,150,1258.11,0
ACC-07114,Growth,Other,32,682,5,0.499,0.76,94.0,4,2,25.0,4.2,144,1341.53,0
ACC-07115,Enterprise,SaaS,27,823,24,0.724,0.773,763.0,1,1,33.0,4.9,290,3194.21,0
ACC-07116,Enterprise,FinTech,103,278,17,0.698,0.788,573.0,1,0,64.0,2.6,299,11361.69,0
ACC-07117,Starter,SaaS,9,415,11,0.562,0.107,64.0,1,0,62.0,2.3,318,180.19,0
ACC-07118,Growth,Other,36,438,14,0.318,0.264,266.0,2,0,-2.0,3.7,375,1155.72,0
ACC-07119,Starter,Other,8,244,0,0.179,0.424,81.0,0,0,63.0,3.8,380,85.16,0
ACC-07120,Growth,Healthcare,21,126,16,0.508,0.506,167.0,4,2,35.0,2.2,336,1058.89,0
ACC-07121,Starter,FinTech,5,830,6,0.309,0.18,35.0,1,0,24.0,5.0,188,102.16,1
ACC-07122,Starter,Other,2,632,5,0.387,0.25,64.0,1,0,41.0,3.4,201,20.98,0
ACC-07123,Enterprise,SaaS,25,615,18,1.0,0.76,591.0,3,3,28.0,4.8,174,1597.54,0
ACC-07124,Enterprise,SaaS,146,295,24,0.734,0.812,347.0,3,0,20.0,3.7,179,12419.08,0
ACC-07125,Starter,E-commerce,5,599,3,0.356,0.381,48.0,1,0,47.0,3.7,260,122.49,0
ACC-07126,Enterprise,Healthcare,131,133,25,0.739,0.611,268.0,0,0,53.0,3.8,226,9357.48,0
ACC-07127,Starter,Other,7,118,0,0.587,0.074,27.0,0,0,59.0,4.5,221,96.81,0
ACC-07128,Growth,FinTech,16,859,14,0.603,0.186,110.0,2,0,35.0,3.9,386,855.09,0
ACC-07129,Enterprise,FinTech,170,216,23,0.388,0.464,386.0,1,0,92.0,4.1,193,22898.43,0
ACC-07130,Starter,FinTech,7,695,10,0.633,0.02,11.0,4,1,52.0,3.3,128,193.33,1
ACC-07131,Growth,SaaS,13,260,14,0.687,0.472,0.0,2,1,32.0,4.3,112,700.66,0
ACC-07132,Growth,Other,11,591,12,0.437,0.572,249.0,3,0,66.0,3.1,124,456.55,0
ACC-07133,Starter,FinTech,1,556,5,0.742,,0.0,0,0,12.0,4.4,166,17.06,0
ACC-07134,Growth,SaaS,17,654,7,0.583,0.665,277.0,1,0,11.0,,222,748.31,0
ACC-07135,Starter,FinTech,9,859,4,0.207,0.123,0.0,2,1,43.0,3.8,293,118.55,1
ACC-07136,Growth,Healthcare,33,390,9,0.693,0.389,235.0,2,0,-14.0,4.0,60,1306.64,0
ACC-07137,Starter,Other,3,781,2,0.429,0.617,59.0,2,0,,2.6,264,76.41,0
ACC-07138,Starter,SaaS,6,278,15,,0.225,25.0,1,0,,5.0,327,145.38,0
ACC-07139,Growth,SaaS,15,867,5,0.694,0.455,231.0,2,0,69.0,3.1,134,698.99,1
ACC-07140,Starter,Other,8,456,12,,0.244,29.0,0,0,,4.9,122,124.78,0
ACC-07141,Growth,E-commerce,14,761,7,0.571,,195.0,5,1,70.0,2.9,50,379.79,0
ACC-07142,Growth,FinTech,35,745,8,0.371,0.49,0.0,2,0,5.0,4.8,9,2043.39,1
ACC-07143,Growth,SaaS,26,576,8,0.717,0.688,113.0,6,1,44.0,3.3,3,1253.28,1
ACC-07144,Starter,Other,4,867,2,0.356,0.266,63.0,0,0,63.0,4.6,38,62.02,0
ACC-07145,Enterprise,Healthcare,93,612,24,0.667,0.817,705.0,4,1,75.0,3.8,294,9571.81,0
ACC-07146,Growth,SaaS,6,550,16,0.415,0.706,60.0,1,0,,2.8,253,208.03,0
ACC-07147,Starter,SaaS,7,238,6,0.421,0.249,42.0,1,1,63.0,4.8,148,168.45,0
ACC-07148,Growth,SaaS,24,347,25,0.21,0.486,388.0,1,0,80.0,4.0,365,865.72,0
ACC-07149,Growth,SaaS,11,19,13,0.996,0.501,168.0,1,1,20.0,2.6,104,333.75,0
ACC-07150,Growth,SaaS,34,650,13,0.887,0.434,257.0,2,0,57.0,,14,1715.11,0
ACC-07151,Growth,SaaS,15,551,10,,0.912,188.0,0,0,23.0,4.1,366,509.93,0
ACC-07152,Growth,SaaS,17,631,9,0.825,0.325,82.0,0,0,35.0,3.5,75,816.31,0
ACC-07153,Enterprise,FinTech,43,571,18,0.617,0.619,,1,1,74.0,3.5,351,5212.82,0
ACC-07154,Growth,FinTech,14,233,17,0.573,0.551,179.0,1,1,12.0,4.4,269,69127.70441244241,0
ACC-07155,Enterprise,FinTech,122,899,23,0.68,0.668,661.0,1,0,46.0,3.1,397,10033.49,0
ACC-07156,Growth,Healthcare,16,399,19,0.64,0.467,125.0,2,1,17.0,3.3,232,789.59,0
ACC-07157,Enterprise,SaaS,157,633,17,0.74,0.665,853.0,3,1,99.0,3.8,141,18477.63,0
ACC-07158,Enterprise,Other,57,132,23,0.787,0.874,442.0,2,0,30.0,2.7,145,7827.93,0
ACC-07159,Starter,Other,2,542,8,,0.101,58.0,2,2,41.0,3.9,179,25.5,1
ACC-07160,Starter,Other,1,370,9,0.342,0.377,83.0,2,0,60.0,2.7,256,20.7,0
ACC-07161,Growth,SaaS,14,835,9,0.529,0.572,97.0,0,0,27.0,4.2,176,749.91,0
ACC-07162,Growth,SaaS,13,689,8,0.508,0.684,57.0,1,0,25.0,3.1,61,363.66,0
ACC-07163,Growth,E-commerce,7,842,15,0.62,0.326,42.0,1,0,52.0,3.4,83,184.06,0
ACC-07164,Growth,SaaS,27,292,17,0.359,0.658,347.0,3,0,63.0,,367,742.62,0
ACC-07165,Enterprise,SaaS,142,598,17,0.734,0.663,311.0,0,0,23.0,3.6,81,10131.87,0
ACC-07166,Starter,SaaS,9,574,10,0.519,0.438,3.0,4,1,35.0,2.6,284,228.35,1
ACC-07167,Growth,E-commerce,579,236,18,0.711,0.511,231.0,6,0,45.0,4.1,298,1101.34,0
ACC-07168,Starter,Healthcare,5,304,5,0.519,0.412,51.0,1,0,59.0,3.2,40,61.38,0
ACC-07169,Growth,SaaS,11,611,7,0.634,0.595,2940.0,2,0,35.0,4.1,296,452.44,0
ACC-07170,Starter,Other,1,144,1,0.63,0.401,46.0,1,0,17.0,3.9,73,15.0,0
ACC-07171,Growth,Healthcare,17,368,10,0.586,0.298,153.0,1,1,4.0,4.2,138,882.7,0
ACC-07172,Growth,SaaS,15,670,11,0.456,0.657,71.0,1,0,20.0,4.4,332,891.31,0
ACC-07173,Growth,FinTech,30,759,13,0.462,0.419,180.0,4,1,52.0,2.9,37,1779.81,0
ACC-07174,Growth,SaaS,9,536,13,0.639,0.424,83.0,5,0,40.0,3.7,94,270.55,0
ACC-07175,Starter,Other,506,607,6,0.15,0.496,28.0,0,0,36.0,5.0,333,66.75,0
ACC-07176,Starter,Healthcare,1,745,10,0.289,0.257,82.0,1,0,36.0,3.2,38,14.33,0
ACC-07177,Starter,Healthcare,4,218,4,0.366,0.313,41.0,4,0,45.0,3.3,157,88.48,0
ACC-07178,Enterprise,Healthcare,613,615,26,0.907,0.515,141.0,2,0,54.0,3.1,66,6565.15,0
ACC-07179,Enterprise,FinTech,27,665,24,0.669,0.833,428.0,2,0,13.0,4.0,78,3607.94,0
ACC-07180,Starter,Other,5,738,11,0.518,0.411,90.0,1,0,-15.0,3.5,106,137.94,0
ACC-07181,Starter,Other,4,552,4,0.02,0.384,57.0,2,0,28.0,2.8,153,52.9,0
ACC-07182,Growth,Healthcare,7,151,12,0.292,0.231,171.0,1,0,15.0,4.0,347,257.81,0
ACC-07183,Growth,FinTech,14,58,16,0.463,0.898,19.0,0,0,5.0,3.5,274,494.14,0
ACC-07184,Starter,SaaS,4,558,6,0.478,0.425,98.0,2,1,34.0,3.6,309,104.75,1
ACC-07185,Starter,SaaS,9,259,4,0.02,,2.0,2,0,8.0,3.9,325,150.47,1
ACC-07186,Starter,SaaS,1,339,4,0.877,0.044,89.0,1,1,85.0,4.3,337,13.8,0
ACC-07187,Starter,E-commerce,6,423,4,0.21,0.217,30.0,0,0,28.0,,394,93.28,0
ACC-07188,Starter,Healthcare,5,675,2,0.553,0.441,0.0,0,0,27.0,3.0,339,94.92,0
ACC-07189,Starter,Other,5,327,20,0.244,0.134,53.0,2,1,90.0,4.4,209,59.4,0
ACC-07190,Growth,SaaS,32,527,4,0.823,0.578,131.0,2,0,62.0,5.0,98,1763.56,0
ACC-07191,Growth,SaaS,13,455,9,0.496,0.698,187.0,2,1,39.0,,233,715.0,0
ACC-07192,Starter,SaaS,4,62,10,0.345,0.362,94.0,1,0,22.0,3.8,152,54.44,1
ACC-07193,Growth,Other,37,626,10,0.657,0.497,168.0,4,1,32.0,2.5,9,2158.34,1
ACC-07194,Growth,Healthcare,34,486,11,0.637,0.555,129.0,1,0,69.0,3.1,219,1846.14,0
ACC-07195,Growth,FinTech,18,209,15,0.582,0.472,,3,0,,4.5,224,825.33,0
ACC-07196,Enterprise,E-commerce,43,673,25,0.681,0.788,528.0,1,0,49.0,3.2,316,5005.08,0
ACC-07197,Starter,E-commerce,5,102,6,0.482,0.395,0.0,3,0,49.0,4.8,266,81.46,0
ACC-07198,Enterprise,SaaS,139,246,24,0.718,0.752,430.0,1,1,60.0,2.9,50,18577.47,0
ACC-07199,Growth,SaaS,30,225,5,0.723,0.456,317.0,2,1,28.0,3.0,39,1424.83,0
ACC-07200,Growth,FinTech,7,593,10,0.522,0.519,153.0,1,0,78.0,2.4,352,330.18,0
ACC-07201,Starter,SaaS,9,891,9,0.556,0.053,0.0,3,1,,4.0,378,243.73,0
ACC-07202,Starter,E-commerce,4,759,16,0.596,0.581,26.0,2,0,73.0,4.5,288,101.08,0
ACC-07203,Starter,FinTech,7,136,3,0.487,0.558,119.0,1,0,45.0,5.0,368,194.97,0
ACC-07204,Enterprise,Healthcare,158,71,15,0.796,0.712,901.0,0,0,41.0,4.0,248,18516.05,0
ACC-07205,Growth,E-commerce,30,713,15,0.308,0.596,252.0,1,1,44.0,3.6,277,1226.04,0
ACC-07206,Starter,E-commerce,8,526,7,0.504,0.161,,2,1,52.0,3.7,76,174.32,1
ACC-07207,Growth,Other,31,331,10,0.639,0.603,267.0,2,0,60.0,3.7,349,1544.77,0
ACC-07208,Starter,FinTech,4,800,2,0.539,0.356,24.0,0,0,92.0,4.3,272,56378.77041696974,0
ACC-07209,Starter,E-commerce,6,172,5,0.585,0.257,112.0,1,1,,4.1,64,103.81,1
ACC-07210,Growth,SaaS,13,126,15,0.675,0.685,276.0,1,0,36.0,3.8,56,450.06,0
ACC-07211,Growth,Healthcare,21,456,12,0.448,0.868,78.0,1,0,41.0,4.8,165,623.76,0
ACC-07212,Growth,E-commerce,35,252,18,0.613,0.606,178.0,1,0,,5.0,3,1409.48,0
ACC-07213,Growth,SaaS,11,219,12,0.592,0.474,,1,1,24.0,3.8,86,420.79,0
ACC-07214,Growth,SaaS,468,568,16,0.429,0.698,141.0,1,0,37.0,4.0,78,591.0,0
ACC-07215,Enterprise,Healthcare,45,284,21,0.832,0.594,436.0,2,1,82.0,4.6,18,6051.55,0
ACC-07216,Starter,E-commerce,9,532,5,0.548,0.63,30.0,0,0,31.0,4.9,25,153.8,0
ACC-07217,Growth,E-commerce,18,516,17,0.757,0.535,190.0,1,0,12.0,4.3,180,555.05,0
ACC-07218,Growth,FinTech,26,716,8,,0.563,,2,0,89.0,4.0,253,1457.14,0
ACC-07219,Starter,E-commerce,9,878,5,0.362,,90.0,0,0,-14.0,3.7,249,237.05,0
ACC-07220,Starter,E-commerce,5,571,5,0.521,,61.0,2,0,25.0,3.6,317,113.14,0
ACC-07221,Starter,SaaS,3,268,9,0.342,0.439,27.0,4,0,59.0,2.2,234,67.88,0
ACC-07222,Starter,E-commerce,1,524,10,0.391,0.05,60.0,1,0,47.0,3.7,366,22.86,0
ACC-07223,Growth,E-commerce,16,441,9,,0.427,237.0,1,0,34.0,3.2,109,560.75,0
ACC-07224,Starter,Healthcare,2,414,3,0.405,0.263,31.0,2,1,3.0,3.2,198,28.16,1
ACC-07225,Growth,FinTech,31,319,13,0.53,0.41,293.0,3,1,41.0,2.7,25,1335.07,0
ACC-07226,Starter,FinTech,5,83,0,0.387,0.317,21.0,1,0,14.0,4.4,190,134.0,0
ACC-07227,Starter,Other,5,232,12,0.394,0.261,70.0,1,0,35.0,4.7,319,69.45,0
ACC-07228,Starter,Other,2,537,6,0.48,0.084,68.0,0,0,,1.9,59,34.94,1
ACC-07229,Starter,SaaS,5,76,2,0.63,0.095,6.0,3,0,29.0,3.7,318,133.16,1
ACC-07230,Enterprise,Other,63,152,15,0.545,0.743,35.0,2,0,27.0,3.9,262,61283.83193132626,1
ACC-07231,Starter,SaaS,1,519,8,0.217,0.298,,1,0,74.0,4.7,155,41125.544331909594,0
ACC-07232,Starter,Other,3,896,8,0.588,0.308,0.0,2,0,100.0,3.4,191,45.71,0
ACC-07233,Starter,SaaS,7,161,4,0.696,0.354,42.0,0,0,27.0,2.9,364,157.97,0
ACC-07234,Starter,FinTech,1,83,6,0.577,0.202,54.0,1,0,75.0,3.0,92,20.22,0
ACC-07235,Growth,Other,23,323,8,0.465,0.597,257.0,0,0,9.0,5.0,285,1055.53,0
ACC-07236,Growth,SaaS,14,81,12,0.561,0.512,217.0,1,1,,5.0,22,746.7,0
ACC-07237,Starter,Healthcare,2,807,14,0.699,0.395,8.0,1,0,48.0,3.9,282,43.64,0
ACC-07238,Growth,FinTech,30,711,23,0.524,0.87,42.0,2,1,-2.0,4.7,378,1097.12,0
ACC-07239,Growth,SaaS,11,117,12,0.752,0.199,184.0,4,0,19.0,4.1,112,534.1,0
ACC-07240,Enterprise,Other,48,103,22,0.759,0.727,891.0,0,0,27.0,3.0,300,4730.3,0
ACC-07241,Growth,E-commerce,31,493,15,0.589,0.563,224.0,1,0,45.0,3.4,144,1399.94,0
ACC-07242,Starter,Other,7,372,0,0.58,0.351,,2,0,44.0,3.2,360,99.28,0
ACC-07243,Growth,Other,33,628,8,1.0,0.409,,0,0,26.0,3.7,399,834.09,0
ACC-07244,Enterprise,SaaS,56,835,10,0.724,0.68,691.0,3,1,9.0,4.4,203,3340.46,0
ACC-07245,Growth,SaaS,11,310,15,0.647,0.515,149.0,0,0,-11.0,3.8,9,285.99,0
ACC-07246,Enterprise,FinTech,106,712,29,0.84,0.88,191.0,0,0,26.0,4.0,398,7767.88,0
ACC-07247,Enterprise,E-commerce,150,308,25,0.815,0.554,,1,0,34.0,2.9,363,17745.59,0
ACC-07248,Starter,SaaS,9,220,7,0.07,0.163,17.0,1,0,79.0,4.1,334,118.07,0
ACC-07249,Growth,FinTech,36,873,13,0.538,0.612,374.0,0,0,41.0,4.7,362,1039.55,0
ACC-07250,Growth,Healthcare,30,236,11,0.541,0.605,218.0,3,0,22.0,3.5,13,1354.55,0
ACC-07251,Growth,SaaS,21,140,18,0.528,0.403,0.0,1,1,74.0,,265,1123.55,0
ACC-07252,Growth,Healthcare,11,538,14,,,249.0,0,0,51.0,2.6,350,434.93,0
ACC-07253,Enterprise,FinTech,185,541,20,0.831,0.782,497.0,2,1,34.0,2.7,334,14354.37,0
ACC-07254,Growth,SaaS,23,444,8,0.566,0.772,242.0,0,0,-6.0,4.3,312,1220.96,0
ACC-07255,Growth,SaaS,9,91,16,0.545,0.772,286.0,1,0,18.0,3.3,371,385.71,0
ACC-07256,Starter,SaaS,8,117,6,0.839,0.319,38.0,1,0,39.0,3.9,154,108.04,0
ACC-07257,Growth,E-commerce,28,685,15,0.714,0.55,105.0,3,3,28.0,3.5,363,1425.78,0
ACC-07258,Enterprise,SaaS,86,154,24,0.729,0.501,759.0,1,0,51.0,4.9,380,5239.26,0
ACC-07259,Growth,Healthcare,39,258,6,0.462,0.575,298.0,1,0,45.0,,9,2195.47,0
ACC-07260,Starter,Healthcare,2,725,6,0.392,0.183,75.0,2,0,-20.0,,308,55.58,0
ACC-07261,Enterprise,SaaS,130,313,18,0.583,0.766,769.0,2,0,32.0,3.9,171,12003.18,0
ACC-07262,Enterprise,Other,160,319,18,0.582,0.643,853.0,0,0,47.0,4.4,211,15924.34,1
ACC-07263,Growth,Other,21,825,8,0.5,0.659,131.0,0,0,74.0,2.7,182,652.28,0
ACC-07264,Starter,SaaS,2,721,4,0.363,0.152,,0,0,-1.0,3.8,342,45.39,0
ACC-07265,Growth,Other,27,641,8,0.338,0.505,169.0,1,0,16.0,3.0,9,843.2,0
ACC-07266,Starter,SaaS,8,182,11,,0.39,48.0,2,1,46.0,5.0,298,52191.79698709464,0
ACC-07267,Starter,E-commerce,3,266,9,,0.318,0.0,1,0,12.0,2.8,361,57.3,0
ACC-07268,Growth,SaaS,30,545,14,0.677,0.471,131.0,1,0,51.0,3.9,138,1738.39,0
ACC-07269,Enterprise,Healthcare,364,757,11,0.85,0.42,483.0,4,1,42.0,4.4,102,4165.43,1
ACC-07270,Starter,Other,3,461,16,0.787,0.5,0.0,0,0,55.0,3.8,140,82.79,0
ACC-07271,Enterprise,Other,198,672,18,0.798,0.559,678.0,1,0,98.0,3.9,231,18879.18,0
ACC-07272,Enterprise,Other,89,303,28,0.94,0.884,,0,0,30.0,3.5,44,12219.53,0
ACC-07273,Starter,SaaS,4,337,10,0.347,0.438,83.0,0,0,27.0,3.1,381,54.91,0
ACC-07274,Starter,E-commerce,2,553,6,0.489,0.062,59.0,0,0,64.0,3.6,278,54.62,0
ACC-07275,Growth,SaaS,30,516,22,0.572,0.596,424.0,1,0,86.0,4.9,35,1164.83,0
ACC-07276,Growth,SaaS,12,124,16,0.392,0.445,86.0,1,0,58.0,4.5,372,397.82,0
ACC-07277,Starter,SaaS,2,358,6,0.281,0.271,63.0,1,0,67.0,4.0,257,48.42,0
ACC-07278,Growth,Other,24,772,11,0.594,0.353,138.0,3,1,34.0,5.0,110,646.94,0
ACC-07279,Growth,Healthcare,10,486,18,0.226,0.568,3108.0,1,0,50.0,5.0,325,366.58,0
ACC-07280,Growth,SaaS,33,672,11,0.794,0.59,83.0,4,1,31.0,4.2,69,1394.56,0
ACC-07281,Growth,Other,31,746,11,0.478,,,1,0,3.0,3.3,217,1480.51,0
ACC-07282,Starter,Healthcare,7,268,4,0.349,0.582,1.0,1,0,37.0,3.7,275,76.55,0
ACC-07283,Starter,FinTech,1,222,4,0.261,0.195,,3,1,42.0,,97,27.56,0
ACC-07284,Starter,FinTech,3,528,4,0.42,0.328,22.0,3,0,33.0,2.4,272,71.06,0
ACC-07285,Enterprise,Healthcare,83,439,28,1.0,0.839,772.0,0,0,66.0,3.8,44,9556.0,0
ACC-07286,Enterprise,E-commerce,196,813,25,1.0,0.787,862.0,0,0,55.0,2.9,172,21657.06,0
ACC-07287,Growth,FinTech,583,175,14,0.784,0.544,,1,0,50.0,3.2,203,216.06,0
ACC-07288,Starter,E-commerce,4,388,5,0.75,0.298,50.0,0,0,22.0,3.8,118,71.75,0
ACC-07289,Growth,SaaS,23,57,11,0.429,0.315,249.0,1,0,39.0,4.0,125,1262.96,0
ACC-07290,Starter,E-commerce,1,335,5,0.512,0.359,14.0,1,0,26.0,3.0,67,10.2,0
ACC-07291,Starter,FinTech,5,534,15,0.687,0.302,29.0,1,0,31.0,2.0,286,118.71,0
ACC-07292,Starter,FinTech,5,721,8,0.564,,21.0,4,2,32.0,3.8,368,117.17,0
ACC-07293,Enterprise,SaaS,121,761,23,0.629,0.77,398.0,0,0,45.0,3.8,362,7582.76,0
ACC-07294,Starter,E-commerce,8,15,8,0.471,0.163,27.0,2,0,40.0,5.0,103,112.58,0
ACC-07295,Growth,FinTech,31,786,9,0.566,0.489,66.0,1,0,16.0,3.7,66,1523.81,0
ACC-07296,Enterprise,FinTech,131,622,20,0.666,0.812,478.0,2,0,39.0,4.1,193,16523.4,0
ACC-07297,Growth,SaaS,12,192,8,0.559,0.545,171.0,1,0,53.0,3.4,183,673.78,0
ACC-07298,Starter,Other,5,205,12,0.389,0.108,70.0,2,1,55.0,3.1,237,53.5,0
ACC-07299,Enterprise,SaaS,173,702,17,0.815,0.454,799.0,3,0,11.0,4.8,245,39119.29990483192,0
ACC-07300,Growth,FinTech,39,629,10,0.812,0.869,114.0,2,0,38.0,2.6,162,1760.86,0
ACC-07301,Growth,SaaS,6,196,17,0.615,0.376,183.0,1,0,,3.6,34,255.69,0
ACC-07302,Growth,Healthcare,11,401,10,0.811,0.41,247.0,4,0,23.0,5.0,3,566.18,0
ACC-07303,Enterprise,FinTech,188,774,19,0.477,0.674,761.0,3,1,37.0,4.4,29,11196.56,0
ACC-07304,Growth,FinTech,13,31,1,0.635,0.65,183.0,2,1,55.0,4.4,180,742.45,0
ACC-07305,Growth,Other,18,467,12,0.702,0.826,,2,0,60.0,3.5,109,515.47,0
ACC-07306,Growth,Healthcare,15,788,16,0.418,0.457,170.0,1,0,,3.1,100,606.41,0
ACC-07307,Starter,E-commerce,8,17,4,0.429,0.333,43.0,3,1,,3.8,358,113.38,0
ACC-07308,Growth,FinTech,32,498,16,0.473,0.401,238.0,0,0,29.0,3.0,233,1195.79,0
ACC-07309,Starter,Other,1,508,7,0.528,0.447,13.0,1,0,44.0,4.6,355,11.52,0
ACC-07310,Starter,Other,2,291,12,0.509,0.367,58.0,1,0,27.0,3.4,218,45.31,0
ACC-07311,Starter,Healthcare,1,491,4,0.292,0.506,,3,1,16.0,3.2,306,19.91,0
ACC-07312,Starter,Healthcare,3,637,6,0.525,0.512,,3,1,66.0,5.0,54,80.82,0
ACC-07313,Starter,Other,9,265,0,0.338,0.535,25.0,1,1,52.0,4.2,366,167.31,0
ACC-07314,Growth,Other,24,453,13,0.604,0.29,97.0,1,0,58.0,2.8,20,1322.12,0
ACC-07315,Starter,SaaS,1,489,5,0.442,0.424,38.0,2,2,60.0,4.0,69,20.13,0
ACC-07316,Starter,Other,5,44,11,0.521,0.427,12.0,6,1,28.0,3.5,30,62.77,1
ACC-07317,Enterprise,Healthcare,118,202,17,0.771,0.647,,2,0,40.0,3.0,219,15201.32,0
ACC-07318,Enterprise,E-commerce,97,590,18,0.545,0.66,311.0,2,2,22.0,3.2,64,11946.93,0
ACC-07319,Growth,FinTech,38,447,10,0.471,0.618,180.0,1,0,57.0,4.5,76,1208.19,0
ACC-07320,Starter,FinTech,8,873,7,0.602,0.111,75.0,0,0,79.0,3.9,9,114.54,0
ACC-07321,Starter,Healthcare,4,767,16,0.472,0.498,49.0,2,1,63.0,3.7,229,45.75,0
ACC-07322,Starter,E-commerce,5,210,0,0.469,,29.0,1,1,46.0,2.6,41,114.27,0
ACC-07323,Starter,SaaS,1,897,7,,0.074,10.0,1,0,13.0,4.9,366,20.8,0
ACC-07324,Enterprise,E-commerce,59,778,25,0.681,0.792,948.0,1,1,,2.5,93,3407.9,0
ACC-07325,Growth,SaaS,30,386,11,0.606,0.489,38.0,3,1,46.0,3.3,126,1021.87,0
ACC-07326,Starter,FinTech,6,564,9,0.222,0.409,22.0,1,1,71.0,2.2,78,80.77,1
ACC-07327,Enterprise,E-commerce,416,261,25,0.885,0.97,642.0,1,0,46.0,4.1,316,12629.43,0
ACC-07328,Growth,E-commerce,36,83,12,0.854,0.702,236.0,3,1,39.0,3.2,362,1206.2,0
ACC-07329,Starter,SaaS,6,224,4,0.321,0.222,27.0,2,1,19.0,4.1,126,119.6,0
ACC-07330,Growth,SaaS,28,660,17,0.453,0.523,121.0,2,1,38.0,3.5,326,1284.72,0
ACC-07331,Starter,SaaS,7,519,9,0.537,0.441,47.0,0,0,52.0,3.9,283,158.2,0
ACC-07332,Enterprise,E-commerce,150,405,20,0.938,0.611,1174.0,1,0,55.0,3.7,58,15246.52,0
ACC-07333,Starter,Other,7,440,10,0.47,0.321,30.0,2,0,40.0,2.9,174,194.94,0
ACC-07334,Growth,Healthcare,37,717,17,0.591,0.665,297.0,0,0,13.0,4.4,371,1377.15,0
ACC-07335,Starter,Healthcare,5,630,7,1.0,0.174,34.0,1,0,71.0,4.0,59,99.42,0
ACC-07336,Enterprise,FinTech,31,577,21,0.71,0.816,634.0,1,0,56.0,,307,74961.14470178759,0
ACC-07337,Growth,SaaS,9,458,15,0.877,0.702,156.0,2,1,25.0,,172,230.77,0
ACC-07338,Growth,Other,34,16,11,0.622,0.58,176.0,1,0,74.0,4.6,297,1707.2,0
ACC-07339,Starter,E-commerce,4,309,12,0.567,,61.0,0,0,69.0,4.9,360,93.0,0
ACC-07340,Enterprise,SaaS,122,125,15,0.672,0.824,180.0,0,0,46.0,3.2,355,14785.75,0
ACC-07341,Growth,E-commerce,27,699,12,0.532,,61.0,1,0,28.0,4.2,79,1062.0,0
ACC-07342,Starter,E-commerce,4,326,10,0.069,0.296,71.0,1,0,28.0,4.8,305,47.02,0
ACC-07343,Enterprise,FinTech,192,231,15,0.64,0.656,939.0,1,1,38.0,4.8,18,21217.09,0
ACC-07344,Starter,SaaS,4,440,11,,0.27,83.0,3,1,-13.0,2.4,176,85.19,0
ACC-07345,Starter,E-commerce,2,439,8,0.496,0.319,23.0,0,0,49.0,4.0,153,39.65,0
ACC-07346,Growth,SaaS,38,839,19,0.647,0.34,200.0,1,0,40.0,,270,1446.59,0
ACC-07347,Starter,FinTech,8,172,10,0.552,0.325,41.0,2,1,30.0,4.7,353,179.15,0
ACC-07348,Growth,Healthcare,31,742,12,0.504,0.229,229.0,3,2,23.0,3.8,18,1070.87,0
ACC-07349,Starter,Other,2,205,8,0.206,0.638,94.0,1,0,58.0,4.0,101,47.24,0
ACC-07350,Starter,FinTech,3,724,8,0.534,0.375,60.0,2,0,14.0,4.0,74,63.89,0
ACC-07351,Starter,SaaS,1,490,16,0.6,0.401,73.0,1,0,55.0,4.1,42,26.27,0
ACC-07352,Starter,FinTech,8,492,7,0.828,0.296,,2,0,33.0,3.4,222,106.14,0
ACC-07353,Enterprise,SaaS,121,638,19,0.811,0.784,152.0,1,0,58.0,2.8,285,16801.2,0
ACC-07354,Growth,Other,34,96,12,0.828,0.657,136.0,1,0,16.0,3.3,91,955.96,0
ACC-07355,Growth,Healthcare,18,720,14,0.208,0.58,152.0,0,0,68.0,3.7,379,514.58,0
ACC-07356,Starter,FinTech,1,674,2,0.869,0.291,38.0,2,0,34.0,3.3,357,19.6,1
ACC-07357,Growth,Healthcare,17,189,11,0.746,0.69,217.0,2,0,44.0,3.4,167,683.0,0
ACC-07358,Starter,FinTech,1,90,2,0.566,0.346,45.0,4,0,6.0,4.6,147,19.27,1
ACC-07359,Starter,E-commerce,3,654,3,0.502,0.254,84.0,0,0,60.0,4.0,77,74.6,0
ACC-07360,Growth,Other,396,95,17,0.446,0.66,254.0,0,0,34.0,3.6,123,704.07,0
ACC-07361,Growth,SaaS,8,527,13,0.558,0.315,314.0,1,0,19.0,4.1,115,442.23,0
ACC-07362,Growth,FinTech,1,240,10,0.474,0.639,283.0,1,0,100.0,3.1,274,711.56,0
ACC-07363,Enterprise,Other,89,650,19,0.709,0.63,541.0,0,0,82.0,3.7,164,6896.56,0
ACC-07364,Enterprise,FinTech,65,831,19,0.557,0.727,529.0,1,0,-5.0,3.9,161,4988.07,0
ACC-07365,Starter,FinTech,3,759,7,0.468,0.289,74.0,2,1,33.0,3.2,385,59.39,0
ACC-07366,Starter,SaaS,5,678,0,,0.453,0.0,0,0,-11.0,4.6,320,80.77,0
ACC-07367,Starter,FinTech,3,583,2,0.257,,36.0,2,0,18.0,3.6,333,82.59,0
ACC-07368,Growth,E-commerce,13,81,7,0.396,0.726,40.0,1,0,1.0,,283,397.21,0
ACC-07369,Enterprise,FinTech,89,855,16,0.854,0.658,1060.0,3,1,37.0,3.1,61,10650.4,0
ACC-07370,Enterprise,SaaS,78,828,17,0.631,0.607,595.0,2,0,,3.1,259,5912.48,0
ACC-07371,Starter,FinTech,354,69,2,0.583,0.168,0.0,4,0,66.0,2.9,195,53.84,0
ACC-07372,Enterprise,E-commerce,61,708,23,0.687,0.763,2818.0,3,0,20.0,4.6,245,6612.13,0
ACC-07373,Growth,Other,6,108,21,0.227,0.638,63.0,0,0,62.0,4.0,94,241.37,0
ACC-07374,Enterprise,E-commerce,36,548,24,0.956,0.484,178.0,1,0,63.0,3.7,368,2895.47,0
ACC-07375,Growth,E-commerce,19,235,10,0.695,0.697,223.0,2,1,100.0,3.5,65,1016.04,0
ACC-07376,Starter,Healthcare,7,126,8,0.02,,15.0,0,0,48.0,2.5,353,96.12,0
ACC-07377,Starter,SaaS,6,218,7,0.533,0.202,50.0,3,0,42.0,4.2,47,106.17,0
ACC-07378,Enterprise,FinTech,91,297,17,0.685,0.564,675.0,1,0,8.0,3.0,143,8740.85,0
ACC-07379,Growth,SaaS,18,323,19,0.737,0.871,219.0,1,0,41.0,2.6,21,593.9,0
ACC-07380,Starter,FinTech,5,280,16,0.444,0.421,6.0,2,1,23.0,4.6,396,116.82,0
ACC-07381,Starter,Other,393,424,0,0.599,0.131,50.0,3,1,45.0,3.8,163,155.97,0
ACC-07382,Starter,FinTech,2,581,13,0.548,0.177,53.0,3,0,38.0,1.6,365,35.45,0
ACC-07383,Enterprise,Other,100,425,17,0.631,0.896,13.0,2,0,,2.8,138,8819.48,0
ACC-07384,Starter,SaaS,5,534,6,0.289,0.267,31.0,4,2,0.0,4.6,257,131.1,1
ACC-07385,Starter,FinTech,2,355,8,0.441,0.179,0.0,3,0,68.0,3.8,202,46.34,0
ACC-07386,Growth,FinTech,22,259,20,0.811,0.364,92.0,4,2,,,384,1034.53,0
ACC-07387,Growth,SaaS,15,145,14,0.507,0.375,34.0,1,0,48.0,4.1,262,713.15,0
ACC-07388,Starter,FinTech,8,289,9,0.375,0.362,0.0,1,0,38.0,2.8,17,53846.21822878903,0
ACC-07389,Starter,E-commerce,3,184,11,0.488,0.194,4.0,2,0,,3.5,92,46.77,0
ACC-07390,Starter,FinTech,5,473,12,0.258,0.419,0.0,1,0,37.0,5.0,113,93.31,0
ACC-07391,Starter,Other,4,593,9,0.724,0.334,40.0,0,0,81.0,5.0,73,79.32,0
ACC-07392,Starter,Other,7,763,12,0.122,0.394,58.0,1,0,41.0,3.3,78,182.74,0
ACC-07393,Starter,FinTech,2,275,4,0.435,,84.0,2,0,59.0,3.7,13,30.87,1
ACC-07394,Growth,Other,38,125,5,0.718,0.711,112.0,3,1,37.0,4.3,297,1623.42,0
ACC-07395,Enterprise,SaaS,126,736,28,0.649,0.885,398.0,1,0,32.0,4.6,328,14296.5,0
ACC-07396,Enterprise,SaaS,164,657,15,0.777,0.868,689.0,1,0,40.0,3.4,212,11224.64,0
ACC-07397,Starter,FinTech,5,294,5,0.178,0.557,43.0,0,0,41.0,3.4,292,123.39,0
ACC-07398,Starter,E-commerce,6,896,6,0.493,0.499,0.0,1,1,,3.4,109,142.43,0
ACC-07399,Enterprise,E-commerce,155,582,18,0.509,0.661,564.0,2,0,66.0,2.6,294,18829.75,0
ACC-07400,Growth,E-commerce,22,678,10,0.727,0.572,136.0,1,0,18.0,2.8,303,748.87,0
ACC-07401,Growth,Other,23,325,15,0.469,0.336,83.0,0,0,17.0,,53,1081.15,0
ACC-07402,Starter,SaaS,2,405,9,0.759,0.445,55.0,2,0,27.0,3.2,15,49.56,0
ACC-07403,Starter,Healthcare,558,323,10,0.436,0.285,63.0,1,0,42.0,3.4,83,13.09,0
ACC-07404,Growth,E-commerce,11,662,16,0.759,0.531,122.0,2,1,35.0,4.2,303,333.72,0
ACC-07405,Growth,FinTech,22,736,11,0.843,0.79,281.0,1,0,47.0,3.8,246,642.88,0
ACC-07406,Starter,FinTech,5,776,5,0.365,0.236,,2,2,27.0,3.4,294,65.19,1
ACC-07407,Enterprise,FinTech,145,308,25,0.841,0.73,758.0,1,0,77.0,5.0,78,11878.33,0
ACC-07408,Growth,FinTech,8,694,11,0.773,,311.0,2,0,31.0,4.5,245,383.03,0
ACC-07409,Growth,Healthcare,37,619,11,0.588,0.621,149.0,2,0,50.0,3.6,262,1643.72,0
ACC-07410,Starter,FinTech,2,25,11,0.512,0.529,11.0,1,1,,3.0,186,50.41,0
ACC-07411,Growth,SaaS,29,718,13,0.482,0.652,66.0,4,1,0.0,3.9,298,1610.42,0
ACC-07412,Growth,Healthcare,13,130,11,0.596,,287.0,1,1,15.0,3.5,211,412.81,0
ACC-07413,Starter,E-commerce,1,127,5,0.166,0.269,61.0,1,0,22.0,3.2,345,22.16,0
ACC-07414,Growth,Other,1,108,18,0.415,0.341,189.0,5,0,34.0,3.3,366,564.83,1
ACC-07415,Growth,E-commerce,11,500,16,0.382,0.605,95.0,0,0,64.0,3.8,230,476.31,0
ACC-07416,Enterprise,E-commerce,149,42,21,0.935,0.515,1012.0,0,0,,3.3,158,11892.97,0
ACC-07417,Starter,FinTech,1,461,2,0.261,0.234,0.0,1,0,51.0,3.2,201,14.13,0
ACC-07418,Enterprise,Healthcare,185,647,21,0.494,0.52,227.0,2,0,21.0,3.8,89,22943.83,0
ACC-07419,Growth,FinTech,29,488,12,0.816,0.465,50.0,1,0,24.0,4.4,384,857.29,0
ACC-07420,Starter,SaaS,8,250,3,0.478,0.125,13.0,2,0,91.0,5.0,81,194.58,1
ACC-07421,Starter,Other,9,309,4,,0.166,59.0,0,0,39.0,3.4,277,108.26,0
ACC-07422,Starter,Healthcare,8,653,10,0.293,0.219,30.0,0,0,26.0,4.8,71,181.08,0
ACC-07423,Starter,E-commerce,9,314,13,0.514,0.02,0.0,1,0,11.0,4.6,322,117.22,0
ACC-07424,Growth,FinTech,9,604,8,0.688,0.799,308.0,2,0,53.0,3.5,304,406.52,0
ACC-07425,Growth,Healthcare,37,623,9,0.367,0.483,,0,0,12.0,2.2,92,1916.0,0
ACC-07426,Starter,SaaS,6,477,10,0.513,0.378,0.0,1,0,1.0,3.6,6,139.24,0
ACC-07427,Enterprise,FinTech,61,343,18,0.528,0.529,541.0,1,0,,2.7,230,4711.21,0
ACC-07428,Starter,SaaS,4,66,9,0.392,0.435,69.0,2,0,22.0,3.4,344,103.1,0
ACC-07429,Growth,SaaS,10,673,11,0.883,0.717,0.0,5,2,70.0,3.4,136,301.88,0
ACC-07430,Enterprise,SaaS,28,284,23,0.99,0.868,870.0,0,0,56.0,4.0,378,2132.47,0
ACC-07431,Enterprise,Healthcare,46,416,14,0.877,0.542,795.0,3,0,17.0,2.8,207,5185.52,1
ACC-07432,Growth,SaaS,12,38,15,0.475,,341.0,1,1,53.0,3.9,314,498.08,0
ACC-07433,Growth,Healthcare,21,671,4,0.231,0.962,158.0,0,0,4.0,3.9,161,1069.35,0
ACC-07434,Starter,Other,2,820,11,0.603,0.149,42.0,1,0,-7.0,3.6,130,29.43,0
ACC-07435,Starter,SaaS,2,792,7,0.741,0.556,67.0,1,0,77.0,4.1,126,29.57,0
ACC-07436,Growth,Healthcare,33,287,15,0.739,0.678,243.0,2,0,83.0,3.4,129,1324.56,0
ACC-07437,Starter,FinTech,2,92,8,0.634,0.286,26.0,2,1,19.0,2.7,113,35.1,0
ACC-07438,Starter,Other,5,98,0,0.351,0.413,2.0,2,0,7.0,,79,70.43,1
ACC-07439,Starter,FinTech,4,350,13,0.46,0.521,,3,1,47.0,3.3,208,103.57,0
ACC-07440,Enterprise,FinTech,162,16,22,0.796,1.0,611.0,0,0,46.0,4.5,312,13965.3,0
ACC-07441,Enterprise,FinTech,72,172,23,0.57,0.412,1003.0,4,1,28.0,4.0,218,5378.49,0
ACC-07442,Enterprise,Other,78,555,16,0.815,0.837,561.0,2,0,17.0,4.6,151,9444.47,0
ACC-07443,Growth,SaaS,15,51,14,0.471,0.54,124.0,1,0,62.0,3.5,52,406.73,0
ACC-07444,Starter,Healthcare,4,564,1,0.29,0.234,16.0,2,0,47.0,2.9,374,108.01,0
ACC-07445,Starter,SaaS,7,782,8,,0.151,27.0,1,0,28.0,4.7,7,113.48,0
ACC-07446,Growth,E-commerce,20,895,9,0.815,0.823,0.0,2,0,14.0,4.4,187,67761.58203905843,0
ACC-07447,Growth,FinTech,16,874,30,0.345,0.463,136.0,1,0,42.0,4.4,61,799.02,0
ACC-07448,Starter,SaaS,9,269,10,0.489,0.381,28.0,1,0,10.0,3.9,80,174.17,0
ACC-07449,Growth,SaaS,5,586,19,0.775,0.318,184.0,1,0,56.0,3.6,65,254.07,0
ACC-07450,Growth,FinTech,29,55,12,0.492,0.473,18.0,2,0,66.0,4.0,109,1627.47,0
ACC-07451,Starter,Healthcare,2,225,9,0.693,0.319,36.0,2,0,79.0,3.9,245,43.92,0
ACC-07452,Starter,Healthcare,1,704,11,0.489,,27.0,1,1,17.0,,198,24.66,0
ACC-07453,Starter,SaaS,3,195,2,0.423,0.373,23.0,2,0,21.0,,207,32.79,0
ACC-07454,Growth,FinTech,39,283,10,0.428,0.367,60.0,1,0,44.0,3.6,304,2203.99,0
ACC-07455,Enterprise,SaaS,121,377,24,0.664,0.766,195.0,1,0,72.0,3.9,30,6712.39,0
ACC-07456,Growth,Healthcare,11,306,12,0.597,0.623,18.0,1,1,35.0,3.5,86,388.87,0
ACC-07457,Growth,Healthcare,19,669,10,0.521,0.479,168.0,0,0,30.0,3.0,94,1047.69,0
ACC-07458,Enterprise,Other,85,818,17,0.949,,367.0,1,0,-16.0,5.0,108,5809.24,0
ACC-07459,Starter,Other,9,491,1,0.533,0.402,65.0,4,0,55.0,5.0,165,235.18,0
ACC-07460,Growth,FinTech,34,523,4,0.434,0.392,126.0,5,1,6.0,4.1,236,1132.99,1
ACC-07461,Growth,SaaS,38,662,5,0.581,0.509,90.0,1,0,39.0,3.9,78,2198.05,0
ACC-07462,Growth,Other,12,368,13,0.617,0.493,106.0,2,1,23.0,,365,620.04,0
ACC-07463,Starter,SaaS,1,416,10,0.683,0.309,111.0,1,0,,2.7,185,15.18,0
ACC-07464,Enterprise,SaaS,99,856,30,0.95,0.951,265.0,2,0,28.0,,343,8911.63,0
ACC-07465,Enterprise,FinTech,185,355,20,0.821,0.852,864.0,1,0,40.0,,276,16323.8,0
ACC-07466,Starter,Healthcare,8,249,1,0.565,0.235,58.0,1,0,37.0,4.9,163,149.69,1
ACC-07467,Starter,Healthcare,4,32,7,0.451,0.511,57.0,1,0,,4.2,33,107.97,0
ACC-07468,Starter,Other,1,33,10,0.147,0.442,28.0,0,0,78.0,,363,26.15,0
ACC-07469,Growth,FinTech,9,695,18,0.609,0.502,256.0,5,1,100.0,2.7,142,494.09,0
ACC-07470,Growth,SaaS,14,218,17,0.603,,154.0,0,0,13.0,2.9,385,389.63,0
ACC-07471,Starter,FinTech,8,669,10,0.555,0.275,73.0,1,0,30.0,4.8,313,205.36,0
ACC-07472,Enterprise,Healthcare,126,53,20,0.808,0.539,676.0,2,0,20.0,4.8,153,12996.29,0
ACC-07473,Starter,SaaS,8,718,10,0.351,0.306,15.0,2,0,45.0,2.5,263,208.13,0
ACC-07474,Growth,Other,13,375,8,0.845,0.2,59.0,1,0,44.0,4.6,39,726.46,0
ACC-07475,Starter,E-commerce,6,736,0,0.388,0.241,15.0,1,0,60.0,3.3,190,159.33,1
ACC-07476,Growth,Healthcare,24,750,22,0.673,0.493,310.0,0,0,4.0,3.1,175,1118.82,0
ACC-07477,Growth,Healthcare,6,519,13,0.655,0.462,237.0,3,2,62.0,3.2,252,154.0,0
ACC-07478,Starter,FinTech,1,878,9,0.31,0.575,0.0,3,0,-11.0,4.4,191,12.49,0
ACC-07479,Growth,Healthcare,15,851,0,0.666,0.541,265.0,2,0,54.0,,291,897.39,0
ACC-07480,Enterprise,FinTech,78,634,27,0.83,0.641,922.0,1,0,20.0,4.2,46,9591.15,0
ACC-07481,Growth,Healthcare,20,449,18,0.38,0.616,,2,0,4.0,3.8,333,545.98,0
ACC-07482,Enterprise,Healthcare,48,834,13,0.817,0.935,467.0,0,0,,3.9,331,3832.05,0
ACC-07483,Growth,E-commerce,10,872,12,0.899,0.545,99.0,1,1,22.0,3.3,287,264.04,0
ACC-07484,Growth,SaaS,37,375,14,0.767,0.811,89.0,0,0,74.0,3.4,127,1457.36,0
ACC-07485,Starter,Other,9,301,1,0.523,0.223,22.0,2,0,53.0,4.9,257,249.56,0
ACC-07486,Growth,Other,28,282,15,0.688,0.544,159.0,0,0,29.0,4.1,235,1514.04,0
ACC-07487,Starter,E-commerce,5,842,12,0.825,0.53,77.0,0,0,26.0,4.3,126,72.46,0
ACC-07488,Starter,Other,8,150,8,0.442,0.373,59.0,1,0,36.0,3.1,39,109.57,0
ACC-07489,Starter,E-commerce,1,16,0,0.48,0.234,63.0,2,0,87.0,4.6,22,20.17,0
ACC-07490,Starter,FinTech,5,457,2,0.469,0.437,81.0,0,0,-6.0,3.6,331,63.54,1
ACC-07491,Enterprise,FinTech,175,856,19,0.663,0.551,1176.0,0,0,5.0,5.0,266,11163.92,0
ACC-07492,Enterprise,SaaS,82,303,19,0.634,0.678,652.0,1,0,74.0,3.3,190,5410.44,0
ACC-07493,Growth,E-commerce,27,461,12,0.141,0.789,22.0,0,0,,3.1,44,1016.38,0
ACC-07494,Starter,E-commerce,5,109,6,0.543,0.321,0.0,2,1,45.0,4.2,384,112.3,0
ACC-07495,Enterprise,SaaS,169,740,12,0.746,,843.0,2,0,57.0,4.1,306,10552.55,0
ACC-07496,Growth,SaaS,22,839,17,0.851,0.206,247.0,1,0,29.0,2.6,375,620.84,0
ACC-07497,Starter,Healthcare,3,575,10,0.54,0.251,16.0,2,0,57.0,3.3,360,52.67,0
ACC-07498,Growth,Healthcare,11,123,15,0.522,0.642,129.0,0,0,-12.0,,226,541.53,0
ACC-07499,Growth,Other,38,100,15,0.449,0.404,229.0,0,0,48.0,3.9,281,2271.25,0
ACC-07500,Starter,SaaS,5,669,6,0.399,0.194,33.0,1,1,84.0,3.9,358,86.62,1
ACC-07501,Growth,Other,24,127,10,0.324,0.666,196.0,0,0,42.0,3.3,140,929.37,0
ACC-07502,Growth,SaaS,18,74,8,0.54,0.554,222.0,1,1,57.0,4.8,388,455.24,0
ACC-07503,Starter,SaaS,9,802,14,,0.346,23.0,2,1,,2.6,81,98.21,0
ACC-07504,Growth,Healthcare,557,481,13,0.484,0.594,188.0,2,1,34.0,4.7,82,343.39,0
ACC-07505,Growth,FinTech,13,541,6,0.547,0.551,108.0,1,0,6.0,3.9,176,360.84,0
ACC-07506,Growth,Healthcare,13,611,13,0.633,0.49,79.0,2,1,-19.0,4.1,186,345.33,0
ACC-07507,Enterprise,FinTech,34,319,11,0.693,0.457,259.0,1,0,41.0,3.5,288,2308.7,1
ACC-07508,Enterprise,SaaS,101,221,21,0.859,0.669,1018.0,1,0,8.0,5.0,56,13067.72,1
ACC-07509,Growth,E-commerce,10,474,14,0.69,0.552,296.0,2,1,,3.9,319,524.33,0
ACC-07510,Growth,SaaS,32,81,11,0.804,0.75,78.0,2,0,65.0,2.2,15,1192.68,0
ACC-07511,Growth,SaaS,14,275,9,0.568,0.539,162.0,1,0,27.0,3.6,377,729.52,0
ACC-07512,Growth,SaaS,12,539,16,0.932,0.643,217.0,2,0,-2.0,4.1,360,431.42,0
ACC-07513,Starter,FinTech,3,849,7,0.144,0.202,0.0,1,0,59.0,,115,71.89,0
ACC-07514,Growth,Healthcare,32,548,4,0.59,0.365,176.0,1,1,29.0,2.7,95,1897.49,0
ACC-07515,Growth,SaaS,34,679,18,0.779,0.661,347.0,4,1,58.0,2.7,174,1201.11,0
ACC-07516,Growth,E-commerce,5,290,9,0.499,0.747,14.0,0,0,39.0,2.8,30,265.55,0
ACC-07517,Enterprise,E-commerce,168,64,14,0.639,0.757,619.0,0,0,47.0,4.6,392,18854.99,0
ACC-07518,Growth,E-commerce,39,347,19,0.729,,23.0,1,0,51.0,3.7,309,1833.74,0
ACC-07519,Starter,FinTech,7,626,12,0.611,0.13,33.0,1,0,34.0,4.5,128,184.17,0
ACC-07520,Starter,E-commerce,8,54,5,0.139,0.289,,1,0,54.0,3.9,84,210.66,0
ACC-07521,Starter,Other,2,781,1,0.473,0.227,29.0,1,0,79.0,3.5,97,21.13,0
ACC-07522,Starter,SaaS,4,276,3,0.447,0.139,0.0,0,0,5.0,2.5,207,108.18,0
ACC-07523,Growth,Healthcare,27,623,11,0.348,0.361,121.0,3,0,9.0,3.8,25,1091.63,0
ACC-07524,Starter,SaaS,9,795,12,0.541,0.247,73.0,3,0,34.0,3.2,352,103.95,0
ACC-07525,Starter,FinTech,4,555,13,0.477,0.407,74.0,2,0,10.0,3.6,383,88.16,1
ACC-07526,Starter,E-commerce,3,165,8,0.333,0.183,55.0,0,0,-5.0,4.8,119,63.75,0
ACC-07527,Growth,SaaS,22,240,16,0.64,0.435,,0,0,62.0,2.9,224,757.25,0
ACC-07528,Growth,SaaS,19,428,12,,0.342,134.0,4,1,51.0,5.0,390,903.8,0
ACC-07529,Starter,SaaS,5,881,3,0.472,0.289,29.0,0,0,19.0,3.6,110,53.5,0
ACC-07530,Starter,SaaS,7,613,0,0.545,0.423,26.0,2,0,73.0,4.7,173,92.56,0
ACC-07531,Starter,E-commerce,3,560,8,0.388,0.253,70.0,0,0,97.0,3.6,243,72.69,0
ACC-07532,Starter,SaaS,4,725,11,0.6,0.395,25.0,0,0,55.0,2.9,145,86.41,0
ACC-07533,Starter,Healthcare,6,139,5,0.429,0.052,24.0,3,2,,3.8,305,72.13,0
ACC-07534,Starter,Other,4,85,12,,0.164,49.0,1,0,,,332,100.53,0
ACC-07535,Starter,FinTech,7,530,5,0.191,0.399,0.0,1,0,43.0,3.6,310,170.59,0
ACC-07536,Enterprise,SaaS,187,538,20,0.75,0.797,988.0,1,0,12.0,3.2,149,12917.56,0
ACC-07537,Growth,FinTech,28,242,12,0.588,0.325,48.0,1,1,35.0,3.1,44,921.67,0
ACC-07538,Enterprise,Other,34,569,26,0.838,0.67,736.0,2,0,54.0,4.7,16,4600.33,0
ACC-07539,Starter,FinTech,8,149,9,,0.482,,1,0,38.0,4.6,83,126.15,0
ACC-07540,Starter,SaaS,6,188,7,0.606,0.186,5.0,1,0,48.0,2.7,335,136.03,0
ACC-07541,Enterprise,Other,111,806,20,,0.691,515.0,1,1,71.0,4.1,17,14979.39,0
ACC-07542,Starter,FinTech,9,41,2,0.281,0.127,0.0,2,0,59.0,3.1,43,110.06,0
ACC-07543,Growth,FinTech,32,508,3,0.683,0.235,,0,0,65.0,3.7,53,1478.77,0
ACC-07544,Enterprise,Other,183,762,18,0.838,0.817,387.0,0,0,50.0,5.0,314,12909.19,0
ACC-07545,Growth,Other,39,645,12,0.551,0.567,152.0,1,0,21.0,4.6,80,1103.86,0
ACC-07546,Starter,FinTech,632,403,9,0.3,0.02,0.0,2,0,0.0,3.2,36,59.31,0
ACC-07547,Growth,FinTech,451,292,12,0.575,0.366,117.0,1,0,20.0,3.7,66,757.7,0
ACC-07548,Starter,FinTech,2,67,5,0.404,0.567,46.0,0,0,,3.9,255,30.99,0
ACC-07549,Starter,SaaS,1,124,0,0.526,0.804,97.0,2,0,27.0,4.0,321,15.82,0
ACC-07550,Starter,FinTech,4,526,9,0.67,0.369,20.0,1,0,48.0,3.4,283,56.46,0
ACC-07551,Enterprise,SaaS,68,482,21,1.0,0.718,635.0,0,0,96.0,3.0,196,5744.76,0
ACC-07552,Growth,E-commerce,36,347,17,0.458,0.767,95.0,1,0,65.0,3.7,388,1751.77,0
ACC-07553,Starter,Healthcare,8,273,7,0.272,0.099,30.0,1,0,39.0,3.9,50,198.95,0
ACC-07554,Starter,Other,1,85,12,0.365,0.551,91.0,1,0,18.0,3.4,296,10.89,0
ACC-07555,Growth,Other,29,123,11,0.618,0.493,107.0,1,0,45.0,3.3,213,1427.07,0
ACC-07556,Enterprise,SaaS,164,268,20,0.655,0.76,182.0,1,0,71.0,4.0,9,18428.05,0
ACC-07557,Starter,SaaS,2,832,8,0.403,0.553,0.0,2,1,90.0,2.5,194,53.66,0
ACC-07558,Starter,E-commerce,7,303,10,0.285,0.272,63.0,1,0,13.0,2.3,105,190.83,0
ACC-07559,Enterprise,SaaS,131,116,22,0.653,0.644,983.0,2,1,76.0,3.4,326,13031.86,0
ACC-07560,Enterprise,SaaS,1,523,22,0.662,0.99,381.0,0,0,32.0,4.4,120,1214.69,0
ACC-07561,Enterprise,Healthcare,89,126,21,0.742,0.88,770.0,1,0,32.0,4.4,319,7842.55,0
ACC-07562,Starter,FinTech,5,371,6,0.398,0.442,18.0,1,0,35.0,3.2,132,95.21,0
ACC-07563,Starter,SaaS,1,658,11,0.524,0.28,51.0,0,0,58.0,3.5,77,10.67,0
ACC-07564,Growth,E-commerce,6,108,5,0.514,0.461,193.0,0,0,34.0,5.0,239,164.14,0
ACC-07565,Starter,Other,6,831,4,0.857,0.211,27.0,3,1,61.0,5.0,35,149.54,0
ACC-07566,Enterprise,E-commerce,113,576,27,0.888,0.843,706.0,4,2,51.0,3.6,219,14233.05,1
ACC-07567,Starter,SaaS,7,824,4,0.099,0.54,44.0,2,1,48.0,3.1,74,81.62,0
ACC-07568,Growth,E-commerce,29,659,13,0.586,0.557,168.0,1,0,45.0,3.4,181,1168.97,0
ACC-07569,Enterprise,Other,28,869,26,0.626,0.851,1321.0,0,0,37.0,3.3,28,1888.83,0
ACC-07570,Enterprise,SaaS,86,463,19,0.87,0.672,830.0,2,0,25.0,3.9,149,8477.72,0
ACC-07571,Growth,E-commerce,20,28,9,0.682,0.486,8.0,2,1,81.0,3.1,154,637.66,0
ACC-07572,Enterprise,Healthcare,186,70,25,0.939,0.947,547.0,5,1,28.0,2.2,114,24847.36,0
ACC-07573,Starter,Healthcare,8,176,6,0.36,0.284,9.0,2,0,62.0,4.1,139,142.37,0
ACC-07574,Starter,SaaS,2,105,6,0.141,0.092,33.0,1,0,80.0,3.5,23,36.7,1
ACC-07575,Starter,Other,6,729,0,0.39,0.26,24.0,1,0,44.0,5.0,198,125.37,0
ACC-07576,Enterprise,FinTech,173,850,19,0.77,0.695,2990.0,4,0,,3.1,48,15999.1,0
ACC-07577,Enterprise,SaaS,60,564,23,0.843,0.773,71.0,1,0,10.0,3.1,6,4337.41,0
ACC-07578,Starter,SaaS,8,181,5,0.551,0.456,39.0,0,0,4.0,3.4,69,223.29,0
ACC-07579,Starter,FinTech,2,881,1,0.808,0.178,7.0,0,0,-1.0,1.7,228,51.0,1
ACC-07580,Starter,SaaS,9,286,5,0.422,0.358,84.0,3,1,,3.9,316,106.81,0
ACC-07581,Starter,Healthcare,7,795,4,0.494,0.246,44.0,3,1,17.0,3.3,86,126.54,0
ACC-07582,Enterprise,Other,193,623,19,0.572,0.648,606.0,1,0,24.0,4.2,246,19823.41,0
ACC-07583,Starter,SaaS,5,401,5,0.325,0.532,46.0,2,0,44.0,4.2,127,77.96,0
ACC-07584,Growth,Healthcare,14,715,20,0.757,0.286,156.0,0,0,49.0,3.5,90,611.66,0
ACC-07585,Growth,Other,31,602,14,0.445,0.501,152.0,0,0,25.0,3.9,215,56442.24838924942,0
ACC-07586,Starter,SaaS,7,821,0,0.749,0.313,34.0,0,0,48.0,3.9,30,127.03,0
ACC-07587,Starter,Healthcare,5,552,7,0.308,0.304,41.0,1,0,11.0,1.1,292,69.63,0
ACC-07588,Enterprise,Other,16,364,20,0.715,0.785,483.0,0,0,,5.0,118,2149.52,0
ACC-07589,Growth,Healthcare,30,97,18,0.633,0.933,222.0,1,0,32.0,1.9,160,1760.04,0
ACC-07590,Growth,E-commerce,35,893,12,0.824,0.35,120.0,1,0,79.0,2.9,312,1351.47,0
ACC-07591,Starter,Other,6,705,6,0.211,0.262,0.0,1,0,16.0,2.5,257,68.63,0
ACC-07592,Enterprise,Healthcare,119,106,28,,0.762,691.0,2,0,65.0,,65,8750.28,0
ACC-07593,Enterprise,FinTech,37,551,15,0.895,0.716,587.0,2,2,31.0,4.4,119,2600.47,0
ACC-07594,Enterprise,SaaS,177,746,24,0.634,0.668,810.0,2,2,56.0,,163,16468.81,0
ACC-07595,Growth,E-commerce,10,634,13,0.667,0.365,139.0,0,0,82.0,2.6,393,312.11,0
ACC-07596,Enterprise,FinTech,191,255,18,0.635,0.555,599.0,2,0,2.0,3.5,102,18913.35,0
ACC-07597,Starter,FinTech,2,136,4,0.433,0.171,16.0,0,0,28.0,2.7,330,26.73,0
ACC-07598,Growth,SaaS,13,844,19,0.741,,68.0,3,0,47.0,4.8,11,489.55,0
ACC-07599,Starter,Other,4,342,9,0.551,0.251,35.0,1,0,63.0,4.0,216,41.41,0
ACC-07600,Growth,Healthcare,1,784,16,0.512,0.671,283.0,0,0,38.0,4.2,230,259.94,0
ACC-07601,Enterprise,FinTech,181,426,24,0.937,0.618,136.0,2,1,,3.2,95,18925.5,0
ACC-07602,Enterprise,SaaS,162,689,22,0.939,0.773,357.0,0,0,42.0,4.5,358,15733.32,0
ACC-07603,Growth,SaaS,21,229,8,0.555,0.52,304.0,1,0,59.0,4.9,229,820.69,0
ACC-07604,Growth,SaaS,6,548,6,0.438,0.159,159.0,3,0,45.0,3.6,141,356.32,0
ACC-07605,Enterprise,E-commerce,177,510,27,0.537,0.825,349.0,2,0,1.0,3.1,345,12603.66,0
ACC-07606,Enterprise,SaaS,35,204,21,0.674,0.579,763.0,1,1,55.0,2.7,143,2938.76,0
ACC-07607,Growth,Other,3,617,13,0.669,0.665,178.0,1,0,76.0,3.7,127,693.91,0
ACC-07608,Starter,SaaS,2,423,15,0.515,0.462,4.0,4,2,40.0,3.8,246,43.57,0
ACC-07609,Starter,SaaS,5,593,2,0.197,0.093,9.0,1,0,53.0,4.3,368,77.66,0
ACC-07610,Enterprise,Other,104,44,9,0.824,,518.0,1,1,92.0,3.7,72,8160.31,0
ACC-07611,Growth,FinTech,24,122,5,0.426,0.759,,2,0,35.0,4.2,281,1034.43,0
ACC-07612,Growth,FinTech,24,642,11,0.386,0.397,175.0,1,0,45.0,5.0,249,1106.3,0
ACC-07613,Growth,SaaS,36,896,14,0.535,,203.0,0,0,51.0,2.2,81,1897.3,0
ACC-07614,Starter,E-commerce,2,116,13,0.431,0.393,36.0,2,0,,2.5,361,27.29,0
ACC-07615,Starter,FinTech,4,36,11,0.472,0.275,3.0,1,0,25.0,3.5,354,58.92,0
ACC-07616,Enterprise,Healthcare,166,242,8,0.558,0.738,633.0,0,0,57.0,2.6,316,21236.22,0
ACC-07617,Starter,E-commerce,9,51,20,0.453,0.3,62.0,0,0,-1.0,3.6,96,98.61,0
ACC-07618,Growth,Other,18,231,11,0.585,0.68,153.0,2,0,36.0,5.0,55,457.84,0
ACC-07619,Growth,E-commerce,8,627,19,0.39,0.451,31.0,0,0,66.0,4.8,273,262.32,0
ACC-07620,Enterprise,Healthcare,117,712,22,0.826,0.599,452.0,3,0,27.0,4.3,198,10863.78,0
ACC-07621,Starter,Healthcare,3,572,7,0.758,,41.0,0,0,5.0,2.5,313,48.17,0
ACC-07622,Growth,FinTech,17,368,12,0.705,0.653,308.0,0,0,23.0,4.0,125,526.17,0
ACC-07623,Starter,Healthcare,8,151,2,0.301,0.386,8.0,0,0,40.0,3.0,145,100.07,1
ACC-07624,Starter,E-commerce,1,487,1,0.349,0.271,13.0,2,0,70.0,3.9,121,15.44,0
ACC-07625,Starter,SaaS,5,868,6,0.156,0.385,49.0,2,0,39.0,3.7,280,61.06,0
ACC-07626,Starter,Healthcare,7,198,1,0.42,0.231,12.0,1,0,,3.5,323,104.89,0
ACC-07627,Enterprise,SaaS,25,494,27,0.815,0.645,417.0,3,0,20.0,5.0,381,1469.74,0
ACC-07628,Enterprise,E-commerce,103,310,20,0.949,0.656,0.0,1,0,28.0,3.3,299,7674.68,0
ACC-07629,Starter,SaaS,5,331,16,0.577,0.163,85.0,4,0,60.0,2.8,300,65.43,0
ACC-07630,Enterprise,SaaS,192,467,18,1.0,0.614,472.0,3,0,32.0,3.4,324,23190.18,0
ACC-07631,Growth,SaaS,21,163,10,0.455,0.429,194.0,4,1,18.0,3.2,373,925.79,0
ACC-07632,Growth,SaaS,30,186,16,0.748,0.499,229.0,0,0,41.0,4.0,396,1088.09,0
ACC-07633,Enterprise,SaaS,71,50,19,0.914,0.734,596.0,2,0,52.0,4.3,157,6509.43,0
ACC-07634,Growth,SaaS,32,625,17,0.472,0.868,91.0,2,1,21.0,3.2,64,1251.24,0
ACC-07635,Starter,E-commerce,4,819,13,0.336,0.279,31.0,1,0,56.0,4.7,358,55.37,0
ACC-07636,Starter,FinTech,8,412,12,0.229,0.283,0.0,0,0,72.0,2.8,169,93.43,0
ACC-07637,Growth,Other,23,563,19,0.566,0.653,113.0,2,0,23.0,3.1,174,810.92,0
ACC-07638,Enterprise,Healthcare,104,885,24,0.626,0.869,645.0,3,1,61.0,4.8,145,13996.37,0
ACC-07639,Growth,SaaS,31,686,11,0.465,0.581,73.0,0,0,36.0,,382,1323.51,0
ACC-07640,Starter,FinTech,9,232,12,0.036,,27.0,0,0,33.0,4.0,310,156.14,0
ACC-07641,Starter,FinTech,2,701,10,0.463,0.387,69.0,2,0,,2.8,108,35.99,0
ACC-07642,Enterprise,FinTech,188,364,17,0.583,0.756,951.0,3,1,60.0,5.0,143,12437.82,0
ACC-07643,Starter,FinTech,4,863,5,0.552,0.19,0.0,0,0,15.0,,175,98.85,1
ACC-07644,Growth,E-commerce,15,833,13,0.559,0.688,126.0,1,0,27.0,3.9,185,873.73,0
ACC-07645,Growth,E-commerce,16,50,18,0.811,0.403,324.0,0,0,46.0,3.2,290,72777.37577054786,0
ACC-07646,Starter,FinTech,2,798,8,0.459,0.475,71.0,1,0,47.0,3.5,185,47.22,0
ACC-07647,Starter,Healthcare,1,226,7,0.34,0.173,5.0,2,0,85.0,,149,26.47,0
ACC-07648,Starter,FinTech,4,442,6,0.348,0.367,128.0,0,0,64.0,4.9,8,41.08,0
ACC-07649,Starter,Healthcare,9,677,5,0.348,0.243,,2,0,56.0,4.2,273,189.69,1
ACC-07650,Growth,Other,32,123,8,0.53,0.473,115.0,1,0,100.0,,87,1704.08,0
ACC-07651,Enterprise,FinTech,52,28,24,0.746,0.845,307.0,2,1,-10.0,,384,4157.88,0
ACC-07652,Starter,Healthcare,2,376,2,0.531,0.21,60.0,0,0,41.0,2.5,320,27.78,0
ACC-07653,Growth,Healthcare,35,529,13,,0.38,190.0,2,0,,3.8,160,1053.22,0
ACC-07654,Starter,FinTech,1,534,5,0.18,0.559,9.0,2,1,-7.0,4.0,203,16.67,1
ACC-07655,Starter,SaaS,2,857,10,0.79,0.309,25.0,1,1,55.0,3.7,105,35.79,0
ACC-07656,Growth,Healthcare,21,239,11,0.666,0.441,105.0,1,0,12.0,3.5,142,666.9,0
ACC-07657,Growth,FinTech,19,645,8,0.622,,76.0,2,1,6.0,3.0,370,929.38,0
ACC-07658,Growth,SaaS,29,183,17,0.372,0.307,184.0,5,1,54.0,3.7,282,1621.28,0
ACC-07659,Starter,E-commerce,2,412,3,,0.263,63.0,3,1,22.0,2.1,102,44.99,0
ACC-07660,Growth,FinTech,21,484,14,0.695,0.572,192.0,1,0,67.0,4.3,362,1048.3,0
ACC-07661,Growth,SaaS,7,394,19,0.865,0.475,380.0,1,0,28.0,4.3,160,317.36,0
ACC-07662,Enterprise,Other,104,169,17,0.873,0.931,98.0,2,2,46.0,4.4,292,13683.41,0
ACC-07663,Growth,SaaS,5,182,13,0.577,0.547,156.0,2,0,80.0,5.0,47,262.28,0
ACC-07664,Enterprise,E-commerce,38,788,18,0.924,0.761,1200.0,3,1,76.0,2.9,119,4779.57,0
ACC-07665,Starter,E-commerce,6,856,8,0.458,0.295,0.0,1,0,33.0,3.5,240,143.03,0
ACC-07666,Growth,SaaS,23,79,13,0.82,0.539,228.0,2,0,20.0,2.8,65,598.73,0
ACC-07667,Growth,Healthcare,31,219,17,0.747,0.351,189.0,2,1,42.0,4.1,398,1459.97,0
ACC-07668,Starter,E-commerce,3,888,4,0.402,0.176,2.0,0,0,44.0,4.6,394,83.96,0
ACC-07669,Growth,FinTech,10,117,19,0.601,0.404,71.0,1,0,26.0,,63,253.18,0
ACC-07670,Growth,E-commerce,33,490,20,,0.428,234.0,0,0,73.0,3.7,273,1420.11,0
ACC-07671,Enterprise,Other,21,270,21,0.581,0.702,490.0,3,0,12.0,4.5,282,1918.45,0
ACC-07672,Starter,Other,5,885,3,0.402,0.645,29.0,0,0,34.0,4.1,76,104.09,0
ACC-07673,Enterprise,SaaS,149,673,20,0.789,0.608,532.0,1,0,33.0,1.8,83,19238.82,0
ACC-07674,Starter,FinTech,6,679,6,0.513,0.261,5.0,2,1,18.0,3.0,173,95.4,0
ACC-07675,Growth,E-commerce,9,72,21,0.614,0.648,0.0,1,1,21.0,3.7,355,337.97,1
ACC-07676,Growth,Other,22,149,13,0.659,0.485,305.0,2,0,19.0,,141,932.89,0
ACC-07677,Starter,Healthcare,3,718,13,0.485,0.357,11.0,2,0,52.0,4.5,123,58.77,0
ACC-07678,Enterprise,FinTech,174,215,21,0.607,0.534,0.0,1,0,48.0,2.6,63,13704.54,0
ACC-07679,Enterprise,Other,15,398,20,,0.52,,1,0,12.0,5.0,78,1150.51,0
ACC-07680,Enterprise,FinTech,196,108,18,0.764,0.438,1054.0,2,0,-11.0,3.8,282,25213.82,0
ACC-07681,Enterprise,SaaS,56,33,19,0.648,0.747,314.0,1,0,43.0,3.5,274,3526.3,0
ACC-07682,Growth,E-commerce,33,659,17,0.286,,44.0,2,0,55.0,5.0,51,1714.53,0
ACC-07683,Growth,FinTech,33,171,10,0.414,0.675,82.0,2,0,49.0,3.9,146,1548.01,0
ACC-07684,Enterprise,E-commerce,21,163,24,0.779,0.754,378.0,2,0,5.0,2.9,326,1505.12,0
ACC-07685,Starter,FinTech,1,761,13,0.44,0.246,51.0,0,0,76.0,3.0,375,16.69,0
ACC-07686,Enterprise,Healthcare,154,647,17,0.984,0.835,,1,0,34.0,4.2,112,15318.53,0
ACC-07687,Growth,Other,35,203,18,0.571,0.674,202.0,0,0,43.0,3.3,261,1896.26,0
ACC-07688,Growth,SaaS,27,775,18,0.591,0.637,186.0,2,1,30.0,2.4,195,1208.01,0
ACC-07689,Starter,E-commerce,8,873,11,0.113,0.419,37.0,0,0,40.0,3.2,185,96.55,0
ACC-07690,Starter,Healthcare,7,378,4,0.22,0.207,60.0,1,0,18.0,4.3,105,119.09,1
ACC-07691,Starter,SaaS,3,416,6,0.576,0.462,0.0,1,0,9.0,2.9,27,51.35,0
ACC-07692,Growth,Healthcare,36,599,12,0.413,0.332,193.0,2,1,83.0,3.6,105,1929.43,0
ACC-07693,Starter,E-commerce,7,144,16,0.463,0.421,84.0,1,1,17.0,5.0,80,109.79,0
ACC-07694,Starter,SaaS,1,807,7,0.487,0.349,,1,0,70.0,3.8,183,11.41,0
ACC-07695,Starter,Other,6,124,6,0.496,0.332,51.0,2,0,28.0,3.0,233,92.14,0
ACC-07696,Growth,FinTech,11,681,8,0.464,0.391,184.0,4,0,100.0,3.9,90,469.32,0
ACC-07697,Starter,SaaS,6,525,3,0.634,0.24,43.0,0,0,65.0,4.0,193,111.09,0
ACC-07698,Enterprise,SaaS,154,129,17,1.0,0.809,663.0,0,0,42.0,4.3,51,12580.33,0
ACC-07699,Starter,Healthcare,4,405,9,0.556,0.397,11.0,0,0,24.0,4.0,90,67.91,0
ACC-07700,Growth,Other,6,273,7,0.48,0.53,198.0,0,0,27.0,4.4,33,311.39,0
ACC-07701,Starter,FinTech,8,844,4,0.796,0.086,52.0,2,1,66.0,4.8,378,148.73,0
ACC-07702,Growth,SaaS,8,488,5,0.588,0.682,408.0,2,0,18.0,4.3,292,376.21,0
ACC-07703,Growth,SaaS,6,339,19,0.292,0.264,155.0,0,0,89.0,4.9,92,338.83,0
ACC-07704,Growth,E-commerce,15,248,13,0.697,0.377,89.0,5,1,27.0,,353,860.44,0
ACC-07705,Growth,FinTech,38,140,14,0.707,0.608,246.0,2,1,87.0,1.0,43,1370.83,0
ACC-07706,Growth,FinTech,8,462,8,0.574,0.942,,4,1,36.0,1.9,120,376.67,0
ACC-07707,Starter,FinTech,6,465,12,0.246,0.602,41.0,1,0,43.0,3.2,242,160.45,0
ACC-07708,Growth,FinTech,35,858,20,0.724,0.493,312.0,1,0,59.0,3.0,325,1820.92,0
ACC-07709,Starter,E-commerce,3,588,7,0.454,0.33,34.0,3,0,47.0,4.1,256,38.19,1
ACC-07710,Growth,E-commerce,17,415,11,0.522,0.49,124.0,1,0,24.0,,230,720.04,1
ACC-07711,Growth,SaaS,617,343,15,0.488,0.414,189.0,3,0,18.0,4.6,214,221.22,0
ACC-07712,Growth,FinTech,17,245,16,0.35,0.518,170.0,1,0,27.0,2.0,70,934.14,0
ACC-07713,Growth,FinTech,26,587,17,0.581,0.724,238.0,1,0,7.0,4.0,176,1259.01,0
ACC-07714,Starter,E-commerce,9,143,10,0.363,0.546,7.0,2,1,24.0,4.4,349,152.65,0
ACC-07715,Starter,SaaS,7,19,11,0.479,0.297,33.0,1,0,43.0,4.4,395,154.29,0
ACC-07716,Starter,SaaS,2,812,4,0.436,0.396,36.0,1,0,1.0,3.9,10,54.26,0
ACC-07717,Growth,E-commerce,26,43,17,0.461,0.524,217.0,2,0,12.0,5.0,368,881.13,0
ACC-07718,Enterprise,SaaS,86,217,18,0.788,0.761,466.0,2,0,35.0,2.7,301,10050.08,0
ACC-07719,Growth,E-commerce,15,508,2,0.61,0.505,131.0,2,0,5.0,3.6,387,466.22,0
ACC-07720,Growth,FinTech,33,185,11,0.43,0.585,149.0,0,0,-15.0,4.2,269,1002.55,0
ACC-07721,Starter,SaaS,9,607,5,0.1,0.382,43.0,1,0,8.0,3.3,296,176.42,0
ACC-07722,Enterprise,E-commerce,21,502,21,0.706,,404.0,0,0,13.0,4.2,109,1828.46,0
ACC-07723,Starter,FinTech,3,80,11,0.441,0.032,3.0,0,0,89.0,3.4,384,80.37,0
ACC-07724,Starter,SaaS,8,423,8,0.259,0.545,0.0,0,0,50.0,4.0,135,140.72,0
ACC-07725,Enterprise,Healthcare,67,749,29,0.723,0.864,211.0,1,0,36.0,5.0,325,7506.1,0
ACC-07726,Starter,FinTech,4,355,5,0.48,0.394,15.0,1,1,32.0,1.3,215,64.01,0
ACC-07727,Starter,Other,8,614,0,0.052,0.277,17.0,1,0,14.0,4.3,372,133.24,0
ACC-07728,Starter,SaaS,2,526,8,0.526,0.47,55.0,3,0,29.0,4.3,215,27.64,0
ACC-07729,Growth,Other,12,422,11,0.628,,64.0,2,0,43.0,5.0,201,345.5,0
ACC-07730,Starter,Healthcare,7,518,2,0.61,,54.0,3,0,58.0,4.6,391,108.12,0
ACC-07731,Growth,SaaS,38,445,12,0.523,0.261,166.0,1,0,18.0,4.9,211,1501.59,0
ACC-07732,Growth,E-commerce,17,74,9,0.697,0.766,96.0,0,0,36.0,3.6,312,997.37,0
ACC-07733,Starter,E-commerce,3,400,4,0.636,0.496,30.0,0,0,59.0,,306,44.53,0
ACC-07734,Starter,FinTech,8,381,14,0.499,0.43,0.0,1,0,27.0,5.0,133,156.43,1
ACC-07735,Enterprise,FinTech,194,704,21,0.747,0.73,465.0,0,0,15.0,4.4,193,19942.05,0
ACC-07736,Starter,Other,7,652,6,0.534,0.156,75.0,2,0,51.0,2.5,233,71.53,0
ACC-07737,Growth,Healthcare,22,522,20,0.746,0.63,97.0,1,0,52.0,3.6,189,852.58,0
ACC-07738,Growth,Other,5,352,12,0.67,0.494,226.0,1,0,24.0,3.7,13,191.47,0
ACC-07739,Starter,Other,3,572,1,0.665,0.293,12.0,1,0,9.0,3.6,21,43.1,0
ACC-07740,Growth,Healthcare,10,897,7,0.266,0.353,199.0,1,0,1.0,3.3,239,301.39,0
ACC-07741,Growth,Healthcare,32,755,13,0.619,0.5,,0,0,32.0,3.1,205,1507.09,0
ACC-07742,Growth,E-commerce,23,222,6,0.845,0.39,118.0,1,1,25.0,3.3,321,1275.8,0
ACC-07743,Enterprise,Other,108,262,15,0.68,0.559,687.0,1,1,64.0,3.8,369,13610.99,0
ACC-07744,Enterprise,E-commerce,92,453,18,0.855,,656.0,1,1,32.0,4.7,386,10493.47,0
ACC-07745,Growth,SaaS,24,599,18,0.472,0.763,180.0,6,2,91.0,5.0,231,1058.72,0
ACC-07746,Growth,E-commerce,29,611,19,0.569,0.467,,2,0,55.0,2.9,111,1407.07,0
ACC-07747,Growth,SaaS,19,707,16,0.67,0.715,281.0,2,2,22.0,4.1,255,584.27,0
ACC-07748,Growth,Other,36,499,13,0.651,0.492,,3,0,40.0,3.2,348,1662.94,0
ACC-07749,Starter,E-commerce,5,744,4,0.381,,0.0,1,0,,3.8,287,107.3,0
ACC-07750,Enterprise,E-commerce,144,48,22,0.806,0.661,815.0,0,0,65.0,4.3,135,11096.94,0
ACC-07751,Enterprise,SaaS,1,206,28,0.793,0.736,1213.0,1,0,28.0,3.7,387,17428.38,0
ACC-07752,Starter,E-commerce,9,469,8,0.318,0.327,,2,0,5.0,3.3,171,132.47,0
ACC-07753,Enterprise,FinTech,138,476,18,1.0,,662.0,2,0,36.0,3.2,235,11102.15,0
ACC-07754,Enterprise,E-commerce,155,870,19,0.853,0.66,,1,1,100.0,4.0,341,13879.75,0
ACC-07755,Growth,E-commerce,7,598,12,0.549,0.577,279.0,1,0,43.0,5.0,305,254.01,0
ACC-07756,Enterprise,FinTech,111,374,22,0.715,0.674,874.0,2,0,68.0,3.5,359,7217.09,0
ACC-07757,Starter,SaaS,9,533,4,0.724,0.674,3675.0,2,0,30.0,4.0,126,93.25,0
ACC-07758,Starter,E-commerce,7,116,9,0.509,0.362,1.0,1,0,38.0,2.7,243,172.52,0
ACC-07759,Starter,FinTech,5,360,10,0.373,0.07,45.0,2,0,47.0,4.3,93,99.96,0
ACC-07760,Growth,Other,39,32,15,0.831,0.571,271.0,2,0,20.0,3.7,279,2016.49,0
ACC-07761,Starter,Other,4,146,2,0.502,0.144,72.0,2,1,53.0,4.5,381,92.03,0
ACC-07762,Enterprise,Healthcare,95,379,19,0.927,0.874,747.0,2,0,23.0,3.8,52,11707.5,0
ACC-07763,Starter,FinTech,9,18,5,0.382,0.222,23.0,3,1,66.0,3.4,6,245.74,0
ACC-07764,Starter,SaaS,4,178,7,0.735,0.497,81.0,2,1,65.0,3.8,185,104.36,0
ACC-07765,Growth,Other,28,806,10,0.784,0.585,278.0,3,0,75.0,2.9,194,1013.67,0
ACC-07766,Starter,Other,7,753,13,0.709,0.159,26.0,1,0,31.0,4.7,43,162.2,0
ACC-07767,Growth,SaaS,31,517,14,0.576,0.617,302.0,1,1,67.0,4.0,235,1479.69,0
ACC-07768,Starter,Healthcare,8,857,0,0.457,0.46,11.0,1,1,25.0,2.6,181,184.31,0
ACC-07769,Enterprise,FinTech,195,41,14,0.817,0.664,253.0,4,0,66.0,3.4,157,14376.42,0
ACC-07770,Growth,SaaS,27,847,18,0.672,0.786,50.0,1,1,49.0,2.7,295,684.83,0
ACC-07771,Starter,Other,9,453,6,,0.344,55.0,2,0,41.0,2.2,112,132.35,0
ACC-07772,Starter,Other,2,345,5,0.552,0.02,3430.0,3,0,67.0,2.7,225,26.04,0
ACC-07773,Starter,Other,6,714,12,0.574,0.31,82.0,3,1,16.0,4.3,347,159.81,0
ACC-07774,Enterprise,SaaS,184,416,19,0.731,0.814,,0,0,40.0,3.5,355,10985.13,0
ACC-07775,Growth,FinTech,36,546,8,0.747,,,2,0,58.0,4.3,314,1919.9,0
ACC-07776,Growth,Other,38,293,8,0.726,0.471,186.0,2,0,-2.0,3.9,180,1410.9,0
ACC-07777,Starter,E-commerce,5,478,10,0.328,0.29,,3,0,23.0,4.0,103,103.38,1
ACC-07778,Enterprise,FinTech,177,128,29,0.902,0.881,768.0,0,0,28.0,4.3,182,20063.56,0
ACC-07779,Starter,E-commerce,8,204,11,,0.369,35.0,2,1,9.0,4.8,365,107.81,1
ACC-07780,Growth,SaaS,38,509,11,0.779,0.602,214.0,1,0,,2.4,78,1470.57,0
ACC-07781,Growth,E-commerce,31,850,12,0.6,0.434,76.0,1,1,81.0,5.0,61,1663.7,0
ACC-07782,Starter,Other,2,178,7,,0.242,,0,0,56.0,5.0,243,28.75,0
ACC-07783,Growth,SaaS,17,526,4,0.531,0.439,13.0,1,0,25.0,2.8,144,440.41,0
ACC-07784,Starter,SaaS,8,66,7,0.582,0.315,39.0,2,1,59.0,3.6,354,144.94,1
ACC-07785,Starter,E-commerce,1,462,10,0.354,0.381,8.0,3,0,67.0,4.3,84,17.98,0
ACC-07786,Enterprise,E-commerce,71,766,28,0.588,0.571,804.0,3,1,14.0,5.0,168,9687.18,0
ACC-07787,Growth,FinTech,13,314,18,0.932,0.305,291.0,1,0,45.0,4.0,35,753.46,0
ACC-07788,Enterprise,SaaS,17,721,29,0.684,0.773,489.0,4,1,41.0,5.0,118,1254.83,0
ACC-07789,Growth,Healthcare,30,362,21,0.484,0.379,282.0,4,0,36.0,5.0,233,1249.66,0
ACC-07790,Starter,SaaS,9,834,13,0.215,0.274,47.0,2,1,41.0,4.1,49,168.57,0
ACC-07791,Growth,E-commerce,12,571,13,0.597,,13.0,1,1,54.0,4.0,345,598.48,0
ACC-07792,Growth,E-commerce,24,304,15,0.761,0.645,139.0,1,0,26.0,2.0,44,1340.09,0
ACC-07793,Starter,FinTech,1,248,0,0.02,0.246,,3,0,,2.7,24,19.17,1
ACC-07794,Starter,E-commerce,2,785,8,0.389,0.55,13.0,0,0,-13.0,4.3,248,55.32,0
ACC-07795,Growth,Healthcare,16,440,16,0.368,0.573,238.0,1,0,26.0,3.0,372,538.78,0
ACC-07796,Growth,E-commerce,31,367,12,0.733,0.517,212.0,1,1,-9.0,,298,1719.2,0
ACC-07797,Starter,E-commerce,8,533,0,0.461,0.441,63.0,1,0,30.0,4.3,158,155.52,0
ACC-07798,Enterprise,FinTech,175,78,27,0.771,0.779,1000.0,2,0,8.0,3.4,67,16582.08,0
ACC-07799,Starter,FinTech,9,176,9,0.506,0.183,60.0,1,0,38.0,4.1,207,232.26,0
ACC-07800,Starter,FinTech,8,419,15,0.305,0.26,52.0,1,0,17.0,3.3,221,223.67,0
ACC-07801,Starter,FinTech,4,271,10,0.588,0.357,83.0,2,0,20.0,4.0,281,93.69,0
ACC-07802,Enterprise,FinTech,93,504,26,0.507,0.959,788.0,2,0,41.0,4.8,371,11190.34,0
ACC-07803,Starter,SaaS,8,322,12,0.244,0.02,15.0,4,1,28.0,1.8,94,119.47,0
ACC-07804,Growth,Healthcare,35,396,10,0.568,0.398,68.0,2,0,42.0,4.1,240,1024.69,0
ACC-07805,Starter,SaaS,5,704,5,0.196,0.1,0.0,3,0,10.0,2.8,357,121.56,0
ACC-07806,Growth,Other,27,709,11,0.625,0.469,92.0,2,0,27.0,4.8,183,1601.42,0
ACC-07807,Growth,E-commerce,7,273,9,0.469,0.363,267.0,0,0,54.0,4.0,149,368.87,0
ACC-07808,Starter,SaaS,1,325,15,0.488,0.349,0.0,4,1,43.0,2.5,145,233.62,0
ACC-07809,Enterprise,E-commerce,194,580,20,0.724,0.508,1055.0,2,0,34.0,3.2,210,13696.22,1
ACC-07810,Starter,FinTech,2,830,9,0.474,0.323,37.0,3,0,9.0,3.2,304,32.54,0
ACC-07811,Starter,Other,4,496,1,0.587,0.243,23.0,1,0,9.0,3.8,173,71.45,0
ACC-07812,Growth,Other,32,79,17,0.679,0.7,103.0,0,0,23.0,3.2,121,1379.47,0
ACC-07813,Growth,Other,34,542,11,0.565,0.43,,1,1,14.0,,40,1395.96,0
ACC-07814,Starter,E-commerce,2,652,13,0.219,0.309,15.0,1,0,20.0,3.5,8,50.1,0
ACC-07815,Growth,Other,28,843,10,0.685,0.262,167.0,0,0,23.0,2.8,135,898.02,0
ACC-07816,Starter,E-commerce,5,837,13,0.466,,38.0,2,0,27.0,4.4,366,57.69,0
ACC-07817,Growth,Other,2,625,17,0.617,0.595,130.0,0,0,42.0,5.0,219,1311.31,0
ACC-07818,Growth,SaaS,29,504,11,0.494,0.475,,1,0,13.0,3.5,155,1251.89,0
ACC-07819,Enterprise,Other,156,162,26,,0.878,707.0,4,0,19.0,,122,19244.34,0
ACC-07820,Growth,E-commerce,29,792,18,0.543,0.528,275.0,0,0,4.0,4.0,43,1507.61,0
ACC-07821,Growth,FinTech,36,436,15,,0.242,147.0,2,1,38.0,4.0,193,1509.08,0
ACC-07822,Growth,Other,15,626,9,0.798,0.451,204.0,2,0,61.0,3.4,84,439.78,1
ACC-07823,Starter,Healthcare,1,665,11,0.223,0.387,0.0,0,0,45.0,2.7,238,11.69,0
ACC-07824,Starter,Other,6,26,7,0.28,,41.0,0,0,0.0,2.8,14,107.64,0
ACC-07825,Enterprise,SaaS,82,344,20,0.745,0.761,658.0,2,0,-10.0,3.3,25,4881.89,0
ACC-07826,Starter,E-commerce,5,608,7,0.454,0.232,43.0,2,0,98.0,4.8,317,115.22,0
ACC-07827,Growth,Healthcare,17,433,13,0.593,0.539,86.0,1,0,56.0,3.5,196,600.86,0
ACC-07828,Starter,SaaS,9,595,3,0.365,0.348,16.0,1,0,39.0,3.0,86,126.97,0
ACC-07829,Enterprise,Healthcare,160,512,13,0.974,0.719,455.0,2,1,59.0,3.0,160,14673.87,0
ACC-07830,Starter,E-commerce,2,14,0,0.306,0.345,57.0,0,0,34.0,3.6,81,54.95,0
ACC-07831,Enterprise,SaaS,61,284,21,0.457,0.8,493.0,2,1,37.0,3.8,280,3978.83,0
ACC-07832,Growth,Healthcare,36,376,2,0.427,0.571,207.0,1,0,17.0,3.3,116,1990.3,0
ACC-07833,Starter,SaaS,4,354,10,0.258,0.214,33.0,2,0,32.0,5.0,187,46.17,0
ACC-07834,Growth,Healthcare,21,48,15,0.669,0.556,201.0,2,1,41.0,5.0,203,1089.97,0
ACC-07835,Growth,Other,12,30,12,0.433,0.566,216.0,2,1,32.0,3.6,222,405.8,1
ACC-07836,Starter,FinTech,5,273,12,0.315,0.35,60.0,2,1,33.0,3.3,275,115.35,0
ACC-07837,Starter,E-commerce,2,768,6,0.395,0.367,48.0,1,0,-4.0,,380,47.22,0
ACC-07838,Growth,FinTech,30,888,15,0.582,0.673,104.0,2,0,60.0,4.0,7,937.98,0
ACC-07839,Growth,FinTech,29,755,4,0.598,0.565,141.0,2,1,51.0,3.1,207,1147.98,0
ACC-07840,Starter,Other,9,847,0,0.295,0.185,52.0,2,0,-2.0,3.2,304,118.59,1
ACC-07841,Enterprise,FinTech,135,834,19,0.961,0.733,690.0,0,0,21.0,2.5,81,11049.29,0
ACC-07842,Starter,FinTech,3,620,9,0.701,0.548,15.0,0,0,-2.0,3.5,323,40.79,1
ACC-07843,Starter,FinTech,1,122,11,0.841,0.443,38.0,0,0,70.0,3.2,193,12.39,0
ACC-07844,Growth,E-commerce,37,339,12,0.624,0.635,3643.0,1,0,74.0,3.6,269,1180.29,0
ACC-07845,Starter,Healthcare,9,666,8,0.58,0.05,50.0,1,0,42.0,2.9,377,176.5,0
ACC-07846,Starter,SaaS,8,365,11,0.281,0.103,56.0,1,1,37.0,3.9,173,146.66,1
ACC-07847,Growth,SaaS,34,252,12,0.817,0.401,80.0,0,0,56.0,3.5,26,1013.6,0
ACC-07848,Starter,SaaS,9,47,10,0.531,0.271,37.0,0,0,58.0,4.8,138,119.22,0
ACC-07849,Starter,SaaS,2,314,2,0.025,0.307,32.0,2,1,76.0,2.8,352,39.97,1
ACC-07850,Growth,FinTech,21,313,6,0.469,0.312,142.0,1,0,69.0,4.8,120,1157.45,0
ACC-07851,Growth,Healthcare,32,734,11,0.539,0.294,38.0,2,0,52.0,4.2,225,1238.83,0
ACC-07852,Enterprise,E-commerce,65,708,23,,0.795,544.0,4,2,38.0,3.1,147,7053.18,0
ACC-07853,Growth,SaaS,20,114,10,0.564,0.874,228.0,2,0,26.0,3.8,77,1071.87,0
ACC-07854,Growth,E-commerce,27,474,16,0.5,0.345,12.0,3,0,58.0,,61,1216.68,0
ACC-07855,Starter,Healthcare,2,813,2,0.394,0.483,20.0,2,0,24.0,4.3,345,32.95,0
ACC-07856,Growth,FinTech,17,436,10,0.27,0.237,207.0,0,0,43.0,3.6,373,721.01,0
ACC-07857,Starter,SaaS,9,861,8,0.532,0.302,46.0,1,0,22.0,3.2,346,129.39,0
ACC-07858,Starter,Healthcare,5,94,4,0.493,0.341,59.0,2,0,1.0,2.4,337,131.5,0
ACC-07859,Enterprise,SaaS,165,299,18,0.68,0.619,503.0,1,0,44.0,3.4,257,11577.52,0
ACC-07860,Growth,Healthcare,24,828,1,0.789,0.422,194.0,0,0,61.0,3.8,34,917.28,0
ACC-07861,Growth,Healthcare,37,648,17,0.383,0.379,61.0,0,0,13.0,3.1,224,995.34,0
ACC-07862,Starter,Other,4,264,6,0.02,0.497,8.0,0,0,19.0,1.8,38,66.88,1
ACC-07863,Starter,SaaS,4,804,3,0.604,0.354,71.0,1,1,48.0,5.0,122,54.75,0
ACC-07864,Growth,SaaS,37,353,21,0.582,0.639,162.0,3,1,28.0,4.2,43,2156.89,0
ACC-07865,Growth,Other,14,716,9,0.463,0.495,2901.0,2,0,42.0,5.0,397,490.64,0
ACC-07866,Growth,FinTech,18,307,11,,0.289,307.0,1,0,46.0,3.5,90,959.76,0
ACC-07867,Starter,FinTech,4,314,3,0.406,0.22,15.0,3,0,78.0,4.1,244,74.38,0
ACC-07868,Starter,E-commerce,3,305,12,0.262,0.546,45.0,2,0,66.0,3.7,61,79.55,0
ACC-07869,Growth,SaaS,11,337,19,0.485,0.39,139.0,0,0,65.0,4.0,252,498.66,0
ACC-07870,Growth,E-commerce,39,545,19,0.694,0.431,130.0,3,2,64.0,3.9,359,1078.04,0
ACC-07871,Starter,Other,2,731,13,0.25,0.469,28.0,0,0,48.0,4.0,291,46.09,0
ACC-07872,Starter,E-commerce,8,569,4,0.025,0.323,60.0,0,0,61.0,4.1,328,87.74,1
ACC-07873,Starter,FinTech,514,36,15,0.663,0.047,55.0,1,0,61.0,4.2,176,136.57,0
ACC-07874,Starter,Other,1,544,6,0.604,0.339,0.0,1,0,-11.0,3.5,141,22.54,1
ACC-07875,Growth,Healthcare,24,396,6,0.178,0.56,229.0,0,0,50.0,4.0,145,941.34,0
ACC-07876,Starter,SaaS,2,74,5,0.126,0.446,66.0,2,1,76.0,4.5,125,52.0,0
ACC-07877,Growth,E-commerce,8,306,14,0.593,0.436,145.0,1,0,48.0,,48,288.52,0
ACC-07878,Growth,SaaS,36,873,10,0.325,0.44,248.0,1,0,19.0,4.9,65,1063.55,0
ACC-07879,Enterprise,FinTech,198,322,21,0.867,0.717,404.0,2,1,61.0,4.6,82,14681.72,0
ACC-07880,Enterprise,E-commerce,37,646,22,0.748,0.716,237.0,0,0,9.0,2.8,31,3348.47,0
ACC-07881,Starter,SaaS,9,190,9,0.479,0.332,86.0,2,1,42.0,4.8,251,236.59,0
ACC-07882,Starter,SaaS,6,796,10,,0.4,12.0,0,0,,2.4,275,100.21,0
ACC-07883,Starter,E-commerce,5,735,6,0.624,0.389,7.0,0,0,90.0,4.4,331,121.67,0
ACC-07884,Growth,FinTech,28,155,10,0.423,0.428,164.0,0,0,67.0,3.3,344,917.81,0
ACC-07885,Starter,E-commerce,6,626,0,0.523,0.199,18.0,3,0,40.0,3.3,378,139.86,0
ACC-07886,Starter,SaaS,4,839,7,0.664,0.238,37.0,0,0,,,84,81.87,0
ACC-07887,Starter,Healthcare,7,815,5,0.309,0.271,47.0,2,1,1.0,3.2,395,131.19,0
ACC-07888,Starter,Other,5,653,6,0.411,,65.0,2,0,35.0,4.3,39,105.37,0
ACC-07889,Growth,SaaS,17,660,4,0.766,0.444,181.0,2,1,9.0,3.0,29,785.13,0
ACC-07890,Growth,Healthcare,17,457,6,0.735,0.569,397.0,3,0,93.0,3.3,250,790.84,0
ACC-07891,Growth,SaaS,18,146,15,0.815,0.427,334.0,1,0,26.0,3.7,276,715.8,0
ACC-07892,Enterprise,FinTech,21,34,13,0.843,0.784,601.0,5,2,17.0,2.9,197,1494.58,0
ACC-07893,Starter,FinTech,7,273,6,0.498,0.376,58.0,1,1,33.0,4.8,294,70.23,0
ACC-07894,Starter,SaaS,9,238,3,0.549,0.262,79.0,1,1,,3.3,4,247.42,0
ACC-07895,Starter,SaaS,4,823,3,0.389,0.579,41.0,3,1,34.0,3.6,365,45.27,1
ACC-07896,Growth,Healthcare,28,757,13,0.282,0.63,79.0,2,0,28.0,4.4,22,894.63,0
ACC-07897,Growth,Healthcare,24,301,13,0.721,0.597,1.0,3,0,37.0,2.3,113,1216.86,0
ACC-07898,Starter,Other,4,349,9,0.527,0.279,52.0,1,0,51.0,3.2,103,89.38,0
ACC-07899,Enterprise,Other,31,672,15,0.619,0.896,960.0,1,0,12.0,5.0,362,2683.21,0
ACC-07900,Starter,FinTech,8,614,3,0.62,0.385,66.0,0,0,60.0,4.4,37,202.88,0
ACC-07901,Starter,SaaS,8,799,12,,0.327,14.0,0,0,57.0,4.9,146,135.89,0
ACC-07902,Growth,SaaS,23,661,12,0.681,0.585,117.0,1,0,65.0,4.4,33,871.0,0
ACC-07903,Enterprise,E-commerce,52,626,22,0.891,0.611,271.0,2,1,24.0,4.2,123,40413.87866163975,0
ACC-07904,Growth,Other,36,701,11,0.618,0.393,98.0,2,0,37.0,3.9,81,1290.31,0
ACC-07905,Enterprise,SaaS,136,806,22,0.626,0.756,851.0,0,0,58.0,4.1,40,18350.31,0
ACC-07906,Starter,SaaS,9,352,0,0.395,,51.0,3,1,70.0,4.9,148,104.78,0
ACC-07907,Growth,FinTech,12,236,18,,0.51,7.0,2,1,75.0,4.6,384,532.12,0
ACC-07908,Enterprise,Other,176,820,18,0.841,0.706,489.0,2,0,21.0,4.0,155,11648.72,0
ACC-07909,Growth,FinTech,29,157,7,0.618,0.335,166.0,2,0,37.0,3.4,88,851.34,0
ACC-07910,Starter,Healthcare,2,272,2,0.347,0.02,1.0,1,0,32.0,4.2,256,21.68,0
ACC-07911,Enterprise,FinTech,113,134,19,0.68,0.66,583.0,3,0,66.0,2.6,136,8479.19,0
ACC-07912,Starter,FinTech,5,754,7,0.522,0.404,40.0,2,1,35.0,2.9,252,58.41,0
ACC-07913,Starter,FinTech,2,826,8,,0.456,39.0,1,1,59.0,3.0,51,32.67,0
ACC-07914,Enterprise,Healthcare,145,390,15,,0.787,694.0,2,0,24.0,3.5,284,12513.8,0
ACC-07915,Enterprise,Healthcare,198,102,24,0.365,0.555,956.0,3,0,-2.0,4.2,201,15339.46,0
ACC-07916,Enterprise,FinTech,114,221,18,0.892,0.699,428.0,1,0,31.0,3.5,228,10863.02,0
ACC-07917,Enterprise,SaaS,127,526,17,0.676,0.671,348.0,1,0,26.0,3.9,126,8369.12,0
ACC-07918,Starter,SaaS,2,318,6,0.623,0.188,9.0,0,0,18.0,4.4,26,52.94,0
ACC-07919,Enterprise,SaaS,92,678,23,0.67,,248.0,2,0,,4.9,237,6474.25,0
ACC-07920,Growth,SaaS,32,722,13,0.714,0.793,127.0,0,0,2.0,4.6,52,1805.67,0
ACC-07921,Growth,SaaS,35,400,11,0.238,0.748,155.0,0,0,22.0,3.3,43,1569.94,0
ACC-07922,Starter,Healthcare,3,558,6,0.478,0.428,106.0,0,0,18.0,5.0,21,69.56,0
ACC-07923,Enterprise,Healthcare,65,70,25,1.0,0.848,773.0,1,0,61.0,3.6,370,8485.44,0
ACC-07924,Growth,Healthcare,22,135,18,0.593,,63.0,3,1,23.0,3.6,7,1235.46,0
ACC-07925,Enterprise,Healthcare,161,311,22,0.848,0.873,780.0,1,0,42.0,4.2,35,20180.86,0
ACC-07926,Starter,Other,3,123,8,0.35,0.212,12.0,0,0,45.0,3.2,199,30.2,0
ACC-07927,Starter,Other,6,27,17,,0.339,,3,0,20.0,1.8,253,120.57,0
ACC-07928,Growth,SaaS,39,622,15,0.404,0.511,376.0,2,0,95.0,3.5,396,1350.83,0
ACC-07929,Starter,SaaS,5,34,8,,0.412,0.0,1,0,53.0,,385,72.73,0
ACC-07930,Growth,SaaS,28,226,12,0.31,0.724,,3,2,45.0,2.8,142,1353.08,0
ACC-07931,Starter,Other,1,653,9,0.47,0.229,24.0,3,1,47.0,4.4,342,20.31,1
ACC-07932,Growth,SaaS,34,198,0,0.747,0.53,239.0,2,0,35.0,2.8,12,1823.94,0
ACC-07933,Starter,FinTech,9,215,12,0.42,0.33,37.0,3,1,20.0,4.4,299,116.72,0
ACC-07934,Starter,E-commerce,6,678,1,0.171,0.282,70.0,0,0,27.0,3.4,177,96.64,0
ACC-07935,Growth,E-commerce,19,33,10,0.785,0.482,195.0,2,0,23.0,4.1,256,1128.81,0
ACC-07936,Starter,E-commerce,3,299,1,0.775,0.215,93.0,0,0,24.0,3.3,7,75.51,1
ACC-07937,Starter,Healthcare,2,488,4,0.708,0.31,3639.0,2,0,42.0,3.1,377,33.0,0
ACC-07938,Starter,E-commerce,4,74,5,0.619,0.349,33.0,2,1,-10.0,1.0,370,102.2,0
ACC-07939,Starter,Other,5,591,11,0.576,0.184,54.0,1,0,40.0,4.5,222,103.77,0
ACC-07940,Growth,SaaS,28,390,19,1.0,0.554,221.0,1,0,32.0,3.8,47,1158.69,0
ACC-07941,Starter,Other,8,289,16,0.407,0.574,43.0,0,0,45.0,4.0,323,188.43,0
ACC-07942,Starter,E-commerce,4,518,7,0.606,0.349,40.0,0,0,94.0,3.2,207,42.59,0
ACC-07943,Growth,SaaS,32,48,12,0.519,0.288,,1,0,4.0,3.0,187,1105.89,0
ACC-07944,Growth,Other,38,546,17,0.592,0.59,249.0,2,0,7.0,4.6,262,1480.99,0
ACC-07945,Growth,Other,33,424,9,0.617,0.791,168.0,2,0,35.0,3.9,272,1865.16,0
ACC-07946,Starter,Other,4,65,3,0.392,0.239,38.0,1,1,87.0,3.1,256,61.53,0
ACC-07947,Enterprise,Other,63,710,18,0.824,0.627,325.0,1,1,-3.0,3.1,260,3923.26,0
ACC-07948,Starter,FinTech,2,415,7,0.629,0.572,33.0,2,1,,4.1,88,31.96,0
ACC-07949,Starter,SaaS,8,74,0,0.505,0.225,,0,0,21.0,3.2,235,217.6,0
ACC-07950,Enterprise,SaaS,68,332,25,0.838,0.66,531.0,5,0,36.0,3.6,355,3886.84,0
ACC-07951,Growth,Other,21,674,14,0.312,0.9,262.0,1,0,6.0,4.2,34,941.69,0
ACC-07952,Growth,Healthcare,22,411,17,0.556,0.583,2058.0,5,2,30.0,,63,630.0,0
ACC-07953,Enterprise,Other,43,357,13,0.539,0.597,,2,1,,4.4,54,3389.75,0
ACC-07954,Starter,Other,2,50,4,0.353,0.28,49.0,5,0,24.0,,303,23.02,1
ACC-07955,Enterprise,E-commerce,156,71,17,0.861,0.576,558.0,0,0,56.0,3.3,237,12106.27,0
ACC-07956,Growth,SaaS,32,275,12,0.636,0.512,0.0,6,1,85.0,3.8,182,1613.91,0
ACC-07957,Starter,SaaS,8,254,7,0.464,0.391,0.0,1,0,55.0,2.6,361,107.55,0
ACC-07958,Starter,FinTech,1,584,11,0.438,0.664,26.0,0,0,66.0,3.8,118,25.73,0
ACC-07959,Starter,Healthcare,3,430,7,0.2,0.262,17.0,0,0,,4.7,91,75.64,0
ACC-07960,Enterprise,SaaS,91,125,17,0.657,0.636,763.0,0,0,29.0,,261,8021.9,0
ACC-07961,Starter,Other,3,591,17,0.414,0.432,30.0,3,0,-12.0,3.2,380,32.06,0
ACC-07962,Starter,Healthcare,5,863,6,0.597,0.198,53.0,0,0,16.0,4.3,110,97.5,0
ACC-07963,Growth,FinTech,18,774,9,0.812,0.465,126.0,4,0,63.0,3.6,50,967.04,0
ACC-07964,Growth,Other,23,894,5,0.596,,197.0,1,0,8.0,2.6,283,872.81,1
ACC-07965,Starter,E-commerce,5,439,7,0.414,0.12,,2,0,35.0,3.2,134,94.99,0
ACC-07966,Enterprise,Healthcare,134,333,23,0.63,0.843,627.0,1,1,39.0,4.1,265,18706.91,0
ACC-07967,Growth,FinTech,26,63,8,0.645,0.69,,1,0,12.0,,308,977.16,0
ACC-07968,Enterprise,FinTech,28,617,23,1.0,0.704,637.0,1,1,77.0,3.1,84,2176.42,0
ACC-07969,Starter,SaaS,4,403,7,0.74,0.361,48.0,2,0,51.0,4.5,258,56.21,0
ACC-07970,Starter,E-commerce,1,576,0,0.367,0.722,9.0,1,0,76.0,3.3,80,20.81,0
ACC-07971,Growth,Healthcare,11,280,16,0.406,,56.0,0,0,69.0,2.9,368,39791.488531664305,0
ACC-07972,Starter,Other,2,162,6,0.456,0.315,24.0,1,0,59.0,4.4,354,42.69,0
ACC-07973,Growth,Other,32,625,8,0.543,0.444,177.0,1,0,-7.0,4.1,251,1121.35,0
ACC-07974,Starter,SaaS,1,357,11,,,14.0,2,0,11.0,4.1,347,22.61,0
ACC-07975,Growth,Other,11,482,17,0.799,0.508,181.0,1,0,39.0,4.4,225,568.74,0
ACC-07976,Enterprise,SaaS,130,882,15,0.829,0.577,532.0,0,0,33.0,4.9,109,17999.73,0
ACC-07977,Enterprise,SaaS,103,263,21,0.99,0.914,3259.0,1,0,26.0,4.1,171,7557.8,0
ACC-07978,Enterprise,Healthcare,107,127,21,0.726,0.483,461.0,2,0,37.0,3.3,270,11472.3,0
ACC-07979,Enterprise,Other,141,644,20,0.979,,361.0,1,0,100.0,3.8,21,12788.78,0
ACC-07980,Growth,Other,9,523,11,0.52,0.45,72.0,1,0,,2.8,267,241.02,0
ACC-07981,Starter,Healthcare,7,366,6,0.431,0.377,52.0,2,0,32.0,3.9,396,140.71,1
ACC-07982,Enterprise,SaaS,86,544,24,1.0,0.596,276.0,2,0,38.0,3.0,233,6782.71,0
ACC-07983,Enterprise,SaaS,193,831,22,0.649,0.724,876.0,1,0,50.0,3.3,384,22106.63,0
ACC-07984,Enterprise,SaaS,54,162,11,0.671,0.748,0.0,3,0,50.0,,316,39442.84105278112,0
ACC-07985,Growth,E-commerce,25,714,3,0.767,0.474,184.0,5,1,41.0,1.6,355,1270.54,0
ACC-07986,Starter,FinTech,7,488,0,0.496,0.268,2344.0,1,0,22.0,2.8,205,119.45,0
ACC-07987,Enterprise,SaaS,72,727,14,0.735,0.689,517.0,1,0,20.0,4.4,187,4937.37,0
ACC-07988,Enterprise,FinTech,78,826,17,0.714,0.659,942.0,3,1,35.0,2.7,347,8870.04,0
ACC-07989,Growth,E-commerce,444,155,11,0.658,,,0,0,27.0,4.7,276,783.41,0
ACC-07990,Enterprise,Healthcare,42,116,20,0.775,0.507,865.0,1,0,11.0,3.1,354,4350.71,0
ACC-07991,Growth,FinTech,20,17,13,0.423,0.589,145.0,4,1,5.0,,218,997.64,0
ACC-07992,Enterprise,FinTech,102,182,20,0.719,0.569,529.0,2,1,54.0,3.3,96,6678.18,0
ACC-07993,Starter,E-commerce,8,321,12,0.448,0.364,50.0,1,1,7.0,3.1,153,195.32,0
ACC-07994,Enterprise,Healthcare,52,240,12,0.808,0.581,610.0,4,1,45.0,1.4,278,3796.72,0
ACC-07995,Starter,SaaS,6,743,9,0.509,0.214,70.0,1,0,84.0,3.9,7,117.97,0
ACC-07996,Starter,SaaS,5,679,8,0.542,0.466,0.0,0,0,-9.0,4.3,79,115.08,0
ACC-07997,Starter,Other,7,325,1,,0.234,93.0,1,0,36.0,,210,135.96,0
ACC-07998,Growth,Healthcare,30,525,15,,0.69,,1,1,21.0,4.9,211,1650.64,0
ACC-07999,Starter,SaaS,5,291,9,0.254,0.242,16.0,1,0,33.0,3.8,194,64.39,0
ACC-08000,Enterprise,E-commerce,159,460,20,1.0,0.562,854.0,1,0,7.0,3.9,93,10376.31,0
ACC-08001,Growth,E-commerce,30,271,2,0.524,0.581,291.0,1,0,18.0,3.3,337,1339.3,0
ACC-08002,Enterprise,SaaS,172,715,24,0.671,0.637,1060.0,3,0,62.0,3.7,336,21359.98,0
ACC-08003,Starter,SaaS,1,215,8,0.137,0.361,62.0,2,0,64.0,3.5,5,16.63,0
ACC-08004,Starter,Other,4,880,9,0.562,0.42,,1,0,41.0,3.7,312,44.53,0
ACC-08005,Growth,E-commerce,11,840,0,0.652,0.401,144.0,4,2,10.0,2.5,358,276.29,0
ACC-08006,Growth,SaaS,20,187,11,0.524,0.569,195.0,1,0,31.0,3.8,163,595.96,0
ACC-08007,Growth,Healthcare,21,519,7,0.321,,,0,0,85.0,2.7,336,936.99,0
ACC-08008,Enterprise,FinTech,118,733,26,0.56,0.854,,1,1,26.0,2.7,118,15199.15,0
ACC-08009,Enterprise,E-commerce,77,761,15,,0.779,504.0,2,0,100.0,3.6,135,6405.65,0
ACC-08010,Growth,FinTech,27,341,20,,0.578,135.0,0,0,46.0,4.0,39,1192.63,0
ACC-08011,Enterprise,SaaS,128,499,24,0.864,0.693,679.0,0,0,36.0,4.0,253,7641.09,0
ACC-08012,Growth,SaaS,36,143,14,,0.503,142.0,2,1,36.0,2.7,287,1821.25,0
ACC-08013,Growth,Other,556,236,18,0.565,0.29,163.0,2,0,,4.8,119,747.56,0
ACC-08014,Starter,E-commerce,7,241,3,0.674,0.189,0.0,1,0,30.0,3.3,25,141.76,0
ACC-08015,Starter,Healthcare,9,267,4,0.47,,,1,1,63.0,3.6,300,242.74,1
ACC-08016,Starter,SaaS,9,367,11,0.286,0.343,0.0,2,0,78.0,3.4,373,158.22,0
ACC-08017,Growth,Healthcare,17,623,9,0.758,0.649,121.0,2,0,14.0,3.2,386,861.0,0
ACC-08018,Growth,FinTech,26,810,7,0.497,0.549,224.0,0,0,43.0,3.3,210,929.19,0
ACC-08019,Starter,E-commerce,9,529,6,0.172,0.284,28.0,2,0,-12.0,5.0,169,206.55,0
ACC-08020,Growth,FinTech,33,437,9,0.49,0.554,168.0,1,0,12.0,5.0,351,1481.47,0
ACC-08021,Starter,E-commerce,5,636,15,0.164,0.226,42.0,0,0,,3.8,18,89.81,0
ACC-08022,Starter,SaaS,4,558,10,0.435,0.422,67.0,1,0,42.0,3.8,393,40.36,0
ACC-08023,Enterprise,SaaS,114,409,17,0.591,0.717,334.0,2,0,59.0,4.1,26,12760.48,0
ACC-08024,Starter,Healthcare,5,43,2,0.544,0.366,43.0,1,1,41.0,4.9,314,58.3,0
ACC-08025,Starter,SaaS,5,494,9,0.622,0.244,2.0,0,0,35.0,1.4,218,119.16,0
ACC-08026,Growth,SaaS,17,70,18,0.643,0.339,307.0,2,0,-13.0,3.2,85,817.09,0
ACC-08027,Starter,Other,5,555,8,0.379,0.19,49.0,2,0,40.0,2.8,6,136.56,0
ACC-08028,Growth,SaaS,18,845,9,0.508,0.528,138.0,3,0,39.0,2.2,392,522.82,0
ACC-08029,Enterprise,E-commerce,62,720,14,0.712,0.723,993.0,2,0,4.0,3.7,116,4996.58,0
ACC-08030,Growth,Healthcare,36,756,11,0.659,0.671,101.0,1,0,34.0,4.4,96,2113.36,0
ACC-08031,Growth,Healthcare,20,423,14,0.602,0.42,0.0,0,0,,3.8,50,757.7,0
ACC-08032,Starter,SaaS,5,447,5,,0.306,58.0,1,0,61.0,3.0,99,121.23,0
ACC-08033,Growth,E-commerce,29,479,18,0.539,0.554,183.0,1,1,84.0,4.5,30,1297.09,0
ACC-08034,Starter,E-commerce,1,191,9,0.468,0.227,0.0,1,0,1.0,2.2,90,19.1,0
ACC-08035,Starter,FinTech,6,882,8,0.69,0.272,,0,0,3.0,3.4,391,118.67,0
ACC-08036,Enterprise,Healthcare,84,49,22,0.785,0.611,196.0,5,0,3.0,,335,11060.0,0
ACC-08037,Growth,Other,23,891,7,,0.457,164.0,2,0,45.0,2.8,350,736.96,0
ACC-08038,Growth,SaaS,39,878,11,0.764,0.456,127.0,0,0,7.0,5.0,306,1172.15,0
ACC-08039,Starter,SaaS,4,846,2,0.625,0.475,56.0,1,0,37.0,3.8,80,87.98,0
ACC-08040,Enterprise,Healthcare,45,19,22,0.68,0.517,612.0,1,0,49.0,3.5,159,2702.31,0
ACC-08041,Starter,FinTech,9,859,2,0.437,0.074,52.0,1,0,2.0,5.0,247,218.6,0
ACC-08042,Starter,Healthcare,1,224,7,0.533,0.259,78.0,2,0,41.0,4.2,270,18.2,0
ACC-08043,Enterprise,SaaS,56,245,19,0.792,0.776,756.0,3,0,47.0,3.9,156,7180.49,0
ACC-08044,Growth,SaaS,30,619,16,0.399,0.626,126.0,3,0,-2.0,2.8,322,1075.57,0
ACC-08045,Enterprise,Healthcare,180,366,15,0.699,0.663,777.0,1,0,21.0,3.5,223,17938.7,0
ACC-08046,Starter,Other,9,844,9,0.201,0.08,25.0,2,0,10.0,4.5,30,230.96,1
ACC-08047,Growth,SaaS,37,453,8,,0.356,133.0,2,0,36.0,4.9,19,1231.48,0
ACC-08048,Enterprise,Other,382,117,16,0.712,0.722,676.0,3,0,12.0,4.5,292,8920.34,0
ACC-08049,Growth,FinTech,34,226,12,0.51,0.569,70.0,1,0,100.0,4.6,120,2032.48,0
ACC-08050,Growth,SaaS,6,699,18,0.401,0.599,177.0,2,0,50.0,3.4,378,332.87,0
ACC-08051,Starter,E-commerce,7,524,3,0.181,0.458,8.0,3,0,31.0,3.2,232,152.39,0
ACC-08052,Growth,SaaS,422,307,5,0.383,0.438,75.0,1,0,41.0,3.7,65,558.67,0
ACC-08053,Enterprise,Healthcare,78,208,16,0.628,0.513,937.0,2,0,28.0,3.6,82,5396.46,0
ACC-08054,Growth,FinTech,13,616,11,,0.51,245.0,3,2,,3.0,139,605.3,0
ACC-08055,Enterprise,FinTech,19,250,28,0.866,0.613,11.0,4,2,25.0,4.4,351,2132.4,0
ACC-08056,Growth,SaaS,29,99,15,0.556,0.419,123.0,2,0,31.0,3.0,69,970.04,0
ACC-08057,Growth,Healthcare,9,506,10,0.586,0.677,283.0,0,0,,4.9,314,477.23,0
ACC-08058,Starter,Other,8,780,6,0.703,,13.0,2,0,,4.5,392,207.07,0
ACC-08059,Growth,FinTech,16,287,20,1.0,0.401,177.0,0,0,2.0,3.5,161,509.73,0
ACC-08060,Enterprise,FinTech,112,640,19,0.9,0.722,923.0,0,0,58.0,2.3,269,8396.14,0
ACC-08061,Growth,Other,39,409,12,0.498,,93.0,4,0,75.0,5.0,360,2309.87,0
ACC-08062,Starter,SaaS,8,860,5,0.861,,18.0,1,0,,3.6,177,57498.967257439166,0
ACC-08063,Growth,Healthcare,31,551,16,0.689,0.559,214.0,1,0,39.0,3.7,206,835.58,0
ACC-08064,Growth,E-commerce,15,459,11,0.984,0.553,100.0,2,1,36.0,2.4,179,707.06,0
ACC-08065,Enterprise,Other,132,215,24,0.937,0.908,638.0,3,2,34.0,3.4,58,8817.21,0
ACC-08066,Starter,FinTech,8,800,12,0.61,0.248,46.0,3,0,63.0,3.4,163,132.73,0
ACC-08067,Starter,FinTech,2,54,10,0.517,0.485,49.0,1,0,25.0,4.3,9,21.62,0
ACC-08068,Starter,FinTech,4,492,6,0.501,0.273,49.0,1,0,60.0,1.8,63,76.26,0
ACC-08069,Starter,SaaS,9,249,1,0.654,0.271,65.0,0,0,25.0,3.0,348,162.35,0
ACC-08070,Enterprise,SaaS,146,468,19,0.766,0.617,774.0,2,0,30.0,4.0,53,14117.92,0
ACC-08071,Growth,Other,16,885,10,0.497,,306.0,0,0,24.0,2.4,339,485.0,0
ACC-08072,Growth,SaaS,5,97,9,0.384,0.439,273.0,1,0,4.0,4.3,24,269.53,0
ACC-08073,Starter,SaaS,7,60,6,0.273,0.328,43.0,5,2,45.0,3.6,325,100.36,0
ACC-08074,Growth,SaaS,36,735,15,0.331,0.586,117.0,2,0,51.0,3.3,271,1696.72,0
ACC-08075,Enterprise,FinTech,38,632,17,0.453,0.729,476.0,2,0,12.0,3.2,326,2406.9,0
ACC-08076,Growth,E-commerce,29,379,7,0.589,0.663,168.0,2,0,44.0,3.5,123,976.4,0
ACC-08077,Starter,SaaS,5,211,3,0.819,0.301,56.0,7,0,30.0,3.6,275,50.48,0
ACC-08078,Starter,Healthcare,5,545,15,0.521,0.368,44.0,1,0,33.0,5.0,286,70.46,0
ACC-08079,Enterprise,Healthcare,163,241,22,0.783,0.633,942.0,3,0,29.0,4.5,301,11898.81,0
ACC-08080,Enterprise,SaaS,26,590,16,0.896,0.911,624.0,0,0,41.0,4.4,283,3596.14,0
ACC-08081,Starter,Healthcare,8,372,13,0.374,0.284,65.0,4,1,35.0,2.4,85,81.91,0
ACC-08082,Growth,FinTech,32,700,12,0.674,0.397,,3,2,37.0,4.6,186,1780.21,0
ACC-08083,Starter,FinTech,3,597,17,0.335,0.507,101.0,2,0,51.0,3.6,389,70.95,0
ACC-08084,Growth,Other,35,523,14,0.589,0.536,147.0,1,1,50.0,3.4,372,1004.96,0
ACC-08085,Starter,Other,3,100,10,0.369,,51.0,2,0,13.0,4.0,24,60.72,0
ACC-08086,Enterprise,FinTech,15,563,24,0.626,0.61,964.0,0,0,60.0,5.0,218,1902.61,0
ACC-08087,Enterprise,FinTech,55,632,27,0.609,0.708,648.0,3,2,64.0,3.6,382,5124.57,0
ACC-08088,Starter,FinTech,1,475,5,0.667,0.169,,0,0,,2.2,376,23.7,0
ACC-08089,Growth,E-commerce,20,539,19,0.599,0.19,142.0,0,0,-6.0,4.7,75,1168.11,1
ACC-08090,Starter,Healthcare,8,557,4,0.42,0.36,,2,1,,3.4,148,170.04,1
ACC-08091,Starter,SaaS,4,221,5,0.288,0.366,0.0,2,0,47.0,2.8,250,93.47,0
ACC-08092,Starter,Other,1,407,7,0.299,0.102,37.0,4,1,27.0,,37,27.92,1
ACC-08093,Starter,Healthcare,4,125,11,0.643,0.252,21.0,1,1,48.0,3.1,284,82.7,1
ACC-08094,Enterprise,SaaS,18,701,19,0.931,0.782,634.0,2,0,82.0,3.8,391,2475.58,0
ACC-08095,Starter,Other,6,143,14,0.812,,41.0,2,0,12.0,2.7,147,99.23,0
ACC-08096,Enterprise,Healthcare,103,732,26,0.775,0.846,324.0,1,1,34.0,2.6,279,9587.77,0
ACC-08097,Starter,FinTech,3,577,7,0.511,0.589,0.0,1,1,71.0,,336,38.74,0
ACC-08098,Growth,E-commerce,16,472,9,0.49,0.392,178.0,0,0,25.0,3.7,116,530.98,0
ACC-08099,Growth,Other,6,461,18,,0.316,20.0,1,0,0.0,3.6,88,286.3,0
ACC-08100,Enterprise,Other,151,143,11,0.71,0.632,727.0,1,0,39.0,4.0,205,10758.1,0
ACC-08101,Starter,FinTech,498,591,10,0.266,0.382,42.0,1,1,78.0,4.3,202,80.6,0
ACC-08102,Starter,E-commerce,8,344,3,0.374,0.225,47.0,3,0,58.0,3.9,394,156.34,0
ACC-08103,Growth,Other,38,708,19,0.562,0.411,88.0,0,0,10.0,3.8,240,1371.71,0
ACC-08104,Growth,Other,3,758,7,0.79,0.562,76.0,0,0,18.0,3.2,243,840.58,0
ACC-08105,Growth,SaaS,35,826,10,0.39,0.689,145.0,1,0,-8.0,4.2,209,2014.25,0
ACC-08106,Starter,E-commerce,5,826,9,0.492,0.169,0.0,2,0,49.0,3.9,37,129.5,0
ACC-08107,Starter,Other,1,689,10,0.61,0.448,56.0,0,0,57.0,3.6,367,26.37,0
ACC-08108,Enterprise,SaaS,65,250,17,0.615,0.715,206.0,2,0,41.0,2.9,395,3931.81,0
ACC-08109,Growth,FinTech,30,256,12,0.549,,106.0,4,0,23.0,1.8,180,1141.2,0
ACC-08110,Growth,E-commerce,10,847,17,0.437,0.528,213.0,0,0,42.0,3.0,301,587.73,0
ACC-08111,Starter,E-commerce,4,867,12,0.117,0.576,48.0,1,0,1.0,3.3,231,67.26,0
ACC-08112,Starter,Healthcare,2,259,5,0.605,,61.0,1,0,28.0,4.3,34,47.34,0
ACC-08113,Enterprise,SaaS,186,588,17,0.561,0.632,878.0,1,0,52.0,3.8,281,18561.39,0
ACC-08114,Growth,Healthcare,22,828,7,0.458,0.49,,1,1,54.0,3.4,375,1101.19,0
ACC-08115,Starter,FinTech,9,765,8,0.442,0.619,25.0,0,0,46.0,3.6,47,196.82,0
ACC-08116,Enterprise,Healthcare,181,842,24,0.73,0.715,,2,1,-7.0,2.0,63,18082.26,0
ACC-08117,Growth,FinTech,36,325,14,,0.494,173.0,1,0,6.0,3.3,269,1537.47,0
ACC-08118,Starter,SaaS,7,461,3,0.314,0.311,,2,0,23.0,3.1,293,103.17,0
ACC-08119,Starter,Other,6,544,15,0.278,0.387,,1,0,63.0,2.8,226,119.16,0
ACC-08120,Growth,Healthcare,29,856,4,,0.608,206.0,0,0,29.0,3.0,361,1465.73,0
ACC-08121,Starter,FinTech,6,884,11,0.663,0.175,80.0,3,0,33.0,3.0,226,71.26,0
ACC-08122,Growth,SaaS,1,500,14,0.487,0.622,275.0,3,1,46.0,,128,1773.39,0
ACC-08123,Growth,E-commerce,11,769,15,0.443,0.161,226.0,0,0,36.0,5.0,330,433.89,0
ACC-08124,Starter,Other,3,349,3,0.567,0.299,0.0,1,0,37.0,2.7,187,69.87,0
ACC-08125,Enterprise,FinTech,83,548,19,0.677,0.832,290.0,5,0,15.0,3.2,211,6617.0,0
ACC-08126,Starter,Other,4,731,8,0.816,0.295,7.0,1,1,20.0,4.7,190,47.94,0
ACC-08127,Starter,FinTech,5,800,7,0.632,,68.0,1,0,41.0,3.3,19,66.37,0
ACC-08128,Growth,Healthcare,15,110,5,0.839,0.343,211.0,1,0,76.0,3.6,209,584.01,0
ACC-08129,Growth,FinTech,14,78,21,0.655,0.501,150.0,6,1,16.0,5.0,199,503.28,0
ACC-08130,Growth,SaaS,28,205,16,0.639,0.828,218.0,3,0,30.0,4.5,148,1465.59,0
ACC-08131,Growth,Other,32,104,13,0.902,0.416,42.0,0,0,45.0,3.4,27,1719.12,0
ACC-08132,Enterprise,SaaS,67,202,20,0.49,0.596,448.0,1,0,78.0,1.9,366,6186.97,0
ACC-08133,Enterprise,Other,64,854,28,0.548,0.748,494.0,2,0,59.0,3.1,159,4720.27,0
ACC-08134,Enterprise,SaaS,179,565,17,1.0,0.604,284.0,2,1,5.0,3.8,95,24938.92,0
ACC-08135,Starter,SaaS,7,99,3,0.502,0.238,2.0,0,0,27.0,4.6,306,193.17,0
ACC-08136,Starter,Other,8,642,11,0.26,0.254,48.0,3,0,24.0,,37,200.33,0
ACC-08137,Growth,E-commerce,6,846,15,0.398,0.562,129.0,3,3,9.0,2.3,221,271.67,0
ACC-08138,Starter,SaaS,2,755,2,0.607,0.267,0.0,2,0,36.0,4.8,254,21.16,0
ACC-08139,Growth,E-commerce,9,771,18,0.46,0.559,280.0,1,0,76.0,2.8,155,378.27,0
ACC-08140,Starter,SaaS,2,811,8,0.219,0.335,48.0,1,0,41.0,4.3,107,53.15,0
ACC-08141,Starter,Other,6,679,3,0.597,0.534,6.0,1,1,43.0,3.9,248,91.23,0
ACC-08142,Starter,SaaS,4,789,9,0.02,0.525,37.0,1,0,10.0,4.3,334,59.79,0
ACC-08143,Starter,E-commerce,4,720,9,0.304,0.188,20.0,1,1,62.0,4.4,332,54.95,1
ACC-08144,Starter,SaaS,2,618,7,0.151,0.325,17.0,3,1,47.0,3.8,385,39.97,0
ACC-08145,Growth,Healthcare,30,190,15,0.605,,237.0,1,0,46.0,4.4,6,992.56,0
ACC-08146,Growth,Other,6,824,16,0.426,0.517,205.0,0,0,60.0,2.4,220,258.69,0
ACC-08147,Starter,Healthcare,4,93,11,0.464,0.386,0.0,0,0,23.0,,142,41.24,0
ACC-08148,Starter,FinTech,7,258,7,0.505,0.553,5.0,0,0,2.0,4.7,41,125.97,0
ACC-08149,Enterprise,SaaS,19,653,19,0.721,0.807,799.0,0,0,44.0,4.5,345,2486.21,0
ACC-08150,Starter,SaaS,7,656,8,0.575,0.436,2.0,1,0,32.0,3.8,399,118.69,0
ACC-08151,Growth,Other,21,796,18,0.561,0.476,198.0,2,0,28.0,2.5,381,1109.25,0
ACC-08152,Growth,SaaS,33,81,16,0.775,0.382,147.0,2,0,77.0,3.8,280,1537.51,0
ACC-08153,Growth,E-commerce,10,711,12,0.628,0.578,130.0,1,0,65.0,4.8,139,523.13,0
ACC-08154,Enterprise,FinTech,450,124,20,0.775,0.875,695.0,0,0,44.0,3.1,390,10126.72,0
ACC-08155,Growth,Other,24,553,20,0.796,0.519,218.0,1,0,13.0,3.7,290,685.3,0
ACC-08156,Enterprise,E-commerce,151,214,23,0.596,0.617,1189.0,3,0,100.0,3.6,388,15891.23,0
ACC-08157,Enterprise,E-commerce,80,517,21,0.881,0.4,15.0,1,0,50.0,1.8,224,6177.23,0
ACC-08158,Starter,Other,9,104,12,0.271,0.436,37.0,1,1,37.0,4.0,199,149.31,0
ACC-08159,Starter,Other,7,44,5,0.704,0.463,86.0,3,0,22.0,4.4,335,100.5,0
ACC-08160,Starter,E-commerce,8,869,8,0.547,0.299,,3,0,32.0,3.3,307,82.06,0
ACC-08161,Starter,Healthcare,1,466,15,0.486,0.236,32.0,2,0,15.0,4.2,62,17.57,0
ACC-08162,Growth,E-commerce,37,427,16,0.642,0.492,235.0,0,0,8.0,3.2,340,1043.98,0
ACC-08163,Starter,FinTech,3,361,14,0.258,,8.0,3,1,33.0,4.4,338,75.3,0
ACC-08164,Starter,SaaS,2,817,7,0.739,0.36,92.0,3,1,63.0,3.8,307,46.27,0
ACC-08165,Starter,Healthcare,3,707,5,,0.182,111.0,0,0,36.0,3.6,95,36.04,0
ACC-08166,Growth,Healthcare,8,436,18,0.783,0.449,186.0,1,1,-30.0,4.9,77,253.87,0
ACC-08167,Growth,SaaS,33,122,5,0.601,0.417,50.0,1,1,78.0,1.8,86,1815.44,1
ACC-08168,Enterprise,SaaS,36,633,21,0.952,0.578,391.0,4,0,2.0,3.0,98,2938.77,0
ACC-08169,Starter,Healthcare,2,194,12,0.807,0.423,71.0,3,0,15.0,3.9,188,28.22,0
ACC-08170,Starter,SaaS,4,299,10,0.341,0.284,6.0,3,2,62.0,3.8,182,66.84,0
ACC-08171,Enterprise,Healthcare,121,599,11,0.883,0.731,124.0,1,0,53.0,2.8,231,7701.15,1
ACC-08172,Growth,Healthcare,34,856,7,0.888,0.811,238.0,0,0,71.0,3.6,199,1471.4,0
ACC-08173,Growth,FinTech,33,210,12,0.5,0.681,170.0,2,0,57.0,3.8,251,961.53,0
ACC-08174,Growth,SaaS,3,44,15,0.443,0.407,187.0,3,0,60.0,3.8,245,972.87,0
ACC-08175,Starter,FinTech,2,390,9,,0.659,37.0,3,0,19.0,4.1,52,28.53,0
ACC-08176,Enterprise,FinTech,144,631,20,0.926,0.733,835.0,0,0,23.0,5.0,326,18353.91,1
ACC-08177,Growth,E-commerce,13,596,16,0.781,0.685,0.0,2,0,45.0,3.4,121,738.92,0
ACC-08178,Growth,Healthcare,9,856,15,0.424,0.661,232.0,0,0,28.0,4.3,47,349.98,0
ACC-08179,Growth,Other,30,198,12,0.684,0.302,351.0,0,0,42.0,3.5,85,1680.59,0
ACC-08180,Starter,SaaS,8,712,9,0.407,0.287,62.0,1,1,70.0,3.6,213,119.27,1
ACC-08181,Starter,Healthcare,1,699,4,0.708,0.142,,2,0,57.0,4.3,47,21.03,0
ACC-08182,Growth,FinTech,23,747,16,0.529,0.81,89.0,0,0,71.0,5.0,377,628.15,0
ACC-08183,Growth,Healthcare,9,813,9,0.522,0.379,222.0,2,0,34.0,2.5,111,339.11,0
ACC-08184,Starter,SaaS,9,279,9,0.251,0.277,6.0,1,1,34.0,3.6,219,249.4,0
ACC-08185,Starter,E-commerce,7,288,9,0.504,0.097,36.0,2,0,61.0,3.6,290,147.18,1
ACC-08186,Enterprise,E-commerce,139,414,19,,0.61,566.0,1,0,-22.0,4.6,380,14998.97,0
ACC-08187,Starter,FinTech,6,323,10,0.28,0.505,16.0,3,2,68.0,2.6,220,153.33,0
ACC-08188,Starter,Other,4,134,14,0.454,0.058,24.0,0,0,31.0,5.0,198,61.76,0
ACC-08189,Growth,SaaS,35,305,8,0.489,0.736,115.0,0,0,27.0,3.0,142,1561.15,0
ACC-08190,Enterprise,SaaS,172,347,24,0.784,0.755,655.0,1,0,15.0,3.4,349,12283.87,0
ACC-08191,Growth,E-commerce,11,685,18,0.602,0.58,176.0,1,0,44.0,3.7,66,350.35,1
ACC-08192,Enterprise,E-commerce,151,21,19,0.918,0.726,698.0,0,0,57.0,4.1,65,16907.84,0
ACC-08193,Starter,SaaS,5,679,11,0.04,0.522,49.0,0,0,43.0,,139,129.48,0
ACC-08194,Enterprise,FinTech,48,703,19,0.69,0.548,951.0,1,0,2.0,3.1,322,3746.5,0
ACC-08195,Enterprise,SaaS,119,131,26,0.821,0.649,,1,0,72.0,,155,14824.93,0
ACC-08196,Growth,Other,16,858,1,0.76,0.689,186.0,3,1,-7.0,2.3,39,824.42,0
ACC-08197,Growth,E-commerce,5,655,20,0.45,0.697,,0,0,50.0,3.2,301,199.28,0
ACC-08198,Starter,SaaS,9,634,2,0.522,0.172,21.0,1,0,18.0,4.9,203,130.48,0
ACC-08199,Growth,FinTech,19,693,13,0.567,,108.0,0,0,19.0,3.0,399,1108.14,0
ACC-08200,Starter,Other,2,731,3,0.412,0.327,0.0,0,0,-9.0,3.2,35,33.93,1
ACC-08201,Starter,Other,3,370,14,0.323,0.349,58.0,0,0,1.0,2.7,295,77.21,0
ACC-08202,Enterprise,SaaS,198,468,19,0.914,0.696,295.0,4,2,74.0,3.2,303,25523.48,0
ACC-08203,Starter,E-commerce,381,554,5,0.285,0.302,0.0,0,0,38.0,3.0,231,189.56,0
ACC-08204,Growth,SaaS,29,183,18,0.744,0.244,225.0,1,0,35.0,2.8,116,1739.92,0
ACC-08205,Starter,SaaS,2,68,10,,0.164,28.0,0,0,38.0,3.6,296,47.27,0
ACC-08206,Starter,Other,9,652,5,0.23,0.375,85.0,0,0,59.0,3.0,70,200.09,1
ACC-08207,Starter,Other,2,235,3,0.745,0.18,62.0,4,1,39.0,2.6,356,33.73,0
ACC-08208,Starter,SaaS,6,279,2,0.581,0.646,78.0,4,0,43.0,4.3,255,88.65,0
ACC-08209,Growth,Other,38,105,19,0.609,0.502,113.0,0,0,43.0,4.8,265,1797.2,0
ACC-08210,Enterprise,Healthcare,197,421,22,0.474,0.744,641.0,1,0,35.0,4.0,137,25124.08,0
ACC-08211,Growth,Healthcare,21,517,14,0.537,0.526,142.0,4,2,27.0,5.0,357,1256.63,0
ACC-08212,Enterprise,Healthcare,93,811,22,0.841,0.747,1298.0,1,0,55.0,3.4,351,8222.58,0
ACC-08213,Growth,E-commerce,17,449,4,0.485,0.622,65.0,2,0,21.0,3.6,164,676.93,0
ACC-08214,Growth,Other,12,344,12,,0.487,234.0,3,1,66.0,3.9,77,308.1,0
ACC-08215,Starter,SaaS,3,717,6,0.597,0.226,0.0,1,0,,4.3,215,67.82,0
ACC-08216,Starter,E-commerce,1,270,11,0.425,0.052,12.0,2,1,63.0,5.0,271,26.35,1
ACC-08217,Enterprise,FinTech,101,23,13,0.648,0.697,732.0,1,0,14.0,,223,12657.33,0
ACC-08218,Growth,Healthcare,22,42,18,0.45,0.781,204.0,4,1,67.0,4.4,341,768.39,0
ACC-08219,Starter,SaaS,9,762,15,0.382,,56.0,2,0,59.0,5.0,253,138.45,0
ACC-08220,Enterprise,FinTech,26,635,12,0.951,,418.0,3,0,0.0,4.2,48,2074.64,0
ACC-08221,Starter,Healthcare,4,173,7,0.524,0.317,63.0,2,1,26.0,3.8,273,70.27,0
ACC-08222,Growth,FinTech,13,204,15,0.414,0.646,243.0,2,0,87.0,2.7,147,768.75,0
ACC-08223,Starter,SaaS,4,755,11,0.372,0.091,53.0,3,0,33.0,3.6,374,71.21,0
ACC-08224,Enterprise,SaaS,34,580,10,0.879,0.721,536.0,2,0,77.0,3.8,277,2166.93,0
ACC-08225,Starter,Healthcare,1,441,9,0.746,0.279,100.0,1,0,65.0,4.8,74,22.45,0
ACC-08226,Starter,FinTech,1,338,6,0.451,0.182,88.0,1,0,19.0,3.5,80,13.82,0
ACC-08227,Growth,FinTech,4,352,12,0.507,0.739,0.0,2,1,51.0,3.2,324,1119.4,0
ACC-08228,Starter,E-commerce,3,711,16,,0.341,,2,1,36.0,,216,58.33,0
ACC-08229,Enterprise,Other,159,188,19,0.836,0.739,380.0,2,0,-3.0,3.8,82,19151.08,0
ACC-08230,Growth,Healthcare,20,802,15,0.45,0.495,317.0,1,0,27.0,4.3,44,741.5,0
ACC-08231,Starter,SaaS,4,225,6,0.913,,,2,1,62.0,5.0,301,72.98,0
ACC-08232,Starter,Other,3,222,8,0.272,0.463,56.0,1,0,,2.7,21,74.38,0
ACC-08233,Enterprise,Other,20,348,22,0.817,0.787,580.0,0,0,12.0,4.9,84,2644.03,0
ACC-08234,Growth,Healthcare,27,715,17,0.637,0.454,57.0,1,0,66.0,3.1,100,976.22,0
ACC-08235,Enterprise,E-commerce,186,18,17,0.611,0.68,681.0,1,1,35.0,,326,25293.2,0
ACC-08236,Starter,SaaS,9,149,8,,0.246,35.0,2,0,73.0,4.2,391,246.96,0
ACC-08237,Enterprise,Healthcare,146,346,21,0.669,0.501,338.0,1,0,12.0,3.3,347,12011.25,0
ACC-08238,Growth,E-commerce,31,138,6,0.606,0.61,298.0,1,0,80.0,3.4,67,1849.34,0
ACC-08239,Growth,FinTech,7,353,9,0.774,0.838,135.0,3,1,50.0,2.9,383,226.24,0
ACC-08240,Starter,SaaS,6,393,11,0.349,0.359,34.0,1,1,57.0,2.0,83,112.08,0
ACC-08241,Starter,SaaS,2,561,5,0.792,0.75,23.0,1,0,53.0,3.3,338,30.59,0
ACC-08242,Enterprise,E-commerce,33,301,30,0.979,0.682,363.0,2,0,34.0,3.9,64,2684.7,0
ACC-08243,Enterprise,SaaS,118,490,24,0.916,0.848,704.0,1,0,7.0,3.1,165,7346.89,0
ACC-08244,Starter,E-commerce,8,888,9,0.764,0.21,7.0,1,1,10.0,2.9,204,136.86,0
ACC-08245,Enterprise,Healthcare,17,423,27,0.763,0.631,1040.0,1,1,63.0,2.9,48,2176.35,0
ACC-08246,Starter,FinTech,8,726,10,0.416,,52.0,3,1,36.0,2.2,97,156.64,0
ACC-08247,Starter,SaaS,5,256,8,0.393,0.204,79.0,1,0,57.0,3.3,53,62.57,1
ACC-08248,Starter,SaaS,4,802,1,0.724,0.193,46.0,2,0,45.0,4.9,372,13.75,0
ACC-08249,Starter,FinTech,9,517,10,0.482,0.386,0.0,2,1,38.0,4.1,388,62683.22902494256,0
ACC-08250,Starter,Healthcare,5,134,13,0.546,0.226,29.0,3,1,41.0,4.4,109,135.18,0
ACC-08251,Starter,E-commerce,4,817,4,0.424,0.188,7.0,1,0,66.0,4.2,388,91.58,1
ACC-08252,Starter,Other,2,646,0,0.535,0.505,27.0,1,0,17.0,4.4,379,25.39,0
ACC-08253,Growth,Other,33,317,8,0.439,0.735,,1,0,33.0,4.5,162,1475.27,0
ACC-08254,Enterprise,SaaS,59,549,28,0.717,0.793,471.0,3,0,57.0,3.0,343,5699.09,0
ACC-08255,Growth,Healthcare,17,853,13,0.305,0.426,12.0,0,0,-24.0,4.9,293,670.56,0
ACC-08256,Starter,FinTech,3,101,14,0.413,,96.0,3,1,46.0,2.0,33,36.49,1
ACC-08257,Growth,FinTech,1,48,13,0.66,0.441,140.0,0,0,19.0,2.7,350,1339.75,0
ACC-08258,Starter,FinTech,6,717,5,0.223,0.15,9.0,1,0,52.0,4.2,120,80.24,0
ACC-08259,Growth,FinTech,33,269,23,0.406,0.591,73.0,0,0,-3.0,3.5,241,1188.41,0
ACC-08260,Growth,E-commerce,36,770,11,0.362,0.806,32.0,2,1,59.0,3.4,162,1044.31,0
ACC-08261,Starter,E-commerce,5,697,6,0.498,0.144,61.0,2,0,-1.0,2.9,99,84.05,0
ACC-08262,Starter,FinTech,9,823,9,0.644,0.259,30.0,2,0,17.0,4.4,328,221.99,0
ACC-08263,Enterprise,SaaS,82,686,19,0.601,0.8,662.0,2,1,40.0,5.0,82,6879.7,0
ACC-08264,Enterprise,E-commerce,25,846,24,0.485,,957.0,3,0,15.0,2.9,27,1418.26,0
ACC-08265,Growth,Healthcare,26,562,15,0.45,0.392,246.0,5,2,36.0,2.8,171,49611.11572014911,1
ACC-08266,Enterprise,E-commerce,105,109,22,0.661,0.795,252.0,2,1,11.0,5.0,290,5968.53,0
ACC-08267,Enterprise,SaaS,185,199,17,0.439,0.574,497.0,5,0,27.0,4.4,161,17391.45,0
ACC-08268,Starter,FinTech,2,795,0,0.438,0.478,41.0,1,0,57.0,3.2,56,32.55,0
ACC-08269,Growth,Healthcare,29,272,9,0.815,0.657,303.0,2,1,45.0,4.5,168,777.5,0
ACC-08270,Starter,Healthcare,2,851,4,0.763,0.244,,0,0,73.0,4.9,19,50.14,0
ACC-08271,Growth,SaaS,18,788,14,0.296,0.861,84.0,0,0,30.0,4.3,243,599.44,0
ACC-08272,Starter,FinTech,1,626,3,0.674,0.366,2017.0,2,0,59.0,4.4,309,22.35,0
ACC-08273,Enterprise,FinTech,126,134,13,0.78,0.8,660.0,0,0,52.0,3.4,75,11461.31,0
ACC-08274,Growth,E-commerce,3,176,8,0.591,0.664,240.0,1,0,89.0,4.5,69,1369.16,0
ACC-08275,Starter,SaaS,5,673,9,,0.255,3457.0,0,0,100.0,4.6,201,94.96,0
ACC-08276,Starter,E-commerce,2,369,10,0.375,0.381,39.0,2,0,,3.4,216,25.4,1
ACC-08277,Growth,Other,34,369,11,0.502,,9.0,1,0,22.0,3.0,291,875.57,0
ACC-08278,Growth,FinTech,27,93,11,0.385,0.383,262.0,1,0,23.0,3.6,212,939.56,0
ACC-08279,Enterprise,FinTech,160,420,23,0.624,0.649,577.0,3,1,60.0,3.3,399,15898.39,0
ACC-08280,Starter,SaaS,3,17,8,0.432,0.25,38.0,0,0,,4.1,19,59.9,1
ACC-08281,Growth,SaaS,21,139,18,0.622,0.527,119.0,1,1,44.0,1.8,168,917.27,1
ACC-08282,Growth,Other,28,829,12,0.414,0.288,79.0,2,0,9.0,3.9,347,751.75,0
ACC-08283,Starter,Other,8,682,3,0.45,0.475,14.0,1,1,32.0,4.1,388,109.15,0
ACC-08284,Growth,SaaS,32,875,18,0.458,0.249,88.0,4,1,33.0,2.6,152,1290.23,1
ACC-08285,Starter,Other,6,821,6,,0.2,70.0,0,0,32.0,,254,153.9,0
ACC-08286,Starter,SaaS,9,828,3,0.665,0.594,4.0,2,1,69.0,3.4,136,156.66,1
ACC-08287,Starter,E-commerce,1,374,11,0.625,,23.0,0,0,49.0,3.6,309,10.96,0
ACC-08288,Enterprise,E-commerce,35,239,27,,0.901,356.0,3,0,58.0,5.0,241,4798.7,0
ACC-08289,Starter,FinTech,3,621,8,0.524,0.301,44.0,3,0,48.0,4.1,347,76.19,0
ACC-08290,Starter,E-commerce,9,564,2,0.755,0.226,54.0,2,1,,2.9,343,134.02,0
ACC-08291,Growth,E-commerce,9,397,20,0.458,0.907,0.0,2,1,54.0,4.6,49,522.44,0
ACC-08292,Enterprise,SaaS,88,456,22,1.0,0.721,262.0,0,0,16.0,5.0,166,11795.32,0
ACC-08293,Growth,Other,11,192,14,0.499,0.797,314.0,1,0,22.0,4.7,393,435.77,0
ACC-08294,Starter,SaaS,635,453,5,0.48,0.108,13.0,2,0,23.0,4.6,128,159.05,0
ACC-08295,Growth,SaaS,13,868,18,0.53,0.359,102.0,3,0,82.0,3.8,124,664.99,0
ACC-08296,Starter,Other,1,393,2,0.255,0.226,52.0,2,0,43.0,,109,14.07,0
ACC-08297,Growth,FinTech,8,472,8,0.761,0.402,142.0,0,0,45.0,4.8,287,453.83,0
ACC-08298,Starter,FinTech,5,847,16,0.654,0.203,75.0,2,1,73.0,3.6,316,114.77,0
ACC-08299,Starter,SaaS,3,769,3,0.6,0.374,56.0,3,0,24.0,,310,41.38,0
ACC-08300,Starter,SaaS,7,714,11,0.77,0.123,25.0,2,0,73.0,5.0,139,190.23,0
ACC-08301,Growth,SaaS,13,18,19,0.515,,137.0,2,0,26.0,3.0,105,649.09,0
ACC-08302,Starter,FinTech,8,764,8,0.363,0.247,68.0,2,0,34.0,4.0,361,142.16,1
ACC-08303,Starter,E-commerce,8,82,3,0.243,,48.0,1,0,25.0,4.3,280,190.42,0
ACC-08304,Growth,FinTech,16,44,16,0.563,0.493,47.0,0,0,22.0,4.5,116,643.96,0
ACC-08305,Growth,Other,23,326,19,0.616,0.533,252.0,2,0,35.0,4.6,38,702.04,0
ACC-08306,Starter,Other,3,378,9,0.444,0.317,,2,0,62.0,3.9,309,38.62,0
ACC-08307,Growth,FinTech,20,120,10,0.417,0.458,161.0,0,0,91.0,4.1,269,548.87,0
ACC-08308,Growth,Other,11,543,14,0.705,0.506,118.0,1,0,-10.0,3.6,240,419.08,0
ACC-08309,Starter,Other,6,829,1,0.59,0.363,17.0,2,0,71.0,3.5,290,124.47,0
ACC-08310,Enterprise,Other,88,597,16,0.618,0.613,798.0,3,0,41.0,3.9,221,11915.17,0
ACC-08311,Enterprise,Healthcare,196,865,19,0.352,0.442,750.0,1,0,33.0,3.4,231,15556.52,0
ACC-08312,Starter,SaaS,3,806,7,0.434,0.235,29.0,3,0,36.0,4.4,113,40.03,1
ACC-08313,Starter,SaaS,3,736,2,0.444,0.283,,2,0,71.0,2.6,350,35.61,0
ACC-08314,Starter,Other,1,161,8,0.702,0.275,0.0,2,0,56.0,2.9,85,18.8,0
ACC-08315,Starter,E-commerce,9,579,9,0.46,0.186,0.0,1,1,23.0,3.7,210,140.1,0
ACC-08316,Growth,Other,39,93,12,0.572,0.82,279.0,2,0,57.0,5.0,155,1116.72,0
ACC-08317,Enterprise,Healthcare,99,698,10,0.956,0.6,635.0,2,1,35.0,1.4,315,6016.92,0
ACC-08318,Enterprise,SaaS,97,805,20,0.724,1.0,526.0,1,0,,3.2,201,5756.42,0
ACC-08319,Starter,FinTech,1,120,15,0.647,0.193,7.0,4,0,7.0,2.3,311,17.73,0
ACC-08320,Growth,Other,34,462,15,0.477,0.71,100.0,0,0,15.0,5.0,4,1620.79,0
ACC-08321,Starter,SaaS,1,126,7,0.292,0.659,13.0,1,0,46.0,3.4,197,27.35,0
ACC-08322,Growth,Healthcare,19,491,11,0.587,0.444,60.0,2,0,24.0,,91,769.81,0
ACC-08323,Starter,Other,3,413,10,0.529,0.39,39.0,0,0,49.0,4.4,10,33.22,0
ACC-08324,Enterprise,SaaS,87,802,21,0.665,0.445,452.0,2,0,64.0,4.6,340,10178.77,0
ACC-08325,Enterprise,SaaS,99,255,23,0.719,0.496,809.0,3,0,30.0,3.5,106,12127.61,0
ACC-08326,Starter,E-commerce,2,678,2,0.516,0.471,33.0,1,0,32.0,4.7,25,36.01,0
ACC-08327,Growth,Other,25,596,14,0.469,0.475,302.0,3,0,,4.7,386,746.93,1
ACC-08328,Growth,E-commerce,27,661,11,0.501,0.256,145.0,1,0,68.0,4.7,218,1477.9,0
ACC-08329,Enterprise,SaaS,81,865,22,0.526,0.8,719.0,1,0,62.0,2.6,22,10138.0,0
ACC-08330,Growth,SaaS,16,178,4,0.486,0.604,255.0,0,0,34.0,3.3,64,544.05,0
ACC-08331,Starter,FinTech,2,25,5,0.341,0.396,0.0,1,0,29.0,3.6,12,40.97,0
ACC-08332,Growth,FinTech,20,564,15,0.536,0.514,153.0,0,0,34.0,3.0,83,523.74,0
ACC-08333,Starter,SaaS,3,122,10,0.621,0.305,23.0,1,0,42.0,3.9,364,38.7,0
ACC-08334,Growth,Other,7,412,13,0.687,0.562,173.0,1,1,49.0,2.5,161,418.45,0
ACC-08335,Starter,SaaS,1,475,0,0.602,0.255,,0,0,37.0,4.5,21,23.05,0
ACC-08336,Growth,Healthcare,31,555,16,0.604,0.731,103.0,2,0,37.0,4.8,76,1173.89,0
ACC-08337,Enterprise,Other,157,24,27,0.779,0.683,755.0,3,1,57.0,2.3,183,16215.68,0
ACC-08338,Starter,E-commerce,9,524,3,0.332,0.181,47.0,0,0,52.0,5.0,83,123.58,0
ACC-08339,Starter,E-commerce,7,704,5,0.416,0.25,20.0,1,0,,4.1,53,88.95,1
ACC-08340,Growth,SaaS,16,37,17,0.549,0.497,94.0,0,0,63.0,4.4,367,634.82,0
ACC-08341,Starter,E-commerce,3,363,11,0.658,0.321,30.0,3,0,8.0,4.7,379,68.37,0
ACC-08342,Growth,FinTech,25,318,18,0.492,0.63,201.0,0,0,35.0,4.0,237,891.26,0
ACC-08343,Growth,SaaS,33,315,18,0.895,0.359,,4,0,30.0,3.3,288,961.16,0
ACC-08344,Starter,E-commerce,6,419,0,0.528,0.317,0.0,2,0,14.0,,148,156.61,0
ACC-08345,Enterprise,SaaS,189,139,18,0.877,0.672,1205.0,1,0,40.0,4.6,342,11862.7,0
ACC-08346,Growth,SaaS,36,457,16,0.381,0.262,296.0,2,1,58.0,,125,1842.27,0
ACC-08347,Growth,E-commerce,36,82,13,0.538,0.798,,2,0,31.0,2.2,306,1569.07,0
ACC-08348,Starter,FinTech,1,102,9,0.626,0.312,22.0,0,0,43.0,4.6,8,26.66,0
ACC-08349,Starter,SaaS,8,489,6,0.14,0.432,14.0,2,1,,2.9,4,94.24,1
ACC-08350,Starter,SaaS,1,810,5,0.47,0.294,61.0,2,0,46.0,3.2,6,19.57,0
ACC-08351,Enterprise,SaaS,198,641,19,0.665,0.81,875.0,1,0,12.0,4.0,56,23819.25,1
ACC-08352,Enterprise,E-commerce,86,310,15,,0.724,2628.0,2,0,77.0,5.0,100,6347.55,0
ACC-08353,Enterprise,E-commerce,119,320,17,0.831,0.686,532.0,3,1,50.0,5.0,334,8647.42,0
ACC-08354,Starter,SaaS,8,447,7,0.263,,36.0,1,0,23.0,3.1,34,105.9,0
ACC-08355,Growth,E-commerce,14,44,13,0.67,0.776,270.0,1,0,91.0,4.4,132,712.28,0
ACC-08356,Growth,Other,31,602,16,0.507,0.535,127.0,1,0,27.0,4.3,4,1123.54,0
ACC-08357,Growth,E-commerce,38,132,12,0.149,0.655,88.0,0,0,25.0,2.8,58,1525.64,0
ACC-08358,Starter,E-commerce,2,651,15,0.403,0.231,45.0,3,0,43.0,4.7,292,36.76,0
ACC-08359,Enterprise,E-commerce,99,345,26,0.856,0.697,324.0,2,0,47.0,2.4,181,10632.76,0
ACC-08360,Starter,Other,6,348,5,0.481,0.512,9.0,2,1,64.0,5.0,188,131.65,0
ACC-08361,Starter,Other,3,403,8,,0.292,0.0,0,0,69.0,2.4,249,40.53,0
ACC-08362,Enterprise,SaaS,117,128,25,0.866,0.834,973.0,0,0,,3.6,275,8753.89,0
ACC-08363,Growth,SaaS,5,226,10,0.533,0.473,34.0,0,0,47.0,4.5,136,219.12,0
ACC-08364,Starter,SaaS,6,197,4,0.456,0.293,94.0,1,1,9.0,4.7,144,96.08,0
ACC-08365,Growth,Healthcare,6,764,19,0.893,0.625,92.0,0,0,80.0,3.5,390,250.07,0
ACC-08366,Enterprise,SaaS,159,160,23,0.703,0.739,0.0,3,0,18.0,4.4,69,10900.71,0
ACC-08367,Starter,Other,1,128,12,0.247,0.539,19.0,1,0,44.0,3.9,269,25.24,0
ACC-08368,Growth,SaaS,20,230,14,0.421,0.812,156.0,2,0,64.0,5.0,26,921.34,0
ACC-08369,Starter,E-commerce,2,390,6,0.442,0.287,0.0,3,1,23.0,3.5,73,41.9,1
ACC-08370,Starter,SaaS,9,548,1,0.092,0.202,24.0,1,0,65.0,3.8,215,218.98,0
ACC-08371,Growth,FinTech,31,389,14,0.868,0.427,251.0,0,0,23.0,4.2,42,1290.86,0
ACC-08372,Growth,FinTech,20,488,19,,0.738,293.0,2,0,49.0,3.1,359,798.97,0
ACC-08373,Starter,Healthcare,4,472,13,0.442,0.288,20.0,0,0,46.0,4.3,342,82.53,0
ACC-08374,Starter,FinTech,3,163,12,0.446,0.143,29.0,3,1,-4.0,3.6,304,65.88,1
ACC-08375,Growth,FinTech,28,20,17,0.779,0.297,118.0,1,0,42.0,2.6,159,1359.07,0
ACC-08376,Growth,Healthcare,39,617,23,0.42,0.741,203.0,1,0,25.0,3.5,383,1852.53,0
ACC-08377,Growth,Other,22,850,6,0.62,0.629,,2,0,80.0,3.9,142,1142.03,0
ACC-08378,Enterprise,Healthcare,125,70,21,0.719,0.639,423.0,1,1,35.0,3.6,79,9088.75,0
ACC-08379,Starter,Healthcare,9,827,3,0.505,0.295,0.0,0,0,34.0,2.7,128,199.91,0
ACC-08380,Growth,FinTech,29,819,20,0.587,0.4,196.0,2,0,34.0,4.8,23,1115.35,0
ACC-08381,Growth,Other,21,712,11,0.427,0.538,161.0,2,0,20.0,2.6,383,1184.17,0
ACC-08382,Growth,FinTech,16,515,18,0.346,0.19,224.0,3,0,65.0,3.4,379,824.24,0
ACC-08383,Starter,Other,4,315,5,0.55,0.196,62.0,3,0,-33.0,2.7,9,50.84,1
ACC-08384,Starter,Healthcare,2,537,9,0.648,0.325,48.0,3,2,51.0,2.5,337,39.6,0
ACC-08385,Starter,SaaS,3,24,7,0.758,0.209,,2,0,52.0,4.0,384,64.71,0
ACC-08386,Starter,SaaS,2,267,7,0.241,0.225,37.0,2,1,2.0,3.8,240,21.28,0
ACC-08387,Enterprise,Healthcare,180,362,22,0.485,0.735,136.0,0,0,36.0,2.2,399,18810.82,0
ACC-08388,Growth,Healthcare,31,467,17,0.68,0.438,61.0,2,1,39.0,2.6,237,1175.45,0
ACC-08389,Growth,E-commerce,34,255,13,0.403,0.713,241.0,2,0,34.0,,304,1885.72,0
ACC-08390,Growth,Other,30,391,17,0.654,0.581,95.0,2,1,34.0,3.5,58,1147.71,0
ACC-08391,Growth,E-commerce,13,656,18,0.607,0.39,94.0,1,0,1.0,4.8,323,673.15,0
ACC-08392,Growth,FinTech,37,856,11,0.681,0.186,233.0,0,0,25.0,4.0,387,1389.64,0
ACC-08393,Growth,E-commerce,8,742,21,0.774,0.814,213.0,1,0,55.0,2.9,292,371.78,0
ACC-08394,Growth,SaaS,8,81,16,0.71,0.149,223.0,1,0,43.0,4.9,348,241.67,0
ACC-08395,Starter,E-commerce,3,536,5,0.02,0.357,44.0,0,0,21.0,3.7,119,34.91,0
ACC-08396,Growth,Other,23,420,16,0.558,0.594,64.0,2,0,36.0,5.0,4,920.65,0
ACC-08397,Growth,SaaS,29,476,18,0.448,0.49,218.0,0,0,40.0,,350,945.04,0
ACC-08398,Growth,Other,15,715,16,0.488,0.434,133.0,2,0,30.0,,138,589.42,0
ACC-08399,Enterprise,Healthcare,130,303,21,0.837,0.448,195.0,1,0,38.0,4.3,75,9510.98,0
ACC-08400,Growth,SaaS,33,496,0,0.677,0.684,172.0,0,0,34.0,5.0,237,1857.45,0
ACC-08401,Growth,Other,13,799,9,0.673,0.685,2608.0,1,1,32.0,3.5,151,451.05,0
ACC-08402,Starter,Healthcare,8,514,10,0.505,0.546,41.0,0,0,5.0,4.5,259,190.89,0
ACC-08403,Growth,FinTech,29,505,9,0.651,0.293,84.0,1,1,65.0,3.7,27,1541.63,0
ACC-08404,Enterprise,SaaS,37,821,22,0.887,0.818,716.0,1,0,52.0,3.5,91,5008.2,0
ACC-08405,Enterprise,FinTech,60,39,24,0.796,,960.0,1,0,15.0,3.7,84,5450.38,0
ACC-08406,Enterprise,E-commerce,183,346,19,,0.902,545.0,1,0,51.0,3.3,33,20895.62,0
ACC-08407,Starter,SaaS,4,450,0,0.497,0.52,48.0,1,1,62.0,3.2,165,59.98,1
ACC-08408,Growth,FinTech,17,15,10,0.76,0.681,205.0,0,0,34.0,5.0,195,1004.33,0
ACC-08409,Enterprise,Other,132,434,23,0.644,0.709,3.0,1,0,53.0,3.5,15,9820.78,0
ACC-08410,Growth,Healthcare,28,834,19,0.599,0.637,158.0,3,0,28.0,3.4,287,1530.21,0
ACC-08411,Growth,Healthcare,26,712,4,0.723,0.467,,3,0,61.0,5.0,386,1402.71,0
ACC-08412,Growth,Other,39,43,13,0.385,0.829,250.0,1,1,27.0,4.0,202,2216.45,0
ACC-08413,Growth,SaaS,558,790,6,0.936,0.425,309.0,4,0,16.0,3.8,62,1333.5,0
ACC-08414,Starter,SaaS,4,720,7,0.73,0.247,18.0,2,1,4.0,4.3,20,58.23,0
ACC-08415,Starter,E-commerce,2,791,6,0.574,0.058,50.0,1,1,-5.0,3.8,356,21.58,0
ACC-08416,Enterprise,FinTech,41,137,30,0.551,0.709,184.0,2,0,100.0,,16,2893.62,0
ACC-08417,Enterprise,SaaS,88,808,18,0.901,0.923,790.0,0,0,11.0,4.6,234,5397.97,0
ACC-08418,Enterprise,Healthcare,34,32,25,0.648,0.539,545.0,2,2,44.0,2.0,215,4583.39,1
ACC-08419,Starter,SaaS,1,44,12,0.41,,45.0,1,0,28.0,3.5,135,13.55,0
ACC-08420,Starter,E-commerce,8,328,6,0.235,0.342,32.0,4,1,47.0,3.5,36,40286.630736409374,0
ACC-08421,Starter,E-commerce,8,736,8,0.848,0.506,11.0,1,0,89.0,3.9,340,90.8,0
ACC-08422,Enterprise,E-commerce,192,779,20,0.975,0.725,918.0,0,0,31.0,4.5,322,15457.98,0
ACC-08423,Growth,FinTech,9,575,10,0.409,0.72,79.0,0,0,13.0,4.2,210,493.81,0
ACC-08424,Enterprise,SaaS,136,46,16,0.804,0.823,864.0,0,0,29.0,3.5,74,16869.73,0
ACC-08425,Starter,Other,2,788,5,,0.402,31.0,1,0,44.0,3.6,292,24.02,0
ACC-08426,Growth,Other,23,246,8,0.573,0.801,102.0,1,0,50.0,3.7,90,747.82,0
ACC-08427,Growth,FinTech,9,673,11,0.664,,82.0,0,0,30.0,1.5,40,269.67,0
ACC-08428,Starter,SaaS,8,261,6,0.421,,50.0,0,0,62.0,3.8,165,91.72,0
ACC-08429,Enterprise,E-commerce,87,515,21,0.687,0.977,587.0,1,0,33.0,3.0,136,6967.78,0
ACC-08430,Growth,FinTech,25,97,15,0.964,0.676,41.0,2,1,30.0,3.5,108,988.37,0
ACC-08431,Starter,SaaS,2,897,6,0.475,0.266,39.0,3,1,13.0,4.5,175,48.85,0
ACC-08432,Starter,SaaS,6,96,4,0.548,0.197,0.0,0,0,81.0,3.9,57,94.94,0
ACC-08433,Enterprise,SaaS,178,860,22,0.779,0.894,,2,0,24.0,3.3,84,21811.22,0
ACC-08434,Growth,FinTech,33,818,17,,0.455,180.0,1,0,77.0,3.6,327,1804.7,0
ACC-08435,Growth,FinTech,8,147,11,0.472,0.553,261.0,2,1,14.0,4.1,327,237.38,0
ACC-08436,Growth,Healthcare,5,630,9,0.897,0.794,58.0,1,0,20.0,3.1,259,131.12,0
ACC-08437,Growth,FinTech,15,318,11,0.491,0.53,167.0,0,0,42.0,3.0,245,711.88,0
ACC-08438,Growth,FinTech,36,289,12,0.575,0.436,95.0,1,0,25.0,5.0,54,1249.82,0
ACC-08439,Enterprise,SaaS,152,304,25,,0.686,610.0,2,2,32.0,3.8,56,10924.36,0
ACC-08440,Starter,Other,4,225,10,0.703,0.209,,2,0,-9.0,4.0,351,107.76,0
ACC-08441,Growth,SaaS,580,865,13,0.568,0.096,236.0,0,0,10.0,4.4,17,373.51,0
ACC-08442,Starter,SaaS,3,51,16,0.548,0.518,61.0,0,0,50.0,,84,47.91,0
ACC-08443,Starter,E-commerce,6,327,7,0.529,0.249,25.0,1,0,49.0,4.1,262,142.5,0
ACC-08444,Starter,Healthcare,6,331,13,0.488,0.176,,1,0,14.0,3.4,264,109.73,0
ACC-08445,Enterprise,Healthcare,66,385,25,0.803,0.906,507.0,2,2,34.0,4.1,30,7281.5,0
ACC-08446,Starter,FinTech,1,280,12,0.437,0.239,76.0,2,0,5.0,2.5,171,11.13,0
ACC-08447,Growth,FinTech,15,602,14,,0.476,91.0,4,0,50.0,3.5,274,649.18,0
ACC-08448,Growth,FinTech,10,826,14,0.567,0.589,121.0,4,1,70.0,2.9,355,309.74,0
ACC-08449,Starter,E-commerce,2,604,7,,0.442,28.0,3,0,0.0,4.7,227,35.88,0
ACC-08450,Growth,FinTech,18,209,17,0.847,0.235,149.0,0,0,,1.6,38,692.53,0
ACC-08451,Enterprise,FinTech,110,897,16,0.855,0.852,530.0,1,0,-1.0,2.9,194,9983.76,0
ACC-08452,Starter,SaaS,3,372,6,0.306,0.425,22.0,0,0,69.0,3.3,160,67089.89224896196,0
ACC-08453,Starter,Other,1,288,15,0.639,0.435,35.0,2,1,94.0,5.0,293,19.2,0
ACC-08454,Enterprise,SaaS,62,618,23,0.743,0.76,,2,0,44.0,4.2,201,6306.45,0
ACC-08455,Starter,SaaS,8,877,11,0.295,0.489,22.0,1,0,14.0,3.2,30,106.29,0
ACC-08456,Starter,Other,7,298,2,0.395,0.317,74.0,3,1,34.0,4.6,10,121.46,0
ACC-08457,Enterprise,Healthcare,110,191,18,0.778,0.78,1071.0,0,0,44.0,2.6,324,14111.87,0
ACC-08458,Enterprise,E-commerce,34,706,22,0.952,0.653,306.0,1,1,54.0,3.5,137,3993.79,0
ACC-08459,Growth,E-commerce,23,436,13,0.283,0.491,101.0,1,0,13.0,,50,1072.01,0
ACC-08460,Growth,SaaS,14,657,7,0.675,0.717,202.0,3,0,27.0,4.1,323,378.83,0
ACC-08461,Enterprise,Healthcare,89,416,23,0.741,0.867,836.0,0,0,62.0,2.7,19,11192.15,0
ACC-08462,Growth,SaaS,19,45,18,0.328,0.476,42.0,2,1,50.0,2.9,83,970.57,0
ACC-08463,Growth,Other,10,334,12,0.318,0.465,75.0,0,0,22.0,5.0,60,526.63,0
ACC-08464,Enterprise,SaaS,176,772,24,0.731,0.472,417.0,1,0,83.0,4.4,295,21505.66,0
ACC-08465,Growth,E-commerce,8,843,22,0.749,0.767,218.0,1,0,28.0,2.6,271,449.93,0
ACC-08466,Growth,E-commerce,14,336,20,0.602,0.52,402.0,4,0,-4.0,3.9,318,428.71,0
ACC-08467,Starter,SaaS,2,628,6,0.21,0.535,37.0,0,0,17.0,2.8,399,40.55,0
ACC-08468,Growth,FinTech,30,98,8,0.698,0.534,2040.0,2,0,79.0,5.0,72,1565.86,0
ACC-08469,Growth,Healthcare,39,206,14,0.91,0.33,43.0,0,0,63.0,4.7,191,1791.07,0
ACC-08470,Starter,SaaS,6,632,18,0.698,0.339,59.0,4,1,53.0,4.6,232,113.06,0
ACC-08471,Growth,Other,13,50,19,0.638,,56.0,1,0,62.0,3.0,101,776.98,0
ACC-08472,Enterprise,FinTech,100,675,20,0.505,0.539,840.0,1,1,53.0,3.6,317,9391.0,0
ACC-08473,Starter,E-commerce,1,867,14,0.503,0.248,33.0,1,1,18.0,4.4,180,20.06,0
ACC-08474,Starter,E-commerce,6,76,12,0.329,0.081,37.0,1,0,14.0,3.3,363,107.63,0
ACC-08475,Starter,FinTech,5,529,0,0.428,0.146,40.0,0,0,22.0,3.4,311,72.59,0
ACC-08476,Starter,E-commerce,2,327,12,0.164,0.458,0.0,1,0,,2.7,189,42.45,0
ACC-08477,Growth,Healthcare,24,583,14,0.576,0.514,273.0,0,0,54.0,3.4,142,896.5,0
ACC-08478,Growth,E-commerce,39,807,9,0.603,0.316,150.0,1,1,,3.9,233,1959.9,0
ACC-08479,Starter,E-commerce,6,85,7,0.597,0.544,25.0,3,0,82.0,3.3,85,148.37,0
ACC-08480,Enterprise,E-commerce,98,607,22,0.863,0.68,869.0,2,0,71.0,4.5,90,12691.58,0
ACC-08481,Starter,FinTech,6,175,3,0.268,0.27,,5,1,69.0,4.7,274,139.85,0
ACC-08482,Starter,SaaS,5,487,6,0.412,0.279,53.0,2,0,48.0,3.9,255,80.88,0
ACC-08483,Enterprise,SaaS,4,405,19,0.984,0.665,638.0,1,1,34.0,3.6,383,7059.55,0
ACC-08484,Growth,E-commerce,33,460,17,0.435,0.441,303.0,0,0,42.0,5.0,370,1282.14,0
ACC-08485,Growth,Other,28,692,12,0.509,0.333,91.0,0,0,20.0,4.0,164,992.63,0
ACC-08486,Enterprise,SaaS,29,553,12,0.878,0.567,1051.0,2,0,-7.0,3.3,345,2651.33,0
ACC-08487,Enterprise,E-commerce,156,320,18,0.921,0.723,624.0,1,0,81.0,3.0,376,13269.01,0
ACC-08488,Starter,SaaS,2,592,3,0.547,0.427,44.0,1,0,27.0,5.0,36,54.36,0
ACC-08489,Growth,E-commerce,39,543,7,0.842,0.535,112.0,3,0,,4.8,128,1643.42,0
ACC-08490,Growth,Healthcare,28,74,18,0.608,0.386,147.0,0,0,41.0,4.4,199,1655.98,0
ACC-08491,Starter,Healthcare,9,557,11,0.653,0.333,15.0,1,0,38.0,3.9,202,244.21,0
ACC-08492,Enterprise,Healthcare,198,310,16,0.795,0.624,37.0,1,0,21.0,3.6,224,24558.08,0
ACC-08493,Starter,Healthcare,4,143,1,0.503,0.413,15.0,4,0,15.0,3.1,99,72.87,0
ACC-08494,Enterprise,SaaS,118,480,20,0.743,0.563,955.0,2,0,-10.0,4.0,298,7333.25,0
ACC-08495,Growth,E-commerce,8,471,7,1.0,0.271,37.0,1,0,,2.6,361,354.38,0
ACC-08496,Growth,SaaS,32,661,12,0.465,0.643,160.0,2,0,76.0,5.0,87,830.26,0
ACC-08497,Starter,Other,8,397,7,0.231,0.402,62.0,1,0,45.0,4.9,23,161.59,0
ACC-08498,Enterprise,Healthcare,133,672,21,0.874,0.579,562.0,1,0,19.0,5.0,144,8504.45,0
ACC-08499,Growth,SaaS,9,263,15,0.683,0.498,0.0,4,0,31.0,3.1,10,267.19,0
ACC-08500,Starter,SaaS,7,550,3,0.772,0.39,60.0,3,0,,4.4,262,107.12,0
ACC-08501,Starter,FinTech,5,867,7,0.583,0.231,49.0,1,0,56.0,5.0,321,137.84,0
ACC-08502,Growth,Other,33,533,19,0.673,0.33,65.0,0,0,20.0,3.0,92,1479.84,0
ACC-08503,Starter,SaaS,3,617,0,0.346,0.382,31.0,5,1,8.0,3.5,251,31.49,1
ACC-08504,Growth,E-commerce,33,339,14,0.567,0.516,182.0,2,1,13.0,3.7,123,1018.09,0
ACC-08505,Growth,FinTech,29,612,8,0.779,0.486,151.0,0,0,50.0,5.0,88,1480.31,0
ACC-08506,Starter,E-commerce,6,753,13,0.55,0.35,0.0,2,0,3.0,1.8,375,60.22,0
ACC-08507,Growth,E-commerce,15,787,17,0.738,0.533,,1,0,16.0,4.9,221,438.16,0
ACC-08508,Starter,SaaS,8,825,11,0.701,0.339,78.0,1,0,36.0,5.0,189,210.81,0
ACC-08509,Enterprise,Healthcare,130,285,16,0.786,0.718,,2,0,80.0,4.9,256,14882.96,0
ACC-08510,Enterprise,SaaS,166,763,21,0.85,0.804,465.0,3,0,24.0,3.1,55,18924.04,0
ACC-08511,Starter,Healthcare,9,322,9,0.353,0.368,31.0,1,0,58.0,3.1,263,189.34,0
ACC-08512,Growth,SaaS,33,786,2,0.759,0.522,277.0,2,0,5.0,,61,983.19,0
ACC-08513,Growth,E-commerce,7,19,14,0.915,0.665,272.0,1,0,,4.4,249,416.18,0
ACC-08514,Enterprise,FinTech,129,819,23,0.667,,462.0,3,2,-6.0,4.1,285,14979.79,0
ACC-08515,Starter,E-commerce,4,205,1,0.431,0.127,57.0,3,1,44.0,1.8,51,108.85,0
ACC-08516,Growth,SaaS,36,193,16,0.68,0.617,134.0,0,0,20.0,4.5,8,1994.12,0
ACC-08517,Enterprise,E-commerce,189,509,20,0.842,0.488,582.0,0,0,43.0,3.9,207,15246.0,0
ACC-08518,Starter,SaaS,1,469,13,0.03,0.172,21.0,5,1,20.0,4.4,247,21.21,1
ACC-08519,Growth,FinTech,26,153,11,0.703,0.588,220.0,3,1,73.0,4.4,310,1522.7,0
ACC-08520,Starter,Healthcare,1,487,8,0.421,0.485,55.0,2,1,30.0,,137,15.9,0
ACC-08521,Growth,FinTech,28,723,15,0.503,0.378,174.0,1,0,31.0,3.7,311,1412.23,0
ACC-08522,Starter,FinTech,5,444,0,0.752,0.315,12.0,0,0,26.0,3.6,14,81.52,1
ACC-08523,Enterprise,E-commerce,79,528,18,0.79,0.861,873.0,2,0,41.0,4.2,322,6484.42,0
ACC-08524,Starter,FinTech,9,765,7,0.675,0.382,0.0,1,0,45.0,4.4,353,183.21,0
ACC-08525,Starter,Other,9,173,0,0.467,0.38,46.0,3,2,17.0,2.9,32,206.28,1
ACC-08526,Enterprise,FinTech,97,301,23,0.706,,851.0,2,0,33.0,3.4,34,12644.03,0
ACC-08527,Enterprise,Other,99,806,20,0.787,0.563,305.0,1,0,49.0,3.8,168,13692.79,0
ACC-08528,Growth,Other,26,156,13,0.318,0.632,124.0,1,0,74.0,2.9,118,1430.96,0
ACC-08529,Growth,FinTech,25,238,16,0.307,0.56,1973.0,1,0,61.0,3.5,14,1162.79,0
ACC-08530,Starter,FinTech,6,257,5,0.296,0.41,32.0,1,1,48.0,3.5,32,160.63,0
ACC-08531,Growth,E-commerce,23,744,13,0.493,0.324,155.0,3,0,70.0,3.4,343,1360.9,0
ACC-08532,Starter,Healthcare,9,140,11,0.485,0.437,33.0,0,0,6.0,4.0,89,216.49,0
ACC-08533,Starter,SaaS,9,345,7,0.617,0.479,64.0,1,0,72.0,3.1,118,161.59,0
ACC-08534,Enterprise,SaaS,87,372,12,0.681,0.58,1050.0,1,0,41.0,4.2,101,7200.56,0
ACC-08535,Growth,SaaS,31,86,13,0.528,0.446,117.0,2,0,23.0,3.1,264,1020.88,0
ACC-08536,Starter,Healthcare,3,117,7,0.243,0.118,,2,0,31.0,4.4,140,52.05,0
ACC-08537,Starter,Healthcare,7,347,11,0.448,0.107,15.0,5,1,59.0,3.5,214,109.88,1
ACC-08538,Enterprise,SaaS,55,91,18,0.71,0.641,719.0,3,1,28.0,4.4,226,4921.28,0
ACC-08539,Starter,E-commerce,5,881,3,0.596,0.119,35.0,2,1,40.0,4.6,75,122.87,0
ACC-08540,Starter,Healthcare,4,413,3,0.604,0.318,64.0,2,0,49.0,2.5,305,48.93,0
ACC-08541,Starter,Other,8,19,13,0.44,0.198,45.0,2,1,60.0,,297,102.53,0
ACC-08542,Starter,SaaS,2,546,8,0.362,0.243,31.0,1,0,,3.5,372,50.24,0
ACC-08543,Starter,FinTech,4,683,13,0.632,0.322,20.0,2,0,30.0,4.1,126,68.11,0
ACC-08544,Enterprise,FinTech,552,552,27,0.828,0.599,1126.0,0,0,58.0,5.0,363,11537.7,0
ACC-08545,Starter,E-commerce,7,520,4,,0.21,63.0,2,1,71.0,3.7,17,152.71,0
ACC-08546,Growth,SaaS,13,95,9,0.687,0.54,172.0,2,0,22.0,5.0,284,737.95,0
ACC-08547,Growth,SaaS,14,660,12,0.349,0.737,246.0,1,0,81.0,3.2,81,632.52,0
ACC-08548,Growth,Healthcare,14,874,16,0.7,0.575,144.0,3,0,42.0,3.4,43,772.58,0
ACC-08549,Growth,E-commerce,6,336,7,0.765,0.691,109.0,2,0,4.0,3.0,189,280.93,0
ACC-08550,Growth,SaaS,21,121,15,0.399,,206.0,2,0,49.0,4.5,282,860.77,0
ACC-08551,Growth,FinTech,17,203,15,0.521,0.624,190.0,0,0,31.0,3.0,267,888.9,0
ACC-08552,Growth,SaaS,13,599,8,,0.584,121.0,0,0,19.0,1.9,243,372.4,0
ACC-08553,Growth,FinTech,31,583,8,0.803,0.472,121.0,1,0,-1.0,4.1,256,931.65,0
ACC-08554,Growth,FinTech,23,801,15,0.352,0.309,215.0,1,0,36.0,4.4,12,1283.31,0
ACC-08555,Growth,SaaS,11,373,22,0.64,0.569,99.0,0,0,49.0,4.3,243,326.89,0
ACC-08556,Starter,SaaS,8,797,6,0.163,0.118,63.0,2,1,45.0,2.7,237,215.48,1
ACC-08557,Growth,Other,33,258,14,0.579,0.37,39.0,1,1,29.0,2.3,350,1671.6,1
ACC-08558,Growth,Other,14,467,10,0.81,0.542,50.0,1,0,5.0,3.4,190,393.08,0
ACC-08559,Starter,SaaS,2,597,8,0.251,0.304,46.0,3,1,67.0,3.3,184,40.77,1
ACC-08560,Enterprise,E-commerce,17,259,17,0.804,0.703,1114.0,0,0,46.0,2.4,250,1994.01,0
ACC-08561,Starter,SaaS,1,340,6,0.48,0.305,11.0,5,2,-49.0,,67,20.5,1
ACC-08562,Starter,Healthcare,7,747,18,0.476,0.251,0.0,0,0,21.0,4.2,278,176.9,0
ACC-08563,Enterprise,Other,658,526,20,1.0,0.826,491.0,0,0,55.0,3.1,127,4358.83,0
ACC-08564,Starter,E-commerce,9,556,0,0.426,0.207,53.0,0,0,69.0,3.9,340,127.48,0
ACC-08565,Starter,E-commerce,5,566,10,0.332,0.334,23.0,1,0,,,60,118.99,0
ACC-08566,Starter,FinTech,5,714,12,0.62,0.342,54.0,1,0,47.0,2.4,311,107.84,0
ACC-08567,Enterprise,SaaS,135,874,23,0.626,0.248,,2,0,18.0,3.4,294,11634.91,0
ACC-08568,Growth,FinTech,30,368,12,0.456,0.598,206.0,2,1,70.0,3.5,231,1715.68,0
ACC-08569,Growth,SaaS,21,328,9,0.751,0.602,192.0,4,2,59.0,1.3,99,1061.73,0
ACC-08570,Growth,E-commerce,21,823,9,0.698,,,1,1,36.0,4.5,155,706.88,0
ACC-08571,Growth,FinTech,26,438,12,,0.567,0.0,0,0,45.0,4.3,318,1014.4,0
ACC-08572,Enterprise,SaaS,151,837,18,0.628,0.718,693.0,0,0,43.0,3.5,307,10015.25,0
ACC-08573,Enterprise,E-commerce,139,795,17,0.51,0.706,959.0,1,0,24.0,3.6,185,13327.67,0
ACC-08574,Starter,Healthcare,7,667,12,0.465,0.138,34.0,0,0,,3.1,91,175.7,0
ACC-08575,Enterprise,E-commerce,165,652,24,0.535,0.676,605.0,2,1,55.0,3.6,382,14106.55,0
ACC-08576,Growth,E-commerce,20,849,19,0.611,0.733,93.0,3,0,38.0,3.6,93,862.22,0
ACC-08577,Starter,Other,2,256,3,0.772,0.225,14.0,1,0,40.0,3.5,240,49.23,0
ACC-08578,Starter,SaaS,1,415,3,0.076,0.287,67.0,1,0,17.0,4.1,349,24.3,0
ACC-08579,Growth,E-commerce,11,497,13,,0.466,113.0,1,1,62.0,5.0,23,276.1,0
ACC-08580,Starter,FinTech,8,186,9,0.455,0.261,0.0,2,0,51.0,4.9,303,169.25,0
ACC-08581,Growth,SaaS,20,472,13,0.589,0.474,67.0,1,1,7.0,3.4,182,763.32,0
ACC-08582,Starter,Other,1,595,9,0.594,0.446,38.0,2,1,43.0,3.9,399,21.8,0
ACC-08583,Growth,FinTech,7,459,20,0.629,,64.0,2,1,34.0,3.8,7,409.23,1
ACC-08584,Starter,FinTech,7,592,6,0.411,0.251,18.0,1,0,83.0,3.7,322,139.6,0
ACC-08585,Enterprise,SaaS,157,103,24,0.744,0.528,983.0,1,0,21.0,3.0,256,17886.23,0
ACC-08586,Starter,Other,2,449,9,,0.331,45.0,2,0,24.0,4.1,253,29.88,1
ACC-08587,Starter,Other,7,837,7,0.449,0.157,92.0,1,0,16.0,4.0,118,175.02,0
ACC-08588,Growth,SaaS,18,244,16,0.642,0.676,150.0,2,0,,3.4,368,623.5,0
ACC-08589,Growth,E-commerce,15,417,10,0.385,0.609,125.0,0,0,79.0,5.0,112,757.46,0
ACC-08590,Growth,SaaS,14,567,9,0.773,0.204,276.0,4,1,54.0,4.4,399,628.49,0
ACC-08591,Growth,Healthcare,27,568,15,0.408,0.491,114.0,1,0,25.0,4.9,297,990.22,0
ACC-08592,Starter,FinTech,5,174,0,0.395,0.276,51.0,2,1,-8.0,3.2,250,55.83,1
ACC-08593,Enterprise,SaaS,23,114,22,0.738,0.882,484.0,1,0,18.0,3.8,160,2339.71,0
ACC-08594,Growth,E-commerce,11,681,8,0.825,0.846,283.0,0,0,-18.0,2.3,176,424.36,0
ACC-08595,Starter,Other,7,486,14,0.328,0.115,37.0,1,0,3.0,3.0,373,78.7,0
ACC-08596,Growth,FinTech,6,817,11,0.44,0.543,64.0,3,0,18.0,4.8,105,309.22,0
ACC-08597,Growth,SaaS,19,891,20,0.573,0.593,,3,2,46.0,4.5,128,538.79,0
ACC-08598,Growth,Other,9,161,12,0.47,0.432,178.0,3,0,45.0,2.3,26,461.58,0
ACC-08599,Growth,SaaS,6,333,12,0.551,0.405,287.0,1,0,46.0,3.2,49,172.85,0
ACC-08600,Starter,FinTech,4,740,11,0.576,0.425,8.0,4,1,68.0,3.4,88,58.12,0
ACC-08601,Growth,E-commerce,7,274,14,0.5,0.622,165.0,2,0,26.0,3.5,56,247.02,0
ACC-08602,Starter,SaaS,8,189,7,0.52,0.298,21.0,1,0,1.0,3.2,37,164.75,0
ACC-08603,Starter,SaaS,9,152,5,0.509,0.132,0.0,2,0,1.0,3.2,195,127.45,0
ACC-08604,Enterprise,SaaS,56,457,18,0.79,0.929,,3,2,0.0,4.1,382,4861.59,0
ACC-08605,Growth,SaaS,35,352,24,0.769,0.509,192.0,1,1,56.0,3.6,356,1595.81,0
ACC-08606,Starter,E-commerce,2,837,0,0.332,0.307,102.0,1,0,9.0,2.2,294,20.21,1
ACC-08607,Starter,Other,3,868,2,0.339,0.178,56.0,3,0,-14.0,4.4,125,30.33,0
ACC-08608,Growth,SaaS,31,87,18,0.578,0.655,218.0,2,0,45.0,3.5,209,1395.87,0
ACC-08609,Starter,Healthcare,6,814,12,0.54,0.439,9.0,1,0,24.0,4.5,143,119.27,0
ACC-08610,Starter,FinTech,8,93,3,,0.124,3443.0,0,0,37.0,4.0,231,120.95,0
ACC-08611,Starter,SaaS,9,650,0,0.516,0.334,51.0,0,0,39.0,4.9,158,176.77,0
ACC-08612,Growth,E-commerce,5,863,19,0.655,0.143,185.0,3,0,8.0,2.5,132,235.35,0
ACC-08613,Growth,SaaS,6,320,8,0.48,0.438,0.0,1,0,83.0,3.5,391,242.85,0
ACC-08614,Starter,E-commerce,1,154,5,0.624,0.318,31.0,2,0,20.0,4.3,368,27.1,0
ACC-08615,Starter,FinTech,2,72,7,0.584,0.455,7.0,1,0,-16.0,3.8,159,49.38,0
ACC-08616,Growth,E-commerce,19,317,8,0.541,0.327,178.0,0,0,72.0,3.2,249,1068.38,0
ACC-08617,Growth,Other,29,857,17,0.749,0.619,148.0,1,0,52.0,3.3,94,1207.2,0
ACC-08618,Growth,SaaS,17,420,13,0.564,0.473,189.0,1,0,-13.0,2.6,178,806.49,0
ACC-08619,Starter,Other,3,384,3,0.47,0.179,23.0,1,0,-4.0,4.8,286,76.86,0
ACC-08620,Growth,SaaS,27,19,9,0.465,0.161,175.0,1,0,,3.2,46,1189.81,0
ACC-08621,Enterprise,SaaS,131,604,26,0.697,0.773,734.0,1,0,18.0,4.0,233,7843.42,0
ACC-08622,Growth,SaaS,30,180,12,0.84,0.625,2222.0,1,0,6.0,4.1,302,1039.25,0
ACC-08623,Starter,Healthcare,5,624,10,0.237,0.336,52.0,4,1,63.0,4.6,340,40740.03017183272,0
ACC-08624,Growth,E-commerce,24,747,13,0.731,0.567,175.0,1,0,81.0,5.0,92,1275.05,0
ACC-08625,Starter,Other,4,700,0,0.58,0.153,25.0,1,1,1.0,3.2,271,86.89,0
ACC-08626,Starter,Healthcare,6,473,10,0.319,0.493,29.0,2,0,48.0,4.9,26,115.13,0
ACC-08627,Starter,FinTech,6,589,12,0.567,0.279,53.0,0,0,62.0,4.7,122,120.17,0
ACC-08628,Enterprise,Other,121,362,28,0.983,0.799,444.0,2,0,7.0,2.4,178,13104.45,0
ACC-08629,Starter,Other,1,642,0,0.479,0.292,43.0,1,0,32.0,3.2,239,26.87,0
ACC-08630,Enterprise,Healthcare,107,618,6,0.753,0.651,,1,0,1.0,4.8,126,10925.97,0
ACC-08631,Growth,E-commerce,13,180,16,0.382,0.433,111.0,3,0,28.0,3.5,301,335.99,0
ACC-08632,Growth,Healthcare,11,301,10,0.451,0.372,241.0,0,0,59.0,3.6,62,373.06,0
ACC-08633,Starter,SaaS,8,701,1,0.741,0.156,70.0,1,1,43.0,5.0,358,141.03,0
ACC-08634,Growth,Other,18,402,13,0.57,,46.0,0,0,18.0,4.0,102,836.96,0
ACC-08635,Starter,Other,1,222,5,0.464,0.378,62.0,1,1,37.0,5.0,205,16.93,0
ACC-08636,Growth,E-commerce,8,894,7,0.434,0.826,104.0,2,0,-19.0,4.6,159,232.03,0
ACC-08637,Starter,SaaS,8,783,7,0.466,0.349,49.0,1,0,15.0,4.7,321,94.98,0
ACC-08638,Starter,SaaS,3,700,10,0.454,0.353,53.0,3,1,91.0,4.2,198,78.84,1
ACC-08639,Growth,Other,15,387,14,,0.586,87.0,2,0,49.0,4.5,200,535.5,0
ACC-08640,Starter,Other,6,504,8,0.168,0.373,20.0,2,0,64.0,3.7,137,102.3,0
ACC-08641,Starter,Healthcare,1,851,9,0.532,0.421,79.0,0,0,15.0,4.9,52,22.74,0
ACC-08642,Enterprise,Other,133,480,12,0.787,0.537,592.0,0,0,10.0,3.1,97,13280.28,0
ACC-08643,Starter,E-commerce,7,745,7,0.518,0.393,56.0,2,0,14.0,3.5,310,161.68,0
ACC-08644,Starter,Other,3,762,8,0.576,0.4,,2,0,40.0,3.1,209,42.63,0
ACC-08645,Starter,SaaS,3,726,5,0.523,0.47,78.0,0,0,77.0,4.4,126,46.22,0
ACC-08646,Starter,SaaS,7,546,3,0.291,0.02,23.0,0,0,53.0,3.3,313,138.16,0
ACC-08647,Growth,E-commerce,9,319,10,1.0,0.267,161.0,1,0,35.0,3.3,107,456.46,0
ACC-08648,Starter,FinTech,1,314,6,0.412,0.397,49.0,2,0,49.0,2.5,55,27.92,0
ACC-08649,Growth,FinTech,36,732,17,0.655,0.47,135.0,0,0,81.0,3.8,107,2001.38,0
ACC-08650,Growth,Healthcare,26,384,20,0.742,0.64,133.0,3,1,13.0,4.5,52,1328.98,0
ACC-08651,Starter,SaaS,2,233,13,0.288,0.488,36.0,0,0,83.0,2.0,234,46.02,0
ACC-08652,Enterprise,Healthcare,176,176,13,0.773,0.773,555.0,2,0,51.0,4.0,120,15398.68,0
ACC-08653,Enterprise,SaaS,99,559,16,0.905,0.884,778.0,3,0,,3.0,98,11790.74,0
ACC-08654,Starter,Other,8,864,10,0.519,0.61,38.0,1,0,47.0,,153,88.33,0
ACC-08655,Starter,SaaS,1,349,13,0.339,0.416,99.0,1,0,79.0,,49,12.65,0
ACC-08656,Starter,Healthcare,8,591,3,0.351,0.183,75.0,4,1,46.0,4.5,216,177.47,0
ACC-08657,Starter,E-commerce,1,287,8,0.199,0.081,102.0,2,1,60.0,4.0,140,26.49,0
ACC-08658,Growth,FinTech,9,367,8,0.642,0.358,326.0,5,1,51.0,3.8,384,512.58,0
ACC-08659,Growth,SaaS,31,375,14,0.372,0.475,135.0,1,0,47.0,3.4,162,1856.93,0
ACC-08660,Growth,SaaS,28,332,10,0.465,0.304,232.0,4,1,13.0,4.5,63,1458.2,0
ACC-08661,Starter,FinTech,1,764,8,0.706,0.336,33.0,5,0,28.0,4.8,195,21.9,0
ACC-08662,Starter,SaaS,7,817,2,0.443,0.588,37.0,0,0,61.0,,292,142.03,0
ACC-08663,Enterprise,SaaS,192,252,13,0.795,0.778,751.0,2,0,21.0,3.9,213,17163.43,0
ACC-08664,Enterprise,Healthcare,168,333,30,0.618,0.547,984.0,0,0,45.0,3.1,140,14356.8,0
ACC-08665,Starter,SaaS,5,31,7,0.243,0.428,12.0,1,1,48.0,,254,58.03,0
ACC-08666,Growth,SaaS,6,684,23,0.43,0.299,26.0,4,1,-16.0,4.6,202,168.79,0
ACC-08667,Growth,FinTech,34,641,20,0.788,0.348,94.0,1,0,-3.0,3.7,390,1290.69,0
ACC-08668,Growth,FinTech,5,754,6,0.639,0.735,178.0,2,0,71.0,3.3,299,229.63,0
ACC-08669,Growth,E-commerce,13,509,15,0.076,,112.0,1,0,65.0,,239,491.64,0
ACC-08670,Enterprise,E-commerce,144,820,14,0.543,0.742,443.0,1,0,44.0,,332,17185.97,0
ACC-08671,Starter,E-commerce,4,138,6,0.393,0.411,51.0,2,0,,5.0,369,111.11,0
ACC-08672,Starter,FinTech,4,344,0,0.082,0.501,44.0,1,0,28.0,3.4,314,57.02,0
ACC-08673,Enterprise,FinTech,122,410,13,,,479.0,1,0,22.0,3.7,275,16289.64,0
ACC-08674,Starter,SaaS,4,692,3,0.953,0.222,0.0,0,0,22.0,3.7,309,66.66,1
ACC-08675,Starter,Healthcare,3,208,5,0.59,0.32,52.0,0,0,30.0,2.0,359,75.23,0
ACC-08676,Growth,FinTech,35,303,13,,0.598,51.0,0,0,78.0,4.1,17,1494.12,0
ACC-08677,Growth,Other,16,97,8,0.658,0.375,227.0,0,0,,,143,627.17,0
ACC-08678,Growth,E-commerce,17,850,14,0.511,0.687,224.0,1,0,39.0,2.9,168,869.34,0
ACC-08679,Growth,E-commerce,19,415,18,0.463,0.488,160.0,3,1,-8.0,3.6,393,772.85,0
ACC-08680,Growth,E-commerce,18,23,14,0.557,0.798,73.0,3,0,17.0,3.9,216,489.29,0
ACC-08681,Starter,Other,6,222,7,,0.347,0.0,2,0,,3.1,297,69.73,0
ACC-08682,Growth,FinTech,14,519,15,0.68,0.485,98.0,1,0,39.0,4.3,220,659.88,0
ACC-08683,Growth,FinTech,8,449,7,0.55,0.358,189.0,3,1,32.0,3.8,324,75698.23112501891,1
ACC-08684,Enterprise,Other,3,465,24,0.828,0.587,401.0,4,0,-8.0,4.9,168,8757.32,0
ACC-08685,Starter,E-commerce,8,69,2,0.588,0.529,49.0,0,0,44.0,4.1,196,115.83,0
ACC-08686,Starter,FinTech,1,791,14,0.624,0.303,2274.0,0,0,50.0,3.5,286,24.24,0
ACC-08687,Growth,SaaS,36,748,16,0.569,0.533,194.0,1,0,83.0,2.0,294,1219.45,0
ACC-08688,Starter,SaaS,8,205,10,0.464,0.295,81.0,0,0,29.0,3.5,336,179.29,0
ACC-08689,Starter,Healthcare,2,338,10,0.521,0.43,48.0,2,0,42.0,3.5,135,29.13,0
ACC-08690,Enterprise,SaaS,27,91,20,0.665,0.631,706.0,0,0,31.0,,21,2548.87,0
ACC-08691,Growth,SaaS,29,127,9,0.458,0.426,108.0,0,0,38.0,2.8,389,806.01,0
ACC-08692,Starter,SaaS,8,763,3,,0.325,31.0,1,0,45.0,4.6,218,192.34,0
ACC-08693,Starter,Other,8,114,15,0.654,0.404,27.0,5,2,60.0,4.0,90,82.41,0
ACC-08694,Starter,E-commerce,7,324,7,0.412,0.587,0.0,0,0,48.0,2.9,242,116.71,0
ACC-08695,Growth,FinTech,9,894,8,,0.464,74.0,2,1,15.0,3.9,275,281.92,0
ACC-08696,Growth,Other,39,301,15,0.556,0.42,82.0,1,1,11.0,3.9,307,2273.24,0
ACC-08697,Starter,FinTech,8,622,9,0.365,0.356,12.0,2,0,23.0,3.9,259,174.15,0
ACC-08698,Starter,Healthcare,8,107,6,0.334,0.159,38.0,1,0,,4.6,321,136.84,0
ACC-08699,Starter,Healthcare,4,788,3,0.444,0.215,2.0,1,0,21.0,4.2,49,45.84,0
ACC-08700,Starter,FinTech,7,829,10,0.372,0.069,0.0,0,0,6.0,4.5,109,154.19,0
ACC-08701,Starter,Healthcare,7,822,11,0.18,0.398,,0,0,59.0,5.0,92,99.59,1
ACC-08702,Growth,Other,20,574,14,0.448,,273.0,2,0,23.0,4.7,215,718.63,0
ACC-08703,Starter,SaaS,6,875,7,0.553,0.492,19.0,1,1,29.0,2.2,349,62.39,0
ACC-08704,Starter,SaaS,5,627,3,,0.379,5.0,1,1,66.0,3.0,43,112.21,0
ACC-08705,Growth,Healthcare,30,347,15,0.575,0.484,143.0,0,0,20.0,4.3,151,974.38,0
ACC-08706,Growth,FinTech,16,809,10,0.6,0.48,78.0,2,0,46.0,4.3,223,891.56,0
ACC-08707,Starter,E-commerce,7,256,1,0.765,0.374,54.0,1,1,73.0,,114,141.93,0
ACC-08708,Starter,SaaS,8,761,12,0.634,0.284,92.0,2,0,,,64,107.23,1
ACC-08709,Starter,Other,6,838,2,0.666,0.396,49.0,0,0,44.0,4.6,139,143.22,0
ACC-08710,Starter,Healthcare,8,414,0,0.395,0.482,,1,0,59.0,4.8,163,115.98,0
ACC-08711,Growth,Other,21,219,19,0.545,0.502,206.0,1,0,32.0,3.7,140,843.22,0
ACC-08712,Starter,FinTech,3,155,0,0.426,0.259,34.0,0,0,7.0,4.7,92,79.32,0
ACC-08713,Growth,Other,21,490,11,0.43,0.249,123.0,0,0,34.0,5.0,349,817.62,0
ACC-08714,Growth,E-commerce,12,609,8,0.489,,166.0,2,2,69.0,3.1,256,585.46,0
ACC-08715,Starter,E-commerce,9,536,4,0.294,0.185,43.0,1,0,16.0,3.4,90,141.91,0
ACC-08716,Starter,E-commerce,4,590,17,0.316,0.203,25.0,1,1,49.0,2.2,69,82.24,0
ACC-08717,Starter,FinTech,2,36,7,0.37,0.201,17.0,1,1,22.0,2.0,389,52.15,0
ACC-08718,Starter,E-commerce,7,55,9,0.389,0.353,38.0,3,1,72.0,4.0,391,115.79,0
ACC-08719,Growth,SaaS,27,247,17,0.851,0.647,27.0,2,0,35.0,5.0,201,686.58,0
ACC-08720,Starter,FinTech,6,810,4,0.078,0.325,27.0,3,1,7.0,3.9,140,66.18,1
ACC-08721,Enterprise,Healthcare,75,460,25,0.742,0.791,735.0,3,1,39.0,4.9,86,4188.45,0
ACC-08722,Growth,SaaS,37,311,15,0.291,0.648,72.0,2,0,10.0,5.0,381,1905.7,0
ACC-08723,Growth,Healthcare,36,603,16,0.374,0.621,44.0,3,0,34.0,3.8,109,1729.88,0
ACC-08724,Growth,FinTech,35,393,10,0.674,0.539,213.0,1,0,49.0,2.9,361,1451.6,0
ACC-08725,Growth,SaaS,16,141,15,0.541,0.729,158.0,4,1,37.0,4.9,76,684.56,1
ACC-08726,Enterprise,Healthcare,42,469,20,0.794,0.703,224.0,1,0,51.0,4.4,288,5007.45,0
ACC-08727,Enterprise,SaaS,62,631,25,0.922,0.827,402.0,2,0,78.0,5.0,220,6363.02,0
ACC-08728,Starter,Other,8,822,5,0.351,0.326,36.0,2,1,24.0,3.6,361,213.96,1
ACC-08729,Starter,Other,5,340,16,0.803,0.236,14.0,2,0,37.0,4.0,76,69.39,0
ACC-08730,Starter,FinTech,7,165,9,0.354,0.456,69.0,4,0,43.0,2.1,95,156.24,0
ACC-08731,Starter,FinTech,1,780,6,0.76,0.161,63.0,3,1,52.0,3.1,42,20.02,1
ACC-08732,Growth,SaaS,29,340,12,0.531,0.436,17.0,0,0,60.0,4.1,190,933.16,0
ACC-08733,Starter,Healthcare,3,153,7,0.393,0.193,25.0,2,0,30.0,,251,59.64,0
ACC-08734,Growth,SaaS,29,458,10,0.497,0.43,231.0,1,0,4.0,3.4,133,936.96,0
ACC-08735,Growth,Other,24,66,16,0.702,,379.0,2,0,48.0,2.9,376,1254.7,0
ACC-08736,Starter,Other,1,892,7,0.281,0.231,48.0,0,0,38.0,3.1,7,22.81,0
ACC-08737,Growth,SaaS,23,704,22,0.589,0.488,191.0,1,1,77.0,2.7,139,1331.68,0
ACC-08738,Starter,Healthcare,6,403,5,0.185,0.202,47.0,3,1,37.0,4.1,182,76.94,0
ACC-08739,Growth,FinTech,12,497,12,0.73,0.681,41.0,0,0,38.0,,67,354.59,0
ACC-08740,Growth,E-commerce,28,367,11,0.476,,197.0,1,0,33.0,3.7,252,990.2,0
ACC-08741,Starter,SaaS,4,429,15,0.581,0.343,58.0,3,1,-9.0,3.1,146,105.71,0
ACC-08742,Growth,Healthcare,10,842,6,0.488,,168.0,1,0,32.0,3.8,148,496.32,1
ACC-08743,Starter,SaaS,8,657,7,0.583,0.345,29.0,2,1,23.0,,100,202.73,0
ACC-08744,Growth,Other,24,600,14,0.901,0.652,154.0,1,0,-23.0,3.8,26,703.17,0
ACC-08745,Growth,FinTech,23,879,8,0.409,0.471,301.0,3,0,41.0,2.7,10,744.7,0
ACC-08746,Starter,E-commerce,5,158,19,0.806,0.061,61.0,0,0,33.0,3.1,121,58.37,0
ACC-08747,Growth,Other,7,818,9,0.742,0.661,138.0,1,0,-16.0,4.9,361,259.5,0
ACC-08748,Enterprise,Healthcare,55,169,20,0.717,,3513.0,1,0,21.0,3.4,245,3158.28,0
ACC-08749,Growth,E-commerce,24,243,21,0.621,0.664,196.0,1,0,58.0,4.1,327,614.0,0
ACC-08750,Growth,FinTech,22,584,11,0.334,,192.0,0,0,23.0,3.3,226,1279.03,0
ACC-08751,Growth,FinTech,5,134,14,0.586,0.315,151.0,3,0,23.0,1.7,88,296.47,0
ACC-08752,Starter,FinTech,6,427,5,,0.195,90.0,2,0,25.0,3.0,191,111.5,0
ACC-08753,Growth,Other,26,311,13,0.204,0.462,50.0,2,1,61.0,,244,1422.38,0
ACC-08754,Enterprise,SaaS,189,21,25,0.622,0.568,736.0,3,0,75.0,5.0,199,16171.05,0
ACC-08755,Starter,FinTech,1,176,5,0.11,0.345,23.0,0,0,63.0,3.2,98,15.96,0
ACC-08756,Starter,Healthcare,8,411,0,0.48,0.334,41.0,2,0,50.0,5.0,257,130.55,0
ACC-08757,Starter,FinTech,6,88,7,0.383,0.146,93.0,1,0,73.0,4.7,304,86.21,1
ACC-08758,Starter,Other,4,846,7,0.09,0.571,63.0,2,0,16.0,3.8,86,79.4,0
ACC-08759,Starter,SaaS,7,394,8,0.312,0.196,,1,1,63.0,3.5,244,103.23,0
ACC-08760,Starter,SaaS,6,676,6,0.7,0.586,43.0,1,0,62.0,4.0,369,105.52,0
ACC-08761,Growth,E-commerce,10,195,9,0.429,0.726,52.0,0,0,-16.0,2.3,389,465.8,1
ACC-08762,Starter,E-commerce,4,508,6,0.322,0.358,0.0,4,1,52.0,4.2,148,46.11,0
ACC-08763,Starter,Other,4,114,15,0.317,0.111,12.0,4,0,89.0,4.4,93,81.75,0
ACC-08764,Growth,FinTech,14,186,13,0.594,0.456,256.0,5,1,53.0,5.0,220,695.5,0
ACC-08765,Starter,SaaS,8,620,10,0.096,0.309,0.0,0,0,75.0,,306,181.74,0
ACC-08766,Growth,FinTech,31,311,8,0.619,0.694,238.0,1,1,39.0,3.0,368,1451.52,0
ACC-08767,Growth,FinTech,28,884,12,0.903,0.504,294.0,3,0,28.0,3.4,24,1321.92,0
ACC-08768,Enterprise,E-commerce,138,897,15,0.55,0.849,518.0,3,2,38.0,4.1,227,19084.7,0
ACC-08769,Growth,SaaS,33,130,19,0.504,0.287,182.0,2,1,41.0,3.0,61,1578.79,0
ACC-08770,Starter,E-commerce,9,597,0,0.118,0.08,57.0,1,0,23.0,2.8,26,171.26,0
ACC-08771,Starter,Other,3,707,9,0.382,,33.0,0,0,41.0,2.4,260,62.26,0
ACC-08772,Enterprise,FinTech,145,258,22,0.833,0.859,323.0,3,0,45.0,4.5,303,19545.48,0
ACC-08773,Growth,E-commerce,15,759,14,0.399,0.683,112.0,1,0,48.0,3.5,260,501.4,0
ACC-08774,Growth,SaaS,18,667,2,0.811,0.578,182.0,4,0,87.0,3.2,343,538.41,0
ACC-08775,Growth,Healthcare,23,301,4,0.435,,100.0,1,0,,3.3,365,1234.77,0
ACC-08776,Starter,SaaS,6,94,8,0.078,0.388,36.0,2,0,,5.0,299,113.1,0
ACC-08777,Growth,E-commerce,10,406,9,0.707,0.662,331.0,0,0,40.0,3.9,180,292.34,0
ACC-08778,Growth,FinTech,21,342,10,0.644,0.814,207.0,1,0,71.0,3.9,45,1204.14,0
ACC-08779,Enterprise,SaaS,87,481,18,0.725,0.892,946.0,1,1,35.0,,82,5074.62,0
ACC-08780,Starter,FinTech,8,217,2,0.408,0.565,0.0,2,0,6.0,3.6,293,91.9,0
ACC-08781,Growth,SaaS,13,290,7,0.657,0.476,0.0,2,0,26.0,4.7,107,419.02,0
ACC-08782,Starter,Other,3,807,7,0.242,,,0,0,50.0,4.3,327,40.33,0
ACC-08783,Enterprise,SaaS,20,760,11,0.878,0.625,271.0,0,0,21.0,3.5,349,2086.44,0
ACC-08784,Starter,Other,8,665,5,0.416,0.38,45.0,0,0,36.0,3.7,384,179.53,0
ACC-08785,Growth,FinTech,28,326,10,0.635,0.481,139.0,1,0,,4.0,188,742.05,0
ACC-08786,Starter,SaaS,5,454,7,0.4,0.266,0.0,0,0,37.0,2.6,393,56.5,0
ACC-08787,Growth,FinTech,22,273,24,0.484,0.349,233.0,2,0,-4.0,3.9,140,936.04,0
ACC-08788,Growth,SaaS,29,375,9,0.587,0.697,39.0,0,0,37.0,4.8,314,1324.63,0
ACC-08789,Starter,Healthcare,1,472,9,0.176,0.662,11.0,0,0,33.0,,205,16.84,0
ACC-08790,Enterprise,SaaS,141,774,21,0.85,0.737,270.0,3,1,19.0,3.9,131,17032.23,0
ACC-08791,Enterprise,Other,185,719,23,0.639,0.941,712.0,1,0,43.0,4.3,381,10826.98,0
ACC-08792,Enterprise,SaaS,46,187,19,0.839,0.89,269.0,3,0,31.0,3.8,108,4050.73,0
ACC-08793,Starter,FinTech,6,851,13,0.396,0.292,25.0,0,0,23.0,2.7,259,105.68,0
ACC-08794,Growth,SaaS,31,80,16,0.571,0.469,273.0,0,0,27.0,2.7,341,1337.9,0
ACC-08795,Growth,Healthcare,18,56,16,1.0,,2903.0,4,0,15.0,4.8,357,869.63,0
ACC-08796,Growth,E-commerce,5,768,7,0.774,0.424,264.0,2,0,41.0,4.4,113,266.38,0
ACC-08797,Growth,Other,34,265,13,0.529,0.738,130.0,1,0,17.0,4.2,263,1029.25,0
ACC-08798,Growth,FinTech,31,772,11,0.536,0.436,84.0,0,0,22.0,4.4,284,1375.58,1
ACC-08799,Starter,SaaS,7,75,3,,0.406,79.0,0,0,22.0,3.2,212,148.69,0
ACC-08800,Starter,Healthcare,3,229,4,0.432,,5.0,0,0,-7.0,5.0,20,67579.4359953041,0
ACC-08801,Starter,E-commerce,2,745,7,0.315,0.455,106.0,4,1,21.0,2.2,112,43.47,0
ACC-08802,Starter,Healthcare,4,187,9,0.319,0.457,12.0,2,0,31.0,4.1,149,95.57,0
ACC-08803,Starter,FinTech,7,474,11,0.221,0.631,55.0,2,0,33.0,3.0,226,88.2,0
ACC-08804,Starter,Healthcare,5,653,11,0.265,0.29,51.0,2,0,70.0,4.2,185,102.02,0
ACC-08805,Growth,SaaS,39,323,14,0.499,0.804,229.0,3,0,44.0,,219,1632.0,0
ACC-08806,Growth,Other,6,141,13,0.531,0.931,226.0,1,1,35.0,,295,347.77,0
ACC-08807,Starter,SaaS,9,752,6,0.389,0.45,0.0,2,1,45.0,3.2,53,229.49,1
ACC-08808,Growth,Healthcare,11,565,12,0.691,0.617,185.0,3,1,39.0,3.4,152,477.74,0
ACC-08809,Enterprise,SaaS,101,822,16,0.643,0.815,1032.0,4,2,48.0,4.2,144,9080.19,1
ACC-08810,Enterprise,Healthcare,175,635,18,0.68,0.855,904.0,1,0,19.0,5.0,305,23264.3,0
ACC-08811,Enterprise,Other,55,673,22,0.653,0.934,784.0,2,0,33.0,3.0,44,4149.1,0
ACC-08812,Enterprise,Other,38,565,27,0.863,0.707,971.0,4,0,12.0,2.7,201,2359.5,0
ACC-08813,Growth,FinTech,30,607,12,0.782,,0.0,0,0,35.0,3.3,24,1659.86,0
ACC-08814,Enterprise,FinTech,104,392,16,0.815,0.662,868.0,2,0,26.0,5.0,82,12694.38,0
ACC-08815,Enterprise,Healthcare,67,835,24,0.691,0.762,834.0,0,0,64.0,3.2,299,5630.81,0
ACC-08816,Starter,E-commerce,7,737,0,0.525,0.208,4.0,0,0,42.0,2.9,149,184.37,0
ACC-08817,Enterprise,E-commerce,30,228,25,0.653,0.928,308.0,1,0,82.0,1.6,310,2140.43,0
ACC-08818,Growth,SaaS,37,837,7,0.437,0.628,171.0,1,0,50.0,3.3,366,1029.28,0
ACC-08819,Growth,FinTech,29,221,16,0.348,0.596,268.0,1,0,80.0,3.3,87,1141.3,0
ACC-08820,Enterprise,FinTech,67,639,18,0.949,0.707,433.0,2,0,76.0,4.1,157,5129.71,0
ACC-08821,Starter,E-commerce,3,829,8,0.156,0.304,38.0,0,0,25.0,3.7,232,68.72,1
ACC-08822,Starter,SaaS,4,385,16,,0.235,92.0,1,0,66.0,3.0,286,40.72,0
ACC-08823,Growth,FinTech,21,177,9,0.549,0.393,,3,0,57.0,2.6,356,652.34,0
ACC-08824,Growth,Other,39,896,8,0.562,0.521,122.0,2,0,-6.0,3.8,106,1563.19,0
ACC-08825,Enterprise,E-commerce,102,717,20,0.598,0.7,212.0,1,0,11.0,3.3,187,13104.79,0
ACC-08826,Enterprise,Other,80,412,27,0.585,0.486,270.0,0,0,20.0,4.0,95,9874.49,0
ACC-08827,Growth,SaaS,12,892,14,0.556,0.499,221.0,1,0,22.0,,93,490.0,0
ACC-08828,Enterprise,FinTech,36,117,20,0.584,0.417,349.0,3,1,39.0,3.7,242,72436.4664175806,0
ACC-08829,Starter,E-commerce,6,481,8,0.5,0.515,0.0,2,1,41.0,3.7,83,155.86,0
ACC-08830,Enterprise,FinTech,116,175,15,0.685,0.796,3173.0,0,0,,3.0,316,12640.08,0
ACC-08831,Starter,Healthcare,7,177,8,,,57.0,1,0,4.0,3.6,341,137.96,0
ACC-08832,Growth,SaaS,20,322,11,0.466,0.879,165.0,1,0,49.0,4.4,300,1185.57,0
ACC-08833,Starter,E-commerce,7,522,13,0.405,0.378,9.0,1,0,-13.0,3.8,326,71.56,0
ACC-08834,Growth,SaaS,10,165,17,0.686,0.264,83.0,4,2,9.0,3.8,21,579.01,1
ACC-08835,Starter,E-commerce,9,474,1,0.343,0.202,19.0,3,0,33.0,4.8,110,130.76,1
ACC-08836,Starter,Healthcare,2,703,6,0.528,0.258,41.0,0,0,-11.0,2.3,353,25.51,0
ACC-08837,Growth,SaaS,29,144,15,0.438,0.406,118.0,3,0,34.0,4.6,47,1444.39,0
ACC-08838,Growth,FinTech,28,26,9,0.565,0.648,,1,0,17.0,5.0,356,1129.02,0
ACC-08839,Starter,FinTech,1,675,2,0.64,0.18,0.0,0,0,60.0,4.2,271,13.93,0
ACC-08840,Growth,Healthcare,39,373,11,0.501,0.393,99.0,1,0,5.0,2.7,150,1954.8,0
ACC-08841,Starter,SaaS,7,182,9,0.588,0.415,0.0,1,0,51.0,,187,173.78,0
ACC-08842,Starter,FinTech,6,792,12,0.652,0.356,70.0,4,1,54.0,3.3,153,72470.75607894489,0
ACC-08843,Starter,Healthcare,1,392,8,0.547,0.249,27.0,1,0,54.0,4.2,184,12.86,1
ACC-08844,Growth,E-commerce,25,118,24,0.443,0.498,3685.0,1,0,46.0,3.0,14,754.49,0
ACC-08845,Growth,Healthcare,11,287,10,0.441,0.623,42.0,0,0,61.0,,315,446.35,0
ACC-08846,Growth,FinTech,15,524,16,0.553,0.517,193.0,3,1,39.0,4.4,396,451.97,0
ACC-08847,Enterprise,Other,199,271,15,0.747,0.843,283.0,1,0,16.0,3.1,14,20202.56,0
ACC-08848,Growth,SaaS,34,841,20,0.703,0.605,180.0,0,0,80.0,3.3,114,1885.07,0
ACC-08849,Growth,SaaS,19,569,19,0.372,0.492,180.0,0,0,55.0,3.5,226,655.66,0
ACC-08850,Enterprise,E-commerce,154,77,23,0.822,0.666,291.0,5,1,43.0,3.8,109,10599.39,0
ACC-08851,Starter,FinTech,9,321,0,0.531,0.534,4.0,3,2,44.0,2.8,179,180.05,0
ACC-08852,Starter,E-commerce,8,323,10,0.388,0.292,45.0,2,0,36.0,3.2,42,108.01,1
ACC-08853,Starter,SaaS,8,143,3,0.437,0.122,0.0,2,0,43.0,1.7,217,100.94,0
ACC-08854,Growth,SaaS,25,47,15,0.643,0.658,194.0,1,0,71.0,3.4,310,1381.22,0
ACC-08855,Growth,Healthcare,33,113,6,,0.645,,1,1,13.0,3.9,86,1792.38,0
ACC-08856,Starter,FinTech,8,618,8,0.488,0.325,45.0,1,1,54.0,2.7,336,91.85,0
ACC-08857,Enterprise,Healthcare,197,233,18,0.547,0.714,239.0,0,0,24.0,3.9,355,20044.59,0
ACC-08858,Enterprise,E-commerce,175,383,16,0.965,0.853,564.0,0,0,-8.0,5.0,223,22785.68,0
ACC-08859,Starter,SaaS,3,140,10,0.769,0.071,59.0,1,1,-12.0,2.8,213,36.54,0
ACC-08860,Starter,Healthcare,8,853,7,0.498,0.501,52.0,1,0,7.0,2.0,396,176.78,0
ACC-08861,Starter,Other,1,888,6,0.499,0.454,36.0,2,0,15.0,3.2,113,26.95,0
ACC-08862,Starter,Healthcare,4,626,10,0.441,0.24,19.0,2,1,0.0,,363,92.64,0
ACC-08863,Enterprise,SaaS,180,307,29,0.635,0.654,663.0,2,1,44.0,3.0,316,22257.68,0
ACC-08864,Growth,E-commerce,30,547,14,0.4,0.41,0.0,2,1,15.0,3.7,368,1307.79,0
ACC-08865,Starter,Other,3,355,0,0.394,0.325,23.0,2,0,65.0,2.4,380,55.76,1
ACC-08866,Growth,E-commerce,34,820,6,0.561,0.2,195.0,3,2,72.0,4.0,145,2008.95,0
ACC-08867,Starter,FinTech,5,550,7,0.675,0.219,63.0,3,2,61.0,2.9,281,60.1,0
ACC-08868,Starter,SaaS,7,128,12,,,24.0,1,0,60.0,3.6,78,166.75,0
ACC-08869,Starter,Healthcare,5,99,8,0.444,0.703,51.0,2,0,88.0,3.0,294,62.46,1
ACC-08870,Growth,Healthcare,7,708,15,0.391,0.519,221.0,5,2,38.0,2.7,294,290.43,0
ACC-08871,Growth,Other,16,658,13,0.685,0.61,355.0,1,0,44.0,4.2,396,440.39,0
ACC-08872,Enterprise,Other,129,660,24,0.907,0.68,,1,1,50.0,3.8,139,13018.02,0
ACC-08873,Starter,FinTech,6,309,10,,0.085,93.0,2,0,66.0,2.0,335,97.76,0
ACC-08874,Growth,E-commerce,24,610,8,0.447,0.505,81.0,3,1,15.0,2.4,359,1018.81,0
ACC-08875,Starter,SaaS,8,254,9,0.577,0.234,3357.0,4,0,50.0,2.9,198,141.82,0
ACC-08876,Starter,SaaS,2,579,0,0.489,0.251,18.0,1,1,13.0,5.0,351,34.38,0
ACC-08877,Enterprise,SaaS,193,305,22,0.943,0.702,508.0,1,1,85.0,4.4,134,11968.08,0
ACC-08878,Growth,Other,25,124,12,0.662,0.634,128.0,4,0,42.0,3.9,164,1074.2,0
ACC-08879,Starter,SaaS,8,751,8,0.57,,72.0,2,1,44.0,3.9,322,116.5,1
ACC-08880,Growth,FinTech,30,735,14,0.638,0.396,265.0,0,0,18.0,3.4,209,1308.93,0
ACC-08881,Growth,FinTech,589,708,14,0.81,0.523,278.0,0,0,19.0,4.6,281,880.13,0
ACC-08882,Enterprise,FinTech,114,576,26,0.766,0.865,376.0,1,0,30.0,4.2,106,8170.83,0
ACC-08883,Growth,E-commerce,34,580,13,0.793,,44.0,2,0,66.0,3.1,184,1982.83,0
ACC-08884,Starter,SaaS,8,697,8,0.289,0.295,32.0,1,0,87.0,3.7,239,189.69,0
ACC-08885,Growth,FinTech,22,513,19,0.375,0.671,196.0,1,1,20.0,2.5,159,660.39,0
ACC-08886,Starter,FinTech,6,790,16,0.546,0.02,,1,1,47.0,3.3,168,155.28,0
ACC-08887,Starter,Healthcare,3,692,7,0.419,0.17,22.0,2,0,-17.0,2.2,87,74.22,0
ACC-08888,Growth,Healthcare,19,494,11,0.526,0.382,299.0,0,0,85.0,2.8,375,691.34,0
ACC-08889,Growth,Other,24,534,11,0.277,0.283,373.0,1,0,12.0,2.0,351,782.95,0
ACC-08890,Starter,FinTech,4,861,9,0.775,0.074,25.0,2,1,48.0,3.5,373,90.14,0
ACC-08891,Growth,SaaS,30,461,12,0.75,,84.0,0,0,77.0,4.0,100,776.57,0
ACC-08892,Growth,FinTech,34,110,5,0.567,0.362,59.0,1,0,,2.5,338,863.65,1
ACC-08893,Growth,Other,33,761,18,0.668,0.668,132.0,1,0,27.0,3.2,378,875.65,1
ACC-08894,Starter,SaaS,3,17,11,0.627,0.567,38.0,1,0,61.0,3.5,127,69.17,0
ACC-08895,Starter,SaaS,8,232,12,0.139,0.201,,1,1,17.0,4.5,357,123.6,1
ACC-08896,Starter,Other,8,306,13,0.398,0.302,52.0,2,1,13.0,2.5,396,152.47,0
ACC-08897,Starter,Other,6,36,8,0.684,0.324,64.0,1,0,62.0,4.8,374,119.92,0
ACC-08898,Starter,SaaS,2,205,8,0.176,0.499,21.0,1,0,49.0,5.0,270,34.72,0
ACC-08899,Starter,Healthcare,7,169,12,0.4,0.28,14.0,2,0,23.0,3.6,36,79.49,1
ACC-08900,Starter,FinTech,7,504,2,0.411,0.508,53.0,4,1,92.0,4.6,103,192.42,0
ACC-08901,Starter,FinTech,8,794,5,0.375,0.36,17.0,3,1,-15.0,3.5,280,138.61,0
ACC-08902,Enterprise,FinTech,133,262,20,0.774,0.698,729.0,3,1,0.0,4.1,343,16388.92,0
ACC-08903,Growth,Other,33,360,17,0.239,0.26,255.0,2,1,63.0,4.3,329,1605.37,0
ACC-08904,Starter,SaaS,4,623,5,0.396,0.462,19.0,1,0,1.0,5.0,103,58.78,0
ACC-08905,Enterprise,Healthcare,189,611,17,0.724,0.759,958.0,1,1,28.0,4.6,4,21696.22,0
ACC-08906,Starter,SaaS,1,851,5,0.679,0.473,0.0,1,0,64.0,3.3,309,18.43,0
ACC-08907,Starter,E-commerce,2,476,9,0.589,0.02,42.0,2,1,-2.0,5.0,6,39.69,0
ACC-08908,Enterprise,E-commerce,197,695,20,0.601,0.882,908.0,3,0,52.0,4.3,75,12894.44,0
ACC-08909,Growth,Healthcare,31,763,6,0.526,0.663,196.0,0,0,47.0,3.6,234,1150.5,0
ACC-08910,Starter,Other,2,386,1,0.567,0.12,0.0,3,0,42.0,3.7,86,42.77,0
ACC-08911,Starter,Healthcare,3,755,8,0.293,0.4,0.0,3,0,100.0,4.0,107,78.24,0
ACC-08912,Growth,Healthcare,28,887,14,0.541,0.559,209.0,1,1,53.0,3.3,24,1046.16,0
ACC-08913,Growth,SaaS,32,119,13,0.86,0.365,77.0,2,0,,3.9,261,1857.46,0
ACC-08914,Starter,Other,1,697,5,0.102,0.218,0.0,5,0,50.0,3.3,44,14.22,1
ACC-08915,Growth,FinTech,378,566,17,0.489,0.618,251.0,1,1,18.0,4.2,5,393.2,0
ACC-08916,Starter,FinTech,3,732,9,0.307,,19.0,4,1,61.0,,206,35.88,0
ACC-08917,Growth,E-commerce,21,500,15,0.549,0.56,239.0,2,0,48.0,4.2,227,885.54,0
ACC-08918,Starter,FinTech,1,195,9,0.247,0.628,84.0,2,0,22.0,5.0,382,14.44,0
ACC-08919,Enterprise,E-commerce,184,393,27,0.62,0.823,467.0,0,0,35.0,4.9,385,21486.43,0
ACC-08920,Growth,FinTech,33,622,8,0.517,0.662,160.0,2,0,27.0,3.5,28,1759.17,0
ACC-08921,Starter,SaaS,9,808,5,0.432,0.544,24.0,1,1,23.0,3.8,13,170.61,0
ACC-08922,Growth,Other,26,76,11,0.429,0.322,175.0,3,1,42.0,1.6,247,1169.44,0
ACC-08923,Starter,Other,7,180,13,0.557,0.291,0.0,0,0,,3.9,226,75449.4880314146,0
ACC-08924,Starter,FinTech,6,222,5,0.407,0.303,54.0,1,0,29.0,3.8,5,109.45,0
ACC-08925,Growth,Other,13,537,9,0.436,0.476,3594.0,3,0,35.0,4.2,301,562.78,0
ACC-08926,Growth,FinTech,17,28,13,0.286,0.241,164.0,4,1,28.0,4.2,225,437.42,0
ACC-08927,Growth,FinTech,26,857,13,0.404,0.627,81.0,1,0,26.0,2.7,367,1235.57,0
ACC-08928,Enterprise,Other,54,638,25,0.793,0.768,300.0,4,1,48.0,4.2,93,4175.43,0
ACC-08929,Starter,E-commerce,8,816,5,0.414,0.122,28.0,1,0,50.0,3.6,176,99.08,0
ACC-08930,Starter,Healthcare,2,32,4,,0.557,60.0,3,0,16.0,2.6,254,45.75,0
ACC-08931,Growth,FinTech,6,257,9,0.343,0.732,235.0,1,1,-12.0,3.8,332,155.08,0
ACC-08932,Starter,FinTech,8,411,5,0.517,0.224,33.0,1,0,45.0,4.2,265,211.7,0
ACC-08933,Starter,SaaS,1,696,19,0.352,0.356,65.0,2,0,25.0,4.4,351,63493.89378544768,0
ACC-08934,Enterprise,Other,87,588,22,,0.879,421.0,1,0,48.0,4.0,222,7674.18,0
ACC-08935,Enterprise,SaaS,171,384,23,0.906,0.656,1318.0,1,1,54.0,3.9,214,17829.41,0
ACC-08936,Enterprise,FinTech,190,284,20,0.797,0.84,558.0,2,0,61.0,4.6,43,21311.51,0
ACC-08937,Starter,SaaS,8,306,8,0.484,0.374,17.0,0,0,-52.0,2.0,369,194.58,0
ACC-08938,Starter,E-commerce,2,339,11,0.302,0.126,0.0,3,1,77.0,3.0,97,24.35,0
ACC-08939,Growth,FinTech,25,624,16,0.566,0.499,253.0,1,0,19.0,1.7,201,998.85,0
ACC-08940,Enterprise,Healthcare,163,783,22,0.834,0.638,790.0,3,1,1.0,,92,19975.56,0
ACC-08941,Starter,E-commerce,7,436,7,,0.128,109.0,2,1,15.0,,73,84.01,1
ACC-08942,Starter,SaaS,1,812,5,0.21,0.043,11.0,1,0,-11.0,2.5,217,27.85,0
ACC-08943,Starter,SaaS,1,279,9,0.917,0.277,12.0,2,0,53.0,3.3,95,11.72,0
ACC-08944,Growth,SaaS,31,774,13,0.455,0.655,102.0,0,0,66.0,5.0,215,1841.1,0
ACC-08945,Growth,Healthcare,14,14,23,0.673,,,2,0,22.0,4.5,161,536.5,0
ACC-08946,Growth,Healthcare,39,678,18,0.734,0.584,79.0,2,0,57.0,4.6,155,1275.75,0
ACC-08947,Starter,FinTech,3,855,4,0.235,0.298,0.0,1,0,46.0,4.4,340,48.7,0
ACC-08948,Growth,E-commerce,28,259,8,0.434,0.556,109.0,4,0,46.0,2.8,349,1539.79,0
ACC-08949,Growth,SaaS,10,617,11,0.517,0.367,,0,0,-5.0,2.3,249,486.9,0
ACC-08950,Starter,Other,7,80,2,0.104,0.176,73.0,0,0,48.0,2.5,227,150.76,0
ACC-08951,Starter,Other,9,768,5,0.772,0.404,0.0,2,0,64.0,3.6,48,111.93,0
ACC-08952,Growth,Healthcare,28,446,9,0.633,,25.0,0,0,22.0,3.8,4,1479.4,0
ACC-08953,Starter,SaaS,8,390,6,0.3,0.27,0.0,3,0,70.0,3.6,322,199.44,0
ACC-08954,Enterprise,FinTech,73,833,19,0.631,1.0,717.0,0,0,57.0,3.8,372,4587.02,0
ACC-08955,Growth,Other,14,834,14,0.486,0.422,51.0,0,0,90.0,4.2,283,782.54,0
ACC-08956,Starter,SaaS,5,211,6,0.281,0.559,45.0,2,0,29.0,4.3,398,66.9,0
ACC-08957,Growth,E-commerce,12,864,9,,0.748,144.0,1,1,60.0,3.9,261,703.3,0
ACC-08958,Growth,Other,21,199,18,0.325,0.248,,1,1,60.0,3.4,328,1121.86,0
ACC-08959,Starter,Healthcare,6,733,9,0.447,0.167,25.0,1,0,23.0,4.4,345,109.49,0
ACC-08960,Growth,E-commerce,26,704,11,0.518,0.493,106.0,1,0,-9.0,,390,1251.67,0
ACC-08961,Starter,E-commerce,9,460,3,0.419,0.401,20.0,3,0,22.0,2.9,277,192.34,1
ACC-08962,Starter,Other,9,538,0,0.353,0.177,56.0,0,0,64.0,2.9,330,93.85,0
ACC-08963,Growth,FinTech,6,363,6,0.404,0.489,130.0,0,0,58.0,4.2,186,219.52,0
ACC-08964,Growth,Other,14,372,18,0.451,0.385,70.0,3,1,51.0,4.4,230,455.21,0
ACC-08965,Starter,FinTech,7,470,11,0.289,,55.0,2,0,53.0,4.0,185,150.87,1
ACC-08966,Starter,Healthcare,6,778,4,0.538,0.48,12.0,4,1,53.0,2.1,36,90.77,1
ACC-08967,Growth,Other,39,441,19,0.631,0.581,212.0,4,0,24.0,4.7,327,1470.8,0
ACC-08968,Starter,E-commerce,8,530,10,0.634,0.203,112.0,4,0,59.0,2.6,300,185.25,0
ACC-08969,Enterprise,FinTech,131,640,21,0.798,0.658,375.0,3,1,,2.4,316,63579.529513540176,0
ACC-08970,Growth,SaaS,36,829,17,0.507,0.885,75.0,0,0,33.0,5.0,54,1758.22,0
ACC-08971,Enterprise,Healthcare,136,776,23,0.828,,463.0,0,0,29.0,,317,15731.6,0
ACC-08972,Starter,E-commerce,3,340,8,0.389,0.272,25.0,0,0,71.0,4.3,84,59.75,0
ACC-08973,Enterprise,SaaS,179,779,19,0.58,0.803,710.0,0,0,26.0,4.8,336,10275.84,0
ACC-08974,Starter,Other,2,407,7,,0.552,14.0,1,0,29.0,2.9,97,53.88,0
ACC-08975,Starter,Other,8,97,0,0.543,0.243,57.0,0,0,42.0,4.5,235,119.61,1
ACC-08976,Starter,Other,6,79,3,0.177,0.037,19.0,2,0,34.0,4.7,47,71.68,1
ACC-08977,Starter,E-commerce,6,195,15,0.387,0.528,49.0,3,1,10.0,4.6,223,74.03,0
ACC-08978,Enterprise,Other,140,339,16,0.785,0.886,543.0,0,0,62.0,,366,9035.82,0
ACC-08979,Growth,Other,5,368,5,,0.544,107.0,2,0,-14.0,,342,193.45,0
ACC-08980,Growth,SaaS,23,173,17,0.763,0.544,153.0,1,0,50.0,3.8,301,748.86,0
ACC-08981,Growth,Other,30,171,14,0.341,0.385,203.0,2,0,65.0,5.0,4,1404.89,0
ACC-08982,Growth,E-commerce,18,43,14,0.499,0.525,245.0,3,1,20.0,3.7,390,664.54,0
ACC-08983,Growth,Other,38,821,12,0.44,,,1,0,18.0,4.0,291,1940.67,0
ACC-08984,Enterprise,Healthcare,173,240,24,0.612,0.692,101.0,1,0,7.0,2.3,201,17583.15,0
ACC-08985,Growth,E-commerce,37,589,20,0.737,0.591,70.0,4,0,18.0,,59,1940.65,0
ACC-08986,Growth,FinTech,28,448,11,0.171,0.673,202.0,3,1,2.0,4.4,8,1226.59,0
ACC-08987,Starter,SaaS,5,333,10,0.604,0.242,0.0,3,1,82.0,2.5,281,65.97,0
ACC-08988,Enterprise,SaaS,76,233,25,0.746,0.649,594.0,3,0,10.0,5.0,98,9758.26,0
ACC-08989,Starter,Healthcare,1,70,4,0.471,0.2,,2,2,52.0,,120,26.57,0
ACC-08990,Starter,Other,9,110,14,0.466,0.682,16.0,2,0,84.0,4.5,11,251.43,0
ACC-08991,Enterprise,SaaS,199,614,25,0.931,0.913,789.0,3,0,-21.0,4.0,223,17067.35,0
ACC-08992,Starter,SaaS,7,414,1,0.298,0.271,49.0,3,0,62.0,4.0,157,175.33,0
ACC-08993,Starter,E-commerce,1,871,14,0.762,0.183,,0,0,17.0,3.2,289,14.38,0
ACC-08994,Starter,FinTech,4,144,2,0.354,0.277,45.0,3,1,45.0,,15,67.59,0
ACC-08995,Growth,SaaS,29,838,10,,,185.0,5,1,31.0,4.7,218,752.88,1
ACC-08996,Enterprise,SaaS,162,90,23,0.683,0.76,,1,0,19.0,3.9,31,21121.58,0
ACC-08997,Enterprise,E-commerce,25,663,25,1.0,0.581,525.0,1,0,33.0,3.3,376,1598.58,0
ACC-08998,Growth,E-commerce,8,864,13,,0.49,156.0,2,0,28.0,4.2,262,433.74,0
ACC-08999,Enterprise,Other,178,150,17,,0.669,582.0,1,0,67.0,4.2,140,23782.5,0
ACC-09000,Growth,FinTech,37,435,12,0.668,,145.0,1,0,26.0,2.4,277,1679.52,0
